ts,date,hour,dow,15분,30분,45분,60분,kw_hour_avg,prod,temp,humidity,wind,rain,labor_mult,tariff_season,hour_repaired,dup_group,dup_group_size,is_copy_day
2021-01-01 00:00:00,2021-01-01,0,5,62,61,61,61,61,0,-3.2,71,2.4,0.0,1.5,109.8,False,0,1,False
2021-01-01 01:00:00,2021-01-01,1,5,96,93,116,113,105,0,-4.5,77,1.5,0.0,1.5,109.8,False,0,1,False
2021-01-01 02:00:00,2021-01-01,2,5,106,96,106,107,104,0,-3.9,58,2.6,0.0,1.5,109.8,False,0,1,False
2021-01-01 03:00:00,2021-01-01,3,5,92,110,110,109,105,0,-4.1,56,2.6,0.0,1.5,109.8,False,0,1,False
2021-01-01 04:00:00,2021-01-01,4,5,108,105,106,108,107,0,-4.6,60,2.6,0.0,1.5,109.8,False,0,1,False
2021-01-01 05:00:00,2021-01-01,5,5,89,83,99,98,92,0,-5.5,66,2.1,0.0,1.5,109.8,False,0,1,False
2021-01-01 06:00:00,2021-01-01,6,5,102,111,110,103,107,0,-5.6,67,1.5,0.0,1.5,109.8,False,0,1,False
2021-01-01 07:00:00,2021-01-01,7,5,92,75,48,29,61,0,-6.8,73,0.6,0.0,1.5,109.8,False,0,1,False
2021-01-01 08:00:00,2021-01-01,8,5,27,25,22,22,24,0,-5.6,72,0.0,0.0,1.5,109.8,False,0,1,False
2021-01-01 09:00:00,2021-01-01,9,5,22,22,22,22,22,0,-3.3,62,1.2,0.0,1.0,109.8,False,0,1,False
2021-01-01 10:00:00,2021-01-01,10,5,22,22,22,22,22,0,-1.2,54,2.1,0.0,1.0,109.8,False,0,1,False
2021-01-01 11:00:00,2021-01-01,11,5,22,23,28,27,25,0,-0.1,50,3.5,0.0,1.0,109.8,False,0,1,False
2021-01-01 12:00:00,2021-01-01,12,5,22,23,22,22,22,0,1.5,45,2.8,0.0,1.0,109.8,False,0,1,False
2021-01-01 13:00:00,2021-01-01,13,5,22,23,22,22,22,0,2.6,44,3.5,0.0,1.0,109.8,False,0,1,False
2021-01-01 14:00:00,2021-01-01,14,5,22,23,22,23,23,0,2.6,43,3.3,0.0,1.0,109.8,False,0,1,False
2021-01-01 15:00:00,2021-01-01,15,5,28,26,23,22,25,0,3.5,42,3.0,0.0,1.0,109.8,False,0,1,False
2021-01-01 16:00:00,2021-01-01,16,5,23,23,22,23,23,0,3.0,43,3.1,0.0,1.0,109.8,False,0,1,False
2021-01-01 17:00:00,2021-01-01,17,5,22,22,22,23,22,0,2.2,50,1.6,0.0,1.0,109.8,False,0,1,False
2021-01-01 18:00:00,2021-01-01,18,5,22,23,27,27,25,0,1.1,55,1.2,0.0,1.5,109.8,False,0,1,False
2021-01-01 19:00:00,2021-01-01,19,5,22,22,22,22,22,0,1.3,55,1.1,0.0,1.5,109.8,False,0,1,False
2021-01-01 20:00:00,2021-01-01,20,5,22,22,22,22,22,0,1.2,57,1.8,0.0,1.5,109.8,False,0,1,False
2021-01-01 21:00:00,2021-01-01,21,5,23,22,22,27,24,0,0.9,59,1.6,0.0,1.5,109.8,False,0,1,False
2021-01-01 22:00:00,2021-01-01,22,5,26,22,22,22,23,0,-0.2,63,1.8,0.0,1.5,109.8,False,0,1,False
2021-01-01 23:00:00,2021-01-01,23,5,22,22,22,22,22,0,0.0,57,1.9,0.0,1.5,109.8,False,0,1,False
2021-01-02 00:00:00,2021-01-02,0,6,63,63,64,63,63,0,-0.7,60,1.1,0.0,1.5,109.8,False,1,7,False
2021-01-02 01:00:00,2021-01-02,1,6,96,93,116,113,105,0,-1.7,64,1.0,0.0,1.5,109.8,False,1,7,False
2021-01-02 02:00:00,2021-01-02,2,6,106,96,106,107,104,0,-2.5,66,1.7,0.0,1.5,109.8,False,1,7,False
2021-01-02 03:00:00,2021-01-02,3,6,92,110,110,109,105,0,-2.4,72,0.8,0.0,1.5,109.8,False,1,7,False
2021-01-02 04:00:00,2021-01-02,4,6,108,105,106,108,107,0,-1.4,74,1.8,0.0,1.5,109.8,False,1,7,False
2021-01-02 05:00:00,2021-01-02,5,6,89,83,99,98,92,0,-1.1,74,1.5,0.0,1.5,109.8,False,1,7,False
2021-01-02 06:00:00,2021-01-02,6,6,102,111,110,103,107,0,-0.7,68,2.1,0.0,1.5,109.8,False,1,7,False
2021-01-02 07:00:00,2021-01-02,7,6,92,75,48,29,61,0,-2.1,74,0.2,0.0,1.5,109.8,False,1,7,False
2021-01-02 08:00:00,2021-01-02,8,6,27,25,22,22,24,0,-1.9,65,1.4,0.0,1.5,109.8,False,1,7,False
2021-01-02 09:00:00,2021-01-02,9,6,22,22,22,22,22,0,0.1,56,0.9,0.0,1.0,109.8,False,1,7,False
2021-01-02 10:00:00,2021-01-02,10,6,22,22,22,22,22,0,1.0,58,1.4,0.0,1.0,109.8,False,1,7,False
2021-01-02 11:00:00,2021-01-02,11,6,22,23,28,27,25,0,1.4,43,2.3,0.0,1.0,109.8,False,1,7,False
2021-01-02 12:00:00,2021-01-02,12,6,22,23,22,22,22,0,2.6,39,3.1,0.0,1.0,109.8,False,1,7,False
2021-01-02 13:00:00,2021-01-02,13,6,22,23,22,22,22,0,2.6,35,4.1,0.0,1.0,109.8,False,1,7,False
2021-01-02 14:00:00,2021-01-02,14,6,22,23,22,23,23,0,2.6,31,4.4,0.0,1.0,109.8,False,1,7,False
2021-01-02 15:00:00,2021-01-02,15,6,28,26,23,22,25,0,2.6,30,3.5,0.0,1.0,109.8,False,1,7,False
2021-01-02 16:00:00,2021-01-02,16,6,23,23,22,23,23,0,2.4,27,3.7,0.0,1.0,109.8,False,1,7,False
2021-01-02 17:00:00,2021-01-02,17,6,22,22,22,23,22,0,1.2,26,3.6,0.0,1.0,109.8,False,1,7,False
2021-01-02 18:00:00,2021-01-02,18,6,22,23,27,27,25,0,0.3,28,3.0,0.0,1.5,109.8,False,1,7,False
2021-01-02 19:00:00,2021-01-02,19,6,22,22,22,22,22,0,-0.6,30,3.2,0.0,1.5,109.8,False,1,7,False
2021-01-02 20:00:00,2021-01-02,20,6,22,22,22,22,22,0,-0.9,30,3.3,0.0,1.5,109.8,False,1,7,False
2021-01-02 21:00:00,2021-01-02,21,6,23,22,22,27,24,0,-1.2,31,2.8,0.0,1.5,109.8,False,1,7,False
2021-01-02 22:00:00,2021-01-02,22,6,26,22,22,22,23,0,-1.7,33,3.1,0.0,1.5,109.8,False,1,7,False
2021-01-02 23:00:00,2021-01-02,23,6,22,22,22,22,22,0,-2.1,35,2.9,0.0,1.5,109.8,False,1,7,False
2021-01-03 00:00:00,2021-01-03,0,7,22,22,22,22,22,0,-2.1,34,2.8,0.0,1.5,109.8,False,2,2,False
2021-01-03 01:00:00,2021-01-03,1,7,24,27,24,24,25,0,-2.5,35,2.1,0.0,1.5,109.8,False,2,2,False
2021-01-03 02:00:00,2021-01-03,2,7,22,22,22,22,22,0,-2.5,34,2.9,0.0,1.5,109.8,False,2,2,False
2021-01-03 03:00:00,2021-01-03,3,7,22,22,22,22,22,0,-2.5,36,3.3,0.0,1.5,109.8,False,2,2,False
2021-01-03 04:00:00,2021-01-03,4,7,22,24,27,22,24,0,-2.2,35,3.3,0.0,1.5,109.8,False,2,2,False
2021-01-03 05:00:00,2021-01-03,5,7,22,22,22,22,22,0,-2.5,39,3.5,0.0,1.5,109.8,False,2,2,False
2021-01-03 06:00:00,2021-01-03,6,7,22,22,22,22,22,0,-2.3,39,3.6,0.0,1.5,109.8,False,2,2,False
2021-01-03 07:00:00,2021-01-03,7,7,21,23,26,25,24,0,-2.5,38,4.7,0.0,1.5,109.8,False,2,2,False
2021-01-03 08:00:00,2021-01-03,8,7,22,22,22,22,22,0,-2.3,32,4.2,0.0,1.5,109.8,False,2,2,False
2021-01-03 09:00:00,2021-01-03,9,7,24,22,22,22,23,0,-2.5,29,3.2,0.0,1.0,109.8,False,2,2,False
2021-01-03 10:00:00,2021-01-03,10,7,22,22,22,25,23,0,-1.3,27,4.3,0.0,1.0,109.8,False,2,2,False
2021-01-03 11:00:00,2021-01-03,11,7,27,24,22,22,24,0,0.0,25,3.5,0.0,1.0,109.8,False,2,2,False
2021-01-03 12:00:00,2021-01-03,12,7,22,22,22,22,22,0,1.1,23,3.8,0.0,1.0,109.8,False,2,2,False
2021-01-03 13:00:00,2021-01-03,13,7,22,22,22,22,22,0,2.5,22,3.8,0.0,1.0,109.8,False,2,2,False
2021-01-03 14:00:00,2021-01-03,14,7,22,24,27,24,24,0,2.5,24,3.6,0.0,1.0,109.8,False,2,2,False
2021-01-03 15:00:00,2021-01-03,15,7,22,22,22,22,22,0,2.3,27,3.1,0.0,1.0,109.8,False,2,2,False
2021-01-03 16:00:00,2021-01-03,16,7,24,22,23,22,23,0,1.7,29,2.5,0.0,1.0,109.8,False,2,2,False
2021-01-03 17:00:00,2021-01-03,17,7,22,22,22,25,23,0,1.2,31,1.9,0.0,1.0,109.8,False,2,2,False
2021-01-03 18:00:00,2021-01-03,18,7,27,22,22,22,23,0,0.9,33,1.8,0.0,1.5,109.8,False,2,2,False
2021-01-03 19:00:00,2021-01-03,19,7,22,22,22,22,22,0,0.9,34,1.8,0.0,1.5,109.8,False,2,2,False
2021-01-03 20:00:00,2021-01-03,20,7,22,22,22,22,22,0,0.6,37,1.7,0.0,1.5,109.8,False,2,2,False
2021-01-03 21:00:00,2021-01-03,21,7,26,27,25,22,25,0,0.4,37,2.3,0.0,1.5,109.8,False,2,2,False
2021-01-03 22:00:00,2021-01-03,22,7,23,23,23,22,23,0,0.0,38,1.8,0.0,1.5,109.8,False,2,2,False
2021-01-03 23:00:00,2021-01-03,23,7,24,22,22,22,23,0,-0.4,39,0.6,0.0,1.5,109.8,False,2,2,False
2021-01-04 00:00:00,2021-01-04,0,1,72,67,66,66,68,0,-0.1,39,1.7,0.0,1.5,109.8,False,3,4,False
2021-01-04 01:00:00,2021-01-04,1,1,96,108,119,109,108,0,-0.9,44,1.3,0.0,1.5,109.8,False,3,4,False
2021-01-04 02:00:00,2021-01-04,2,1,106,106,111,116,110,0,-0.4,42,1.4,0.0,1.5,109.8,False,3,4,False
2021-01-04 03:00:00,2021-01-04,3,1,104,105,104,113,107,0,-2.1,50,1.5,0.0,1.5,109.8,False,3,4,False
2021-01-04 04:00:00,2021-01-04,4,1,115,109,108,103,109,0,-1.9,50,1.8,0.0,1.5,109.8,False,3,4,False
2021-01-04 05:00:00,2021-01-04,5,1,85,78,91,107,90,0,-2.8,53,1.3,0.0,1.5,109.8,False,3,4,False
2021-01-04 06:00:00,2021-01-04,6,1,118,112,105,100,109,0,-4.2,60,0.7,0.0,1.5,109.8,False,3,4,False
2021-01-04 07:00:00,2021-01-04,7,1,110,125,142,136,128,0,-3.0,56,3.3,0.0,1.5,109.8,False,3,4,False
2021-01-04 08:00:00,2021-01-04,8,1,154,153,159,159,156,165,-2.7,53,4.1,0.0,1.5,109.8,False,3,4,False
2021-01-04 09:00:00,2021-01-04,9,1,158,158,159,166,160,313,-1.5,48,2.4,0.0,1.0,109.8,False,3,4,False
2021-01-04 10:00:00,2021-01-04,10,1,127,158,173,168,157,2757,0.4,39,2.4,0.0,1.0,109.8,False,3,4,False
2021-01-04 11:00:00,2021-01-04,11,1,141,150,155,149,149,983,2.1,31,2.5,0.0,1.0,109.8,False,3,4,False
2021-01-04 12:00:00,2021-01-04,12,1,81,64,94,118,89,96,4.0,30,3.3,0.0,1.0,109.8,False,3,4,False
2021-01-04 13:00:00,2021-01-04,13,1,158,158,154,151,155,791,5.4,32,3.1,0.0,1.0,109.8,False,3,4,False
2021-01-04 14:00:00,2021-01-04,14,1,143,154,151,160,152,2485,6.2,35,3.4,0.0,1.0,109.8,False,3,4,False
2021-01-04 15:00:00,2021-01-04,15,1,125,142,144,149,140,2313,6.3,35,3.2,0.0,1.0,109.8,False,3,4,False
2021-01-04 16:00:00,2021-01-04,16,1,140,141,145,140,142,1906,6.2,37,2.8,0.0,1.0,109.8,False,3,4,False
2021-01-04 17:00:00,2021-01-04,17,1,105,103,138,143,122,1725,4.6,38,1.8,0.0,1.0,109.8,False,3,4,False
2021-01-04 18:00:00,2021-01-04,18,1,139,138,135,145,139,0,3.1,42,1.5,0.0,1.5,109.8,False,3,4,False
2021-01-04 19:00:00,2021-01-04,19,1,135,119,103,94,113,0,2.1,45,1.0,0.0,1.5,109.8,False,3,4,False
2021-01-04 20:00:00,2021-01-04,20,1,91,96,105,111,101,46,1.6,47,1.0,0.0,1.5,109.8,False,3,4,False
2021-01-04 21:00:00,2021-01-04,21,1,110,105,109,109,108,40,0.5,53,0.8,0.0,1.5,109.8,False,3,4,False
2021-01-04 22:00:00,2021-01-04,22,1,96,111,111,109,107,0,0.9,52,0.4,0.0,1.5,109.8,False,3,4,False
2021-01-04 23:00:00,2021-01-04,23,1,109,112,102,65,97,52,0.2,56,0.8,0.0,1.5,109.8,False,3,4,False
2021-01-05 00:00:00,2021-01-05,0,2,22,22,26,26,24,0,0.1,58,0.5,0.0,1.5,109.8,False,4,15,False
2021-01-05 01:00:00,2021-01-05,1,2,21,21,21,22,21,0,0.3,60,0.9,0.0,1.5,109.8,False,4,15,False
2021-01-05 02:00:00,2021-01-05,2,2,21,21,21,22,21,0,0.2,60,0.4,0.0,1.5,109.8,False,4,15,False
2021-01-05 03:00:00,2021-01-05,3,2,22,22,22,24,23,0,-0.1,63,0.7,0.0,1.5,109.8,False,4,15,False
2021-01-05 04:00:00,2021-01-05,4,2,26,24,22,21,23,0,1.7,58,1.8,0.0,1.5,109.8,False,4,15,False
2021-01-05 05:00:00,2021-01-05,5,2,21,21,21,22,21,0,1.5,61,1.0,0.0,1.5,109.8,False,4,15,False
2021-01-05 06:00:00,2021-01-05,6,2,22,21,21,21,21,0,1.0,62,1.6,0.0,1.5,109.8,False,4,15,False
2021-01-05 07:00:00,2021-01-05,7,2,21,26,26,22,24,0,-0.4,67,0.5,0.0,1.5,109.8,False,4,15,False
2021-01-05 08:00:00,2021-01-05,8,2,21,21,21,21,21,0,0.6,67,2.1,0.0,1.5,109.8,False,4,15,False
2021-01-05 09:00:00,2021-01-05,9,2,21,21,21,21,21,0,2.0,64,2.7,0.0,1.0,109.8,False,4,15,False
2021-01-05 10:00:00,2021-01-05,10,2,21,21,22,26,23,0,4.1,64,2.0,0.0,1.0,109.8,False,4,15,False
2021-01-05 11:00:00,2021-01-05,11,2,25,21,21,21,22,0,4.6,52,3.0,0.0,1.0,109.8,False,4,15,False
2021-01-05 12:00:00,2021-01-05,12,2,21,21,21,21,21,0,5.7,31,3.4,0.0,1.0,109.8,False,4,15,False
2021-01-05 13:00:00,2021-01-05,13,2,21,21,21,21,21,0,4.7,29,3.5,0.0,1.0,109.8,False,4,15,False
2021-01-05 14:00:00,2021-01-05,14,2,24,25,21,21,23,0,3.4,28,3.8,0.0,1.0,109.8,False,4,15,False
2021-01-05 15:00:00,2021-01-05,15,2,21,21,21,21,21,0,3.1,32,3.1,0.0,1.0,109.8,False,4,15,False
2021-01-05 16:00:00,2021-01-05,16,2,21,21,21,21,21,0,2.1,33,2.8,0.0,1.0,109.8,False,4,15,False
2021-01-05 17:00:00,2021-01-05,17,2,24,26,22,21,23,0,1.3,34,2.3,0.0,1.0,109.8,False,4,15,False
2021-01-05 18:00:00,2021-01-05,18,2,21,21,21,21,21,0,0.6,33,2.4,0.0,1.5,109.8,False,4,15,False
2021-01-05 19:00:00,2021-01-05,19,2,21,21,21,21,21,0,-0.3,29,1.5,0.0,1.5,109.8,False,4,15,False
2021-01-05 20:00:00,2021-01-05,20,2,22,26,24,21,23,0,-0.7,27,1.9,0.0,1.5,109.8,False,4,15,False
2021-01-05 21:00:00,2021-01-05,21,2,21,21,21,22,21,0,-1.8,30,1.7,0.0,1.5,109.8,False,4,15,False
2021-01-05 22:00:00,2021-01-05,22,2,21,21,21,21,21,0,-2.3,29,2.7,0.0,1.5,109.8,False,4,15,False
2021-01-05 23:00:00,2021-01-05,23,2,21,24,26,25,24,0,-3.7,34,1.6,0.0,1.5,109.8,False,4,15,False
2021-01-06 00:00:00,2021-01-06,0,3,22,22,26,26,24,0,-4.5,37,2.5,0.0,1.5,109.8,False,4,15,True
2021-01-06 01:00:00,2021-01-06,1,3,21,21,21,22,21,0,-4.9,39,4.4,0.0,1.5,109.8,False,4,15,True
2021-01-06 02:00:00,2021-01-06,2,3,21,21,21,22,21,0,-5.5,43,4.8,0.0,1.5,109.8,False,4,15,True
2021-01-06 03:00:00,2021-01-06,3,3,22,22,22,24,23,0,-5.9,43,3.9,0.0,1.5,109.8,False,4,15,True
2021-01-06 04:00:00,2021-01-06,4,3,26,24,22,21,23,0,-6.5,42,3.3,0.0,1.5,109.8,False,4,15,True
2021-01-06 05:00:00,2021-01-06,5,3,21,21,21,22,21,0,-6.8,43,3.3,0.0,1.5,109.8,False,4,15,True
2021-01-06 06:00:00,2021-01-06,6,3,22,21,21,21,21,0,-7.1,50,3.7,0.0,1.5,109.8,False,4,15,True
2021-01-06 07:00:00,2021-01-06,7,3,21,26,26,22,24,0,-7.5,52,1.7,0.0,1.5,109.8,False,4,15,True
2021-01-06 08:00:00,2021-01-06,8,3,21,21,21,21,21,0,-6.6,46,4.6,0.0,1.5,109.8,False,4,15,True
2021-01-06 09:00:00,2021-01-06,9,3,21,21,21,21,21,0,-6.4,50,4.2,0.0,1.0,109.8,False,4,15,True
2021-01-06 10:00:00,2021-01-06,10,3,21,21,22,26,23,0,-4.7,45,3.5,0.0,1.0,109.8,False,4,15,True
2021-01-06 11:00:00,2021-01-06,11,3,25,21,21,21,22,0,-2.5,36,4.6,0.0,1.0,109.8,False,4,15,True
2021-01-06 12:00:00,2021-01-06,12,3,21,21,21,21,21,0,-0.9,35,5.0,0.0,1.0,109.8,False,4,15,True
2021-01-06 13:00:00,2021-01-06,13,3,21,21,21,21,21,0,-0.4,35,4.8,0.0,1.0,109.8,False,4,15,True
2021-01-06 14:00:00,2021-01-06,14,3,24,25,21,21,23,0,-0.1,34,4.2,0.0,1.0,109.8,False,4,15,True
2021-01-06 15:00:00,2021-01-06,15,3,21,21,21,21,21,0,0.6,32,3.1,0.0,1.0,109.8,False,4,15,True
2021-01-06 16:00:00,2021-01-06,16,3,21,21,21,21,21,0,0.7,32,1.6,0.0,1.0,109.8,False,4,15,True
2021-01-06 17:00:00,2021-01-06,17,3,24,26,22,21,23,0,-0.1,34,1.3,0.0,1.0,109.8,False,4,15,True
2021-01-06 18:00:00,2021-01-06,18,3,21,21,21,21,21,0,-1.5,38,1.9,0.0,1.5,109.8,False,4,15,True
2021-01-06 19:00:00,2021-01-06,19,3,21,21,21,21,21,0,-2.0,39,1.8,0.0,1.5,109.8,False,4,15,True
2021-01-06 20:00:00,2021-01-06,20,3,22,26,24,21,23,0,-1.9,40,0.8,0.0,1.5,109.8,False,4,15,True
2021-01-06 21:00:00,2021-01-06,21,3,21,21,21,22,21,0,-2.5,42,1.2,0.0,1.5,109.8,False,4,15,True
2021-01-06 22:00:00,2021-01-06,22,3,21,21,21,21,21,0,-3.3,48,1.0,0.0,1.5,109.8,False,4,15,True
2021-01-06 23:00:00,2021-01-06,23,3,21,24,26,25,24,0,-1.8,50,2.5,0.0,1.5,109.8,False,4,15,True
2021-01-07 00:00:00,2021-01-07,0,4,22,22,22,25,23,0,-2.2,53,0.9,0.0,1.5,109.8,False,5,2,False
2021-01-07 01:00:00,2021-01-07,1,4,26,22,22,22,23,34,-2.3,55,1.3,0.0,1.5,109.8,False,5,2,False
2021-01-07 02:00:00,2021-01-07,2,4,22,21,21,22,22,0,-1.2,55,3.2,0.0,1.5,109.8,False,5,2,False
2021-01-07 03:00:00,2021-01-07,3,4,22,22,22,23,22,56,-1.0,55,3.0,0.0,1.5,109.8,False,5,2,False
2021-01-07 04:00:00,2021-01-07,4,4,22,26,26,23,24,278,-1.4,43,4.0,0.0,1.5,109.8,False,5,2,False
2021-01-07 05:00:00,2021-01-07,5,4,22,22,22,22,22,0,-5.9,85,4.4,0.2,1.5,109.8,False,5,2,False
2021-01-07 06:00:00,2021-01-07,6,4,24,21,22,22,22,20,-6.0,55,4.9,0.2,1.5,109.8,False,5,2,False
2021-01-07 07:00:00,2021-01-07,7,4,24,44,67,90,56,2841,-6.8,53,4.5,0.2,1.5,109.8,False,5,2,False
2021-01-07 08:00:00,2021-01-07,8,4,151,169,182,182,171,538,-8.6,52,4.5,0.2,1.5,109.8,False,5,2,False
2021-01-07 09:00:00,2021-01-07,9,4,179,166,157,162,166,1384,-8.0,29,5.9,0.2,1.0,109.8,False,5,2,False
2021-01-07 10:00:00,2021-01-07,10,4,137,176,159,171,161,957,-7.7,24,6.4,0.2,1.0,109.8,False,5,2,False
2021-01-07 11:00:00,2021-01-07,11,4,169,170,166,168,168,1013,-7.4,23,5.9,0.2,1.0,109.8,False,5,2,False
2021-01-07 12:00:00,2021-01-07,12,4,120,105,106,129,115,797,-7.1,21,6.1,0.2,1.0,109.8,False,5,2,False
2021-01-07 13:00:00,2021-01-07,13,4,169,173,182,175,175,1293,-6.7,20,4.8,0.2,1.0,109.8,False,5,2,False
2021-01-07 14:00:00,2021-01-07,14,4,165,176,180,177,175,2314,-6.3,21,4.4,0.2,1.0,109.8,False,5,2,False
2021-01-07 15:00:00,2021-01-07,15,4,135,166,175,174,163,1043,-6.5,18,4.7,0.2,1.0,109.8,False,5,2,False
2021-01-07 16:00:00,2021-01-07,16,4,158,166,164,173,165,1546,-6.6,19,4.6,0.2,1.0,109.8,False,5,2,False
2021-01-07 17:00:00,2021-01-07,17,4,123,118,151,151,136,451,-7.6,21,3.0,0.2,1.0,109.8,False,5,2,False
2021-01-07 18:00:00,2021-01-07,18,4,154,158,154,143,152,380,-8.4,23,3.3,0.2,1.5,109.8,False,5,2,False
2021-01-07 19:00:00,2021-01-07,19,4,141,147,131,99,130,1652,-9.0,24,2.8,0.2,1.5,109.8,False,5,2,False
2021-01-07 20:00:00,2021-01-07,20,4,101,114,108,110,108,194,-9.6,23,3.0,0.2,1.5,109.8,False,5,2,False
2021-01-07 21:00:00,2021-01-07,21,4,110,113,110,111,111,0,-9.8,23,4.1,0.2,1.5,109.8,False,5,2,False
2021-01-07 22:00:00,2021-01-07,22,4,84,100,98,97,95,2,-10.4,25,4.0,0.2,1.5,109.8,False,5,2,False
2021-01-07 23:00:00,2021-01-07,23,4,110,106,100,77,98,12,-10.6,26,3.6,0.2,1.5,109.8,False,5,2,False
2021-01-08 00:00:00,2021-01-08,0,5,64,63,63,62,63,0,-10.8,28,3.7,0.2,1.5,109.8,False,6,4,False
2021-01-08 01:00:00,2021-01-08,1,5,87,94,105,110,99,0,-11.4,31,2.6,0.0,1.5,109.8,False,6,4,False
2021-01-08 02:00:00,2021-01-08,2,5,104,98,98,111,103,2,-12.0,34,1.5,0.0,1.5,109.8,False,6,4,False
2021-01-08 03:00:00,2021-01-08,3,5,90,105,99,104,100,148,-11.6,37,2.4,0.0,1.5,109.8,False,6,4,False
2021-01-08 04:00:00,2021-01-08,4,5,105,105,100,110,105,498,-11.1,39,3.2,0.0,1.5,109.8,False,6,4,False
2021-01-08 05:00:00,2021-01-08,5,5,82,72,94,101,87,33,-11.6,42,4.0,0.0,1.5,109.8,False,6,4,False
2021-01-08 06:00:00,2021-01-08,6,5,109,104,96,81,98,60,-11.7,44,4.4,0.0,1.5,109.8,False,6,4,False
2021-01-08 07:00:00,2021-01-08,7,5,72,77,107,117,93,1507,-11.6,44,4.3,0.0,1.5,109.8,False,6,4,False
2021-01-08 08:00:00,2021-01-08,8,5,141,154,161,160,154,777,-11.9,43,3.1,0.0,1.5,109.8,False,6,4,False
2021-01-08 09:00:00,2021-01-08,9,5,165,160,160,156,160,325,-10.2,34,4.5,0.0,1.0,109.8,False,6,4,False
2021-01-08 10:00:00,2021-01-08,10,5,127,153,138,150,142,2427,-9.1,30,5.4,0.0,1.0,109.8,False,6,4,False
2021-01-08 11:00:00,2021-01-08,11,5,159,160,167,171,164,695,-7.9,28,5.0,0.0,1.0,109.8,False,6,4,False
2021-01-08 12:00:00,2021-01-08,12,5,106,87,94,124,103,48,-6.5,28,2.8,0.0,1.0,109.8,False,6,4,False
2021-01-08 13:00:00,2021-01-08,13,5,157,174,168,160,165,4386,-5.6,28,3.4,0.0,1.0,109.8,False,6,4,False
2021-01-08 14:00:00,2021-01-08,14,5,156,164,167,176,166,1270,-5.4,30,4.2,0.0,1.0,109.8,False,6,4,False
2021-01-08 15:00:00,2021-01-08,15,5,139,173,153,180,161,3947,-5.0,30,4.3,0.0,1.0,109.8,False,6,4,False
2021-01-08 16:00:00,2021-01-08,16,5,150,166,164,152,158,613,-4.6,31,2.4,0.0,1.0,109.8,False,6,4,False
2021-01-08 17:00:00,2021-01-08,17,5,127,110,147,161,136,184,-5.8,34,2.5,0.0,1.0,109.8,False,6,4,False
2021-01-08 18:00:00,2021-01-08,18,5,150,156,152,157,154,754,-7.0,38,0.9,0.0,1.5,109.8,False,6,4,False
2021-01-08 19:00:00,2021-01-08,19,5,155,144,140,128,142,4008,-7.5,39,1.0,0.0,1.5,109.8,False,6,4,False
2021-01-08 20:00:00,2021-01-08,20,5,134,132,117,132,129,0,-7.4,31,3.8,0.0,1.5,109.8,False,6,4,False
2021-01-08 21:00:00,2021-01-08,21,5,132,123,116,114,121,28,-8.0,31,4.2,0.0,1.5,109.8,False,6,4,False
2021-01-08 22:00:00,2021-01-08,22,5,91,109,115,113,107,30,-8.8,36,2.6,0.0,1.5,109.8,False,6,4,False
2021-01-08 23:00:00,2021-01-08,23,5,105,114,104,82,101,43,-9.3,41,2.7,0.0,1.5,109.8,False,6,4,False
2021-01-09 00:00:00,2021-01-09,0,6,72,69,65,65,68,0,-9.4,42,3.1,0.0,1.5,109.8,False,7,1,False
2021-01-09 01:00:00,2021-01-09,1,6,92,97,103,103,99,32,-9.6,45,4.5,0.0,1.5,109.8,False,7,1,False
2021-01-09 02:00:00,2021-01-09,2,6,107,106,99,103,104,0,-9.7,46,4.1,0.0,1.5,109.8,False,7,1,False
2021-01-09 03:00:00,2021-01-09,3,6,92,110,110,109,105,23,-9.5,46,4.7,0.0,1.5,109.8,False,7,1,False
2021-01-09 04:00:00,2021-01-09,4,6,108,105,106,108,107,0,-10.2,49,4.1,0.0,1.5,109.8,False,7,1,False
2021-01-09 05:00:00,2021-01-09,5,6,89,83,99,98,92,0,-10.5,50,3.7,0.0,1.5,109.8,False,7,1,False
2021-01-09 06:00:00,2021-01-09,6,6,102,111,110,103,107,64,-10.0,47,3.6,0.0,1.5,109.8,False,7,1,False
2021-01-09 07:00:00,2021-01-09,7,6,92,75,48,29,61,548,-10.3,49,2.4,0.0,1.5,109.8,False,7,1,False
2021-01-09 08:00:00,2021-01-09,8,6,27,25,22,22,24,0,-9.7,47,4.3,0.0,1.5,109.8,False,7,1,False
2021-01-09 09:00:00,2021-01-09,9,6,22,22,22,22,22,0,-7.8,40,2.9,0.0,1.0,109.8,False,7,1,False
2021-01-09 10:00:00,2021-01-09,10,6,22,22,22,22,22,0,-6.5,32,3.0,0.0,1.0,109.8,False,7,1,False
2021-01-09 11:00:00,2021-01-09,11,6,22,23,28,27,25,0,-5.3,27,4.3,0.0,1.0,109.8,False,7,1,False
2021-01-09 12:00:00,2021-01-09,12,6,119,102,96,122,110,0,-4.1,25,4.2,0.0,1.0,109.8,False,7,1,False
2021-01-09 13:00:00,2021-01-09,13,6,159,162,175,181,169,0,-3.7,25,4.7,0.0,1.0,109.8,False,7,1,False
2021-01-09 14:00:00,2021-01-09,14,6,22,23,22,23,23,0,-3.0,25,4.5,0.0,1.0,109.8,False,7,1,False
2021-01-09 15:00:00,2021-01-09,15,6,28,26,23,22,25,0,-2.3,27,3.6,0.0,1.0,109.8,False,7,1,False
2021-01-09 16:00:00,2021-01-09,16,6,159,146,144,154,151,0,-2.2,29,2.9,0.0,1.0,109.8,False,7,1,False
2021-01-09 17:00:00,2021-01-09,17,6,108,104,144,161,129,0,-3.1,33,2.7,0.0,1.0,109.8,False,7,1,False
2021-01-09 18:00:00,2021-01-09,18,6,156,156,161,145,155,0,-4.1,39,2.9,0.0,1.5,109.8,False,7,1,False
2021-01-09 19:00:00,2021-01-09,19,6,148,136,131,111,132,0,-5.2,43,2.6,0.0,1.5,109.8,False,7,1,False
2021-01-09 20:00:00,2021-01-09,20,6,106,112,106,113,109,0,-5.8,37,3.8,0.0,1.5,109.8,False,7,1,False
2021-01-09 21:00:00,2021-01-09,21,6,107,110,100,103,105,0,-6.4,37,4.2,0.0,1.5,109.8,False,7,1,False
2021-01-09 22:00:00,2021-01-09,22,6,26,22,22,22,23,0,-6.7,40,4.6,0.0,1.5,109.8,False,7,1,False
2021-01-09 23:00:00,2021-01-09,23,6,106,95,98,79,95,0,-7.2,43,4.4,0.0,1.5,109.8,False,7,1,False
2021-01-10 00:00:00,2021-01-10,0,7,64,64,64,67,65,0,-7.3,45,2.4,0.0,1.5,109.8,False,8,1,False
2021-01-10 01:00:00,2021-01-10,1,7,96,107,104,103,103,0,-7.2,48,4.2,0.0,1.5,109.8,False,8,1,False
2021-01-10 02:00:00,2021-01-10,2,7,103,109,101,104,104,0,-7.4,50,2.8,0.0,1.5,109.8,False,8,1,False
2021-01-10 03:00:00,2021-01-10,3,7,89,104,100,104,99,0,-7.3,54,2.6,0.0,1.5,109.8,False,8,1,False
2021-01-10 04:00:00,2021-01-10,4,7,22,24,27,22,24,0,-8.1,57,2.3,0.0,1.5,109.8,False,8,1,False
2021-01-10 05:00:00,2021-01-10,5,7,22,22,22,22,22,0,-8.5,59,2.8,0.0,1.5,109.8,False,8,1,False
2021-01-10 06:00:00,2021-01-10,6,7,22,22,22,22,22,0,-8.2,57,3.3,0.0,1.5,109.8,False,8,1,False
2021-01-10 07:00:00,2021-01-10,7,7,21,23,26,25,24,0,-7.6,54,2.7,0.0,1.5,109.8,False,8,1,False
2021-01-10 08:00:00,2021-01-10,8,7,142,157,156,165,155,0,-7.1,54,2.7,0.0,1.5,109.8,False,8,1,False
2021-01-10 09:00:00,2021-01-10,9,7,24,22,22,22,23,0,-5.9,49,2.8,0.0,1.0,109.8,False,8,1,False
2021-01-10 10:00:00,2021-01-10,10,7,134,169,177,175,164,0,-3.4,42,2.0,0.0,1.0,109.8,False,8,1,False
2021-01-10 11:00:00,2021-01-10,11,7,161,149,168,165,161,0,-1.5,33,3.5,0.0,1.0,109.8,False,8,1,False
2021-01-10 12:00:00,2021-01-10,12,7,22,22,22,22,22,0,0.9,32,2.4,0.0,1.0,109.8,False,8,1,False
2021-01-10 13:00:00,2021-01-10,13,7,22,22,22,22,22,0,0.8,32,3.9,0.0,1.0,109.8,False,8,1,False
2021-01-10 14:00:00,2021-01-10,14,7,153,162,169,165,162,0,1.5,30,3.6,0.0,1.0,109.8,False,8,1,False
2021-01-10 15:00:00,2021-01-10,15,7,22,22,22,22,22,0,1.8,31,3.0,0.0,1.0,109.8,False,8,1,False
2021-01-10 16:00:00,2021-01-10,16,7,24,22,23,22,23,0,1.3,33,3.4,0.0,1.0,109.8,False,8,1,False
2021-01-10 17:00:00,2021-01-10,17,7,22,22,22,25,23,0,0.3,35,2.5,0.0,1.0,109.8,False,8,1,False
2021-01-10 18:00:00,2021-01-10,18,7,122,123,123,121,122,0,-0.5,37,1.9,0.0,1.5,109.8,False,8,1,False
2021-01-10 19:00:00,2021-01-10,19,7,22,22,22,22,22,0,-1.2,39,2.2,0.0,1.5,109.8,False,8,1,False
2021-01-10 20:00:00,2021-01-10,20,7,22,22,22,22,22,0,-2.1,42,2.3,0.0,1.5,109.8,False,8,1,False
2021-01-10 21:00:00,2021-01-10,21,7,141,132,128,115,129,0,-2.4,43,2.5,0.0,1.5,109.8,False,8,1,False
2021-01-10 22:00:00,2021-01-10,22,7,108,124,122,116,118,0,-3.3,46,1.9,0.0,1.5,109.8,False,8,1,False
2021-01-10 23:00:00,2021-01-10,23,7,115,113,103,88,105,0,-3.3,45,2.1,0.0,1.5,109.8,False,8,1,False
2021-01-11 00:00:00,2021-01-11,0,1,72,70,69,68,70,0,-4.3,50,1.5,0.0,1.5,109.8,False,9,4,False
2021-01-11 01:00:00,2021-01-11,1,1,100,103,112,113,107,0,-4.2,53,2.4,0.0,1.5,109.8,False,9,4,False
2021-01-11 02:00:00,2021-01-11,2,1,106,95,105,111,104,0,-4.2,55,2.7,0.0,1.5,109.8,False,9,4,False
2021-01-11 03:00:00,2021-01-11,3,1,98,107,103,96,101,0,-3.9,54,2.0,0.0,1.5,109.8,False,9,4,False
2021-01-11 04:00:00,2021-01-11,4,1,113,114,110,108,111,0,-4.0,57,2.4,0.0,1.5,109.8,False,9,4,False
2021-01-11 05:00:00,2021-01-11,5,1,83,76,97,103,90,0,-4.8,58,2.4,0.0,1.5,109.8,False,9,4,False
2021-01-11 06:00:00,2021-01-11,6,1,107,107,107,100,105,0,-4.6,58,2.5,0.0,1.5,109.8,False,9,4,False
2021-01-11 07:00:00,2021-01-11,7,1,113,127,149,143,133,0,-4.1,61,2.5,0.0,1.5,109.8,False,9,4,False
2021-01-11 08:00:00,2021-01-11,8,1,155,175,171,169,168,299,-3.8,62,2.7,0.0,1.5,109.8,False,9,4,False
2021-01-11 09:00:00,2021-01-11,9,1,172,157,168,175,168,710,-3.0,59,2.2,0.0,1.0,109.8,False,9,4,False
2021-01-11 10:00:00,2021-01-11,10,1,127,165,168,164,156,661,-1.3,54,1.7,0.0,1.0,109.8,False,9,4,False
2021-01-11 11:00:00,2021-01-11,11,1,174,165,168,164,168,864,0.4,48,1.4,0.0,1.0,109.8,False,9,4,False
2021-01-11 12:00:00,2021-01-11,12,1,108,93,93,122,104,368,1.7,46,1.3,0.0,1.0,109.8,False,9,4,False
2021-01-11 13:00:00,2021-01-11,13,1,160,149,155,150,154,626,1.7,46,1.2,0.0,1.0,109.8,False,9,4,False
2021-01-11 14:00:00,2021-01-11,14,1,160,157,160,157,159,2202,2.2,47,0.6,0.0,1.0,109.8,False,9,4,False
2021-01-11 15:00:00,2021-01-11,15,1,126,159,160,153,150,601,3.0,45,1.1,0.0,1.0,109.8,False,9,4,False
2021-01-11 16:00:00,2021-01-11,16,1,153,151,163,160,157,1308,2.8,46,1.5,0.0,1.0,109.8,False,9,4,False
2021-01-11 17:00:00,2021-01-11,17,1,119,107,158,159,136,683,2.8,50,1.5,0.0,1.0,109.8,False,9,4,False
2021-01-11 18:00:00,2021-01-11,18,1,152,143,145,139,145,985,1.9,55,2.5,0.0,1.5,109.8,False,9,4,False
2021-01-11 19:00:00,2021-01-11,19,1,142,135,142,125,136,1266,-0.2,54,3.0,0.0,1.5,109.8,False,9,4,False
2021-01-11 20:00:00,2021-01-11,20,1,113,120,130,120,121,608,-0.7,56,1.5,0.0,1.5,109.8,False,9,4,False
2021-01-11 21:00:00,2021-01-11,21,1,116,106,111,104,109,26,-1.2,58,0.0,0.0,1.5,109.8,False,9,4,False
2021-01-11 22:00:00,2021-01-11,22,1,92,105,110,109,104,48,-1.1,59,1.5,0.0,1.5,109.8,False,9,4,False
2021-01-11 23:00:00,2021-01-11,23,1,101,110,105,83,100,12,-1.3,56,2.0,0.0,1.5,109.8,False,9,4,False
2021-01-12 00:00:00,2021-01-12,0,2,22,22,26,26,24,0,-2.5,58,1.5,0.0,1.5,109.8,False,4,15,True
2021-01-12 01:00:00,2021-01-12,1,2,21,21,21,22,21,0,-2.6,58,2.8,0.0,1.5,109.8,False,4,15,True
2021-01-12 02:00:00,2021-01-12,2,2,21,21,21,22,21,0,-3.1,59,1.8,0.0,1.5,109.8,False,4,15,True
2021-01-12 03:00:00,2021-01-12,3,2,22,22,22,24,23,0,-3.4,58,1.9,0.0,1.5,109.8,False,4,15,True
2021-01-12 04:00:00,2021-01-12,4,2,26,24,22,21,23,0,-3.2,56,2.2,0.0,1.5,109.8,False,4,15,True
2021-01-12 05:00:00,2021-01-12,5,2,21,21,21,22,21,0,-3.6,57,2.5,0.0,1.5,109.8,False,4,15,True
2021-01-12 06:00:00,2021-01-12,6,2,22,21,21,21,21,0,-3.7,58,2.2,0.0,1.5,109.8,False,4,15,True
2021-01-12 07:00:00,2021-01-12,7,2,21,26,26,22,24,0,-4.9,64,1.2,0.0,1.5,109.8,False,4,15,True
2021-01-12 08:00:00,2021-01-12,8,2,21,21,21,21,21,0,-3.9,63,1.6,0.0,1.5,109.8,False,4,15,True
2021-01-12 09:00:00,2021-01-12,9,2,21,21,21,21,21,0,-2.0,58,1.6,0.0,1.0,109.8,False,4,15,True
2021-01-12 10:00:00,2021-01-12,10,2,21,21,22,26,23,0,-0.3,53,1.5,0.0,1.0,109.8,False,4,15,True
2021-01-12 11:00:00,2021-01-12,11,2,25,21,21,21,22,0,1.2,48,2.1,0.0,1.0,109.8,False,4,15,True
2021-01-12 12:00:00,2021-01-12,12,2,21,21,21,21,21,0,3.1,42,2.6,0.0,1.0,109.8,False,4,15,True
2021-01-12 13:00:00,2021-01-12,13,2,21,21,21,21,21,0,4.0,38,2.0,0.0,1.0,109.8,False,4,15,True
2021-01-12 14:00:00,2021-01-12,14,2,24,25,21,21,23,0,4.8,32,3.1,0.0,1.0,109.8,False,4,15,True
2021-01-12 15:00:00,2021-01-12,15,2,21,21,21,21,21,0,5.1,33,2.2,0.0,1.0,109.8,False,4,15,True
2021-01-12 16:00:00,2021-01-12,16,2,21,21,21,21,21,0,4.4,35,2.8,0.0,1.0,109.8,False,4,15,True
2021-01-12 17:00:00,2021-01-12,17,2,24,26,22,21,23,0,3.2,38,1.9,0.0,1.0,109.8,False,4,15,True
2021-01-12 18:00:00,2021-01-12,18,2,21,21,21,21,21,0,1.7,41,1.4,0.0,1.5,109.8,False,4,15,True
2021-01-12 19:00:00,2021-01-12,19,2,21,21,21,21,21,0,1.2,45,1.7,0.0,1.5,109.8,False,4,15,True
2021-01-12 20:00:00,2021-01-12,20,2,22,26,24,21,23,0,1.1,46,2.4,0.0,1.5,109.8,False,4,15,True
2021-01-12 21:00:00,2021-01-12,21,2,21,21,21,22,21,0,0.7,47,2.0,0.0,1.5,109.8,False,4,15,True
2021-01-12 22:00:00,2021-01-12,22,2,21,21,21,21,21,0,1.7,47,3.3,0.0,1.5,109.8,False,4,15,True
2021-01-12 23:00:00,2021-01-12,23,2,21,24,26,25,24,0,1.6,49,3.2,0.0,1.5,109.8,False,4,15,True
2021-01-13 00:00:00,2021-01-13,0,3,22,22,26,26,24,0,-0.4,56,0.5,0.0,1.5,109.8,False,4,15,True
2021-01-13 01:00:00,2021-01-13,1,3,21,21,21,22,21,0,0.0,58,1.2,0.0,1.5,109.8,False,4,15,True
2021-01-13 02:00:00,2021-01-13,2,3,21,21,21,22,21,0,-0.9,60,0.0,0.0,1.5,109.8,False,4,15,True
2021-01-13 03:00:00,2021-01-13,3,3,22,22,22,24,23,0,-1.5,64,0.2,0.0,1.5,109.8,False,4,15,True
2021-01-13 04:00:00,2021-01-13,4,3,26,24,22,21,23,0,-1.5,68,0.3,0.0,1.5,109.8,False,4,15,True
2021-01-13 05:00:00,2021-01-13,5,3,21,21,21,22,21,0,-1.8,70,0.2,0.0,1.5,109.8,False,4,15,True
2021-01-13 06:00:00,2021-01-13,6,3,22,21,21,21,21,0,0.5,64,1.8,0.0,1.5,109.8,False,4,15,True
2021-01-13 07:00:00,2021-01-13,7,3,21,26,26,22,24,0,-2.8,77,0.9,0.0,1.5,109.8,False,4,15,True
2021-01-13 08:00:00,2021-01-13,8,3,21,21,21,21,21,0,-0.1,67,1.6,0.0,1.5,109.8,False,4,15,True
2021-01-13 09:00:00,2021-01-13,9,3,21,21,21,21,21,0,1.3,69,0.9,0.0,1.0,109.8,False,4,15,True
2021-01-13 10:00:00,2021-01-13,10,3,21,21,22,26,23,0,4.6,52,0.3,0.0,1.0,109.8,False,4,15,True
2021-01-13 11:00:00,2021-01-13,11,3,25,21,21,21,22,0,6.3,47,1.3,0.0,1.0,109.8,False,4,15,True
2021-01-13 12:00:00,2021-01-13,12,3,21,21,21,21,21,0,9.8,41,3.6,0.0,1.0,109.8,False,4,15,True
2021-01-13 13:00:00,2021-01-13,13,3,21,21,21,21,21,0,10.5,38,4.6,0.0,1.0,109.8,False,4,15,True
2021-01-13 14:00:00,2021-01-13,14,3,24,25,21,21,23,0,10.8,32,5.2,0.0,1.0,109.8,False,4,15,True
2021-01-13 15:00:00,2021-01-13,15,3,21,21,21,21,21,0,11.2,31,5.0,0.0,1.0,109.8,False,4,15,True
2021-01-13 16:00:00,2021-01-13,16,3,21,21,21,21,21,0,11.1,34,4.0,0.0,1.0,109.8,False,4,15,True
2021-01-13 17:00:00,2021-01-13,17,3,24,26,22,21,23,0,10.3,41,4.1,0.0,1.0,109.8,False,4,15,True
2021-01-13 18:00:00,2021-01-13,18,3,21,21,21,21,21,0,9.4,45,3.6,0.0,1.5,109.8,False,4,15,True
2021-01-13 19:00:00,2021-01-13,19,3,21,21,21,21,21,0,9.1,47,3.5,0.0,1.5,109.8,False,4,15,True
2021-01-13 20:00:00,2021-01-13,20,3,22,26,24,21,23,0,8.8,50,3.2,0.0,1.5,109.8,False,4,15,True
2021-01-13 21:00:00,2021-01-13,21,3,21,21,21,22,21,0,8.8,52,2.8,0.0,1.5,109.8,False,4,15,True
2021-01-13 22:00:00,2021-01-13,22,3,21,21,21,21,21,0,8.3,56,1.6,0.0,1.5,109.8,False,4,15,True
2021-01-13 23:00:00,2021-01-13,23,3,21,24,26,25,24,0,7.4,55,1.7,0.0,1.5,109.8,False,4,15,True
2021-01-14 00:00:00,2021-01-14,0,4,22,22,22,22,22,0,7.6,57,2.7,0.0,1.5,109.8,False,10,3,False
2021-01-14 01:00:00,2021-01-14,1,4,22,23,22,22,22,14,7.0,55,1.1,0.0,1.5,109.8,False,10,3,False
2021-01-14 02:00:00,2021-01-14,2,4,22,27,26,22,24,8,7.1,55,1.9,0.0,1.5,109.8,False,10,3,False
2021-01-14 03:00:00,2021-01-14,3,4,22,22,22,22,22,97,4.6,66,0.9,0.0,1.5,109.8,False,10,3,False
2021-01-14 04:00:00,2021-01-14,4,4,22,24,23,22,23,16,4.7,69,1.5,0.0,1.5,109.8,False,10,3,False
2021-01-14 05:00:00,2021-01-14,5,4,22,22,23,27,24,0,2.6,74,0.7,0.0,1.5,109.8,False,10,3,False
2021-01-14 06:00:00,2021-01-14,6,4,25,22,22,22,23,62,3.1,76,1.5,0.0,1.5,109.8,False,10,3,False
2021-01-14 07:00:00,2021-01-14,7,4,26,38,71,112,62,280,2.1,82,1.4,0.0,1.5,109.8,False,10,3,False
2021-01-14 08:00:00,2021-01-14,8,4,154,175,197,204,183,844,0.3,79,0.1,0.0,1.5,109.8,False,10,3,False
2021-01-14 09:00:00,2021-01-14,9,4,185,178,170,180,178,1104,5.9,63,2.7,0.0,1.0,109.8,False,10,3,False
2021-01-14 10:00:00,2021-01-14,10,4,157,180,180,167,171,498,7.2,57,1.9,0.0,1.0,109.8,False,10,3,False
2021-01-14 11:00:00,2021-01-14,11,4,173,190,187,175,181,1465,9.0,41,2.9,0.0,1.0,109.8,False,10,3,False
2021-01-14 12:00:00,2021-01-14,12,4,123,104,108,140,119,6345,10.1,32,3.2,0.0,1.0,109.8,False,10,3,False
2021-01-14 13:00:00,2021-01-14,13,4,175,187,192,188,186,898,12.7,16,1.4,0.0,1.0,109.8,False,10,3,False
2021-01-14 14:00:00,2021-01-14,14,4,185,174,172,176,177,535,12.7,16,1.7,0.0,1.0,109.8,False,10,3,False
2021-01-14 15:00:00,2021-01-14,15,4,148,181,190,192,178,550,12.3,28,2.1,0.0,1.0,109.8,False,10,3,False
2021-01-14 16:00:00,2021-01-14,16,4,180,168,169,168,171,1064,11.2,32,2.8,0.0,1.0,109.8,False,10,3,False
2021-01-14 17:00:00,2021-01-14,17,4,130,117,159,179,146,249,9.6,41,2.0,0.0,1.0,109.8,False,10,3,False
2021-01-14 18:00:00,2021-01-14,18,4,182,182,169,158,173,1016,7.9,51,0.4,0.0,1.5,109.8,False,10,3,False
2021-01-14 19:00:00,2021-01-14,19,4,164,158,157,122,150,2446,7.3,59,0.9,0.0,1.5,109.8,False,10,3,False
2021-01-14 20:00:00,2021-01-14,20,4,109,121,121,126,119,9,7.0,65,0.3,0.0,1.5,109.8,False,10,3,False
2021-01-14 21:00:00,2021-01-14,21,4,120,122,125,125,123,8,5.9,69,1.1,0.0,1.5,109.8,False,10,3,False
2021-01-14 22:00:00,2021-01-14,22,4,100,108,109,129,112,53,4.9,75,0.8,0.0,1.5,109.8,False,10,3,False
2021-01-14 23:00:00,2021-01-14,23,4,118,113,106,90,107,0,4.2,76,0.2,0.0,1.5,109.8,False,10,3,False
2021-01-15 00:00:00,2021-01-15,0,5,83,77,72,72,76,0,4.6,74,1.3,0.0,1.5,109.8,False,11,4,False
2021-01-15 01:00:00,2021-01-15,1,5,100,110,115,116,110,91,3.7,80,0.3,0.0,1.5,109.8,False,11,4,False
2021-01-15 02:00:00,2021-01-15,2,5,114,117,121,117,117,70,5.0,72,1.7,0.0,1.5,109.8,False,11,4,False
2021-01-15 03:00:00,2021-01-15,3,5,104,119,117,123,116,0,5.2,77,2.0,0.0,1.5,109.8,False,11,4,False
2021-01-15 04:00:00,2021-01-15,4,5,122,111,100,106,110,98,4.1,78,0.1,0.0,1.5,109.8,False,11,4,False
2021-01-15 05:00:00,2021-01-15,5,5,94,87,96,112,97,0,3.6,85,0.3,0.0,1.5,109.8,False,11,4,False
2021-01-15 06:00:00,2021-01-15,6,5,121,118,117,117,118,54,5.2,85,0.4,0.0,1.5,109.8,False,11,4,False
2021-01-15 07:00:00,2021-01-15,7,5,116,119,144,150,132,457,3.4,91,0.2,0.0,1.5,109.8,False,11,4,False
2021-01-15 08:00:00,2021-01-15,8,5,176,196,198,181,188,560,3.4,93,0.3,0.0,1.5,109.8,False,11,4,False
2021-01-15 09:00:00,2021-01-15,9,5,184,195,176,188,186,624,5.9,83,0.3,0.0,1.0,109.8,False,11,4,False
2021-01-15 10:00:00,2021-01-15,10,5,138,174,181,164,164,1090,11.7,70,3.1,0.0,1.0,109.8,False,11,4,False
2021-01-15 11:00:00,2021-01-15,11,5,162,180,167,184,173,908,14.6,61,5.2,0.0,1.0,109.8,False,11,4,False
2021-01-15 12:00:00,2021-01-15,12,5,128,105,92,122,112,1763,14.5,60,4.1,0.0,1.0,109.8,False,11,4,False
2021-01-15 13:00:00,2021-01-15,13,5,168,177,170,170,171,946,15.9,54,4.9,0.0,1.0,109.8,False,11,4,False
2021-01-15 14:00:00,2021-01-15,14,5,182,181,173,172,177,2022,15.3,54,3.4,0.0,1.0,109.8,False,11,4,False
2021-01-15 15:00:00,2021-01-15,15,5,137,168,171,176,163,614,16.0,50,3.2,0.0,1.0,109.8,False,11,4,False
2021-01-15 16:00:00,2021-01-15,16,5,166,172,181,160,170,1324,16.0,46,4.7,0.0,1.0,109.8,False,11,4,False
2021-01-15 17:00:00,2021-01-15,17,5,118,108,149,159,134,95,15.3,49,4.8,0.0,1.0,109.8,False,11,4,False
2021-01-15 18:00:00,2021-01-15,18,5,161,161,153,170,161,1019,14.0,54,3.3,0.0,1.5,109.8,False,11,4,False
2021-01-15 19:00:00,2021-01-15,19,5,162,159,154,147,156,2553,13.4,61,3.9,0.0,1.5,109.8,False,11,4,False
2021-01-15 20:00:00,2021-01-15,20,5,133,131,127,120,128,3,13.2,64,4.0,0.0,1.5,109.8,False,11,4,False
2021-01-15 21:00:00,2021-01-15,21,5,124,131,129,124,127,31,12.6,66,2.2,0.0,1.5,109.8,False,11,4,False
2021-01-15 22:00:00,2021-01-15,22,5,108,111,116,123,115,17,12.5,67,1.6,0.0,1.5,109.8,False,11,4,False
2021-01-15 23:00:00,2021-01-15,23,5,116,120,110,85,108,6,12.4,67,0.4,0.0,1.5,109.8,False,11,4,False
2021-01-16 00:00:00,2021-01-16,0,6,63,63,64,63,63,0,13.2,63,2.4,0.0,1.5,109.8,False,12,1,False
2021-01-16 01:00:00,2021-01-16,1,6,96,93,116,113,105,0,10.5,67,3.7,0.0,1.5,109.8,False,12,1,False
2021-01-16 02:00:00,2021-01-16,2,6,106,96,106,107,104,118,8.3,69,0.8,0.0,1.5,109.8,False,12,1,False
2021-01-16 03:00:00,2021-01-16,3,6,106,113,114,113,112,0,7.4,64,3.5,0.0,1.5,109.8,False,12,1,False
2021-01-16 04:00:00,2021-01-16,4,6,108,105,106,108,107,60,6.7,51,3.3,0.0,1.5,109.8,False,12,1,False
2021-01-16 05:00:00,2021-01-16,5,6,89,83,99,98,92,35,5.5,43,2.6,0.0,1.5,109.8,False,12,1,False
2021-01-16 06:00:00,2021-01-16,6,6,114,119,121,105,115,62,4.2,45,3.1,0.0,1.5,109.8,False,12,1,False
2021-01-16 07:00:00,2021-01-16,7,6,92,75,48,29,61,424,3.0,52,2.4,0.0,1.5,109.8,False,12,1,False
2021-01-16 08:00:00,2021-01-16,8,6,170,185,180,173,177,0,2.3,58,2.9,0.0,1.5,109.8,False,12,1,False
2021-01-16 09:00:00,2021-01-16,9,6,22,22,22,22,22,0,2.5,61,3.1,0.0,1.0,109.8,False,12,1,False
2021-01-16 10:00:00,2021-01-16,10,6,22,22,22,22,22,0,3.4,56,3.6,0.0,1.0,109.8,False,12,1,False
2021-01-16 11:00:00,2021-01-16,11,6,22,23,28,27,25,0,4.8,47,3.0,0.0,1.0,109.8,False,12,1,False
2021-01-16 12:00:00,2021-01-16,12,6,22,23,22,22,22,0,5.2,44,2.9,0.0,1.0,109.8,False,12,1,False
2021-01-16 13:00:00,2021-01-16,13,6,22,23,22,22,22,0,6.3,28,3.2,0.0,1.0,109.8,False,12,1,False
2021-01-16 14:00:00,2021-01-16,14,6,167,169,172,174,171,0,6.3,28,3.9,0.0,1.0,109.8,False,12,1,False
2021-01-16 15:00:00,2021-01-16,15,6,138,177,180,157,163,0,6.6,24,3.7,0.0,1.0,109.8,False,12,1,False
2021-01-16 16:00:00,2021-01-16,16,6,23,23,22,23,23,0,6.0,20,3.7,0.0,1.0,109.8,False,12,1,False
2021-01-16 17:00:00,2021-01-16,17,6,22,22,22,23,22,0,4.8,23,2.9,0.0,1.0,109.8,False,12,1,False
2021-01-16 18:00:00,2021-01-16,18,6,177,169,163,162,168,0,2.4,32,2.8,0.0,1.5,109.8,False,12,1,False
2021-01-16 19:00:00,2021-01-16,19,6,152,145,142,117,139,0,1.7,28,2.6,0.0,1.5,109.8,False,12,1,False
2021-01-16 20:00:00,2021-01-16,20,6,22,22,22,22,22,0,1.0,29,4.6,0.0,1.5,109.8,False,12,1,False
2021-01-16 21:00:00,2021-01-16,21,6,23,22,22,27,24,0,0.2,33,2.6,0.0,1.5,109.8,False,12,1,False
2021-01-16 22:00:00,2021-01-16,22,6,26,22,22,22,23,0,-0.4,35,1.8,0.0,1.5,109.8,False,12,1,False
2021-01-16 23:00:00,2021-01-16,23,6,107,119,111,85,106,0,-0.6,37,4.3,0.0,1.5,109.8,False,12,1,False
2021-01-17 00:00:00,2021-01-17,0,7,72,72,72,71,72,0,-0.9,34,4.4,0.0,1.5,109.8,False,13,4,False
2021-01-17 01:00:00,2021-01-17,1,7,96,104,108,118,107,0,-1.1,31,4.6,0.0,1.5,109.8,False,13,4,False
2021-01-17 02:00:00,2021-01-17,2,7,115,117,107,110,112,0,-2.0,39,6.6,0.0,1.5,109.8,False,13,4,False
2021-01-17 03:00:00,2021-01-17,3,7,112,118,120,115,116,0,-2.3,38,6.0,0.0,1.5,109.8,False,13,4,False
2021-01-17 04:00:00,2021-01-17,4,7,111,110,114,115,113,0,-2.7,40,7.0,0.0,1.5,109.8,False,13,4,False
2021-01-17 05:00:00,2021-01-17,5,7,98,83,96,112,97,0,-3.1,43,6.8,0.0,1.5,109.8,False,13,4,False
2021-01-17 06:00:00,2021-01-17,6,7,118,116,126,122,121,0,-3.2,37,7.3,0.0,1.5,109.8,False,13,4,False
2021-01-17 07:00:00,2021-01-17,7,7,120,124,162,158,141,0,-3.5,32,7.6,0.0,1.5,109.8,False,13,4,False
2021-01-17 08:00:00,2021-01-17,8,7,178,193,197,193,190,0,-4.1,29,5.1,0.0,1.5,109.8,False,13,4,False
2021-01-17 09:00:00,2021-01-17,9,7,188,180,173,179,180,0,-3.7,31,5.0,0.0,1.0,109.8,False,13,4,False
2021-01-17 10:00:00,2021-01-17,10,7,142,170,177,175,166,0,-2.7,28,4.8,0.0,1.0,109.8,False,13,4,False
2021-01-17 11:00:00,2021-01-17,11,7,188,190,177,177,183,0,-1.0,24,4.2,0.0,1.0,109.8,False,13,4,False
2021-01-17 12:00:00,2021-01-17,12,7,116,88,85,123,103,0,0.1,21,4.8,0.0,1.0,109.8,False,13,4,False
2021-01-17 13:00:00,2021-01-17,13,7,169,188,192,182,183,0,0.5,19,5.0,0.0,1.0,109.8,False,13,4,False
2021-01-17 14:00:00,2021-01-17,14,7,171,179,176,189,179,0,0.8,17,4.2,0.0,1.0,109.8,False,13,4,False
2021-01-17 15:00:00,2021-01-17,15,7,147,179,179,174,170,0,1.1,18,3.0,0.0,1.0,109.8,False,13,4,False
2021-01-17 16:00:00,2021-01-17,16,7,166,164,170,174,169,24,1.3,19,2.5,0.0,1.0,109.8,False,13,4,False
2021-01-17 17:00:00,2021-01-17,17,7,132,118,144,158,138,0,0.2,21,3.0,0.0,1.0,109.8,False,13,4,False
2021-01-17 18:00:00,2021-01-17,18,7,171,166,177,167,170,0,-0.7,26,1.8,0.0,1.5,109.8,False,13,4,False
2021-01-17 19:00:00,2021-01-17,19,7,160,160,169,147,159,0,-1.4,29,1.7,0.0,1.5,109.8,False,13,4,False
2021-01-17 20:00:00,2021-01-17,20,7,133,143,143,135,139,0,-2.1,31,1.7,0.0,1.5,109.8,False,13,4,False
2021-01-17 21:00:00,2021-01-17,21,7,125,134,125,123,127,0,-1.9,31,1.8,0.0,1.5,109.8,False,13,4,False
2021-01-17 22:00:00,2021-01-17,22,7,119,128,126,127,125,0,-2.0,30,2.7,0.0,1.5,109.8,False,13,4,False
2021-01-17 23:00:00,2021-01-17,23,7,125,120,105,94,111,0,-2.3,32,3.4,0.0,1.5,109.8,False,13,4,False
2021-01-18 00:00:00,2021-01-18,0,1,90,82,75,73,80,0,-3.2,37,1.3,0.0,1.5,109.8,False,14,4,False
2021-01-18 01:00:00,2021-01-18,1,1,98,117,117,115,112,0,-2.5,43,1.7,0.0,1.5,109.8,False,14,4,False
2021-01-18 02:00:00,2021-01-18,2,1,117,121,117,105,115,0,-2.4,51,1.4,0.0,1.5,109.8,False,14,4,False
2021-01-18 03:00:00,2021-01-18,3,1,101,118,126,111,114,0,-2.9,50,1.4,0.0,1.5,109.8,False,14,4,False
2021-01-18 04:00:00,2021-01-18,4,1,104,110,117,115,112,0,-2.9,54,2.2,0.0,1.5,109.8,False,14,4,False
2021-01-18 05:00:00,2021-01-18,5,1,96,90,100,120,102,0,-1.5,52,3.1,0.0,1.5,109.8,False,14,4,False
2021-01-18 06:00:00,2021-01-18,6,1,123,122,123,114,121,0,-2.5,56,1.0,0.0,1.5,109.8,False,14,4,False
2021-01-18 07:00:00,2021-01-18,7,1,112,125,138,157,133,0,-2.2,58,3.1,0.0,1.5,109.8,False,14,4,False
2021-01-18 08:00:00,2021-01-18,8,1,166,153,150,177,162,592,-3.7,64,0.8,0.0,1.5,109.8,False,14,4,False
2021-01-18 09:00:00,2021-01-18,9,1,168,162,166,186,171,622,-1.0,57,0.4,0.0,1.0,109.8,False,14,4,False
2021-01-18 10:00:00,2021-01-18,10,1,156,179,168,156,165,3127,1.5,53,1.0,0.0,1.0,109.8,False,14,4,False
2021-01-18 11:00:00,2021-01-18,11,1,165,185,182,177,177,1300,3.2,57,2.1,0.0,1.0,109.8,False,14,4,False
2021-01-18 12:00:00,2021-01-18,12,1,104,88,90,124,102,60,4.3,56,3.7,0.0,1.0,109.8,False,14,4,False
2021-01-18 13:00:00,2021-01-18,13,1,170,180,176,171,174,902,4.4,57,3.5,0.0,1.0,109.8,False,14,4,False
2021-01-18 14:00:00,2021-01-18,14,1,170,166,153,165,164,854,4.4,52,4.7,0.0,1.0,109.8,False,14,4,False
2021-01-18 15:00:00,2021-01-18,15,1,130,170,168,154,156,1424,5.5,43,3.6,0.0,1.0,109.8,False,14,4,False
2021-01-18 16:00:00,2021-01-18,16,1,156,161,174,156,162,1378,4.6,43,3.7,0.0,1.0,109.8,False,14,4,False
2021-01-18 17:00:00,2021-01-18,17,1,140,133,153,164,148,816,4.6,44,3.7,0.0,1.0,109.8,False,14,4,False
2021-01-18 18:00:00,2021-01-18,18,1,154,146,150,151,150,1268,3.5,53,3.2,0.0,1.5,109.8,False,14,4,False
2021-01-18 19:00:00,2021-01-18,19,1,139,138,142,131,138,2095,3.3,51,1.6,0.0,1.5,109.8,False,14,4,False
2021-01-18 20:00:00,2021-01-18,20,1,119,124,114,112,117,158,2.7,52,4.3,0.0,1.5,109.8,False,14,4,False
2021-01-18 21:00:00,2021-01-18,21,1,108,115,110,121,114,163,1.1,51,3.0,0.0,1.5,109.8,False,14,4,False
2021-01-18 22:00:00,2021-01-18,22,1,117,115,116,108,114,62,-0.1,45,2.5,0.0,1.5,109.8,False,14,4,False
2021-01-18 23:00:00,2021-01-18,23,1,116,120,109,80,106,324,-0.9,40,2.5,0.0,1.5,109.8,False,14,4,False
2021-01-19 00:00:00,2021-01-19,0,2,22,22,26,26,24,0,-2.3,41,3.0,0.0,1.5,109.8,False,4,15,True
2021-01-19 01:00:00,2021-01-19,1,2,21,21,21,22,21,0,-3.0,35,3.4,0.0,1.5,109.8,False,4,15,True
2021-01-19 02:00:00,2021-01-19,2,2,21,21,21,22,21,0,-3.6,38,1.9,0.0,1.5,109.8,False,4,15,True
2021-01-19 03:00:00,2021-01-19,3,2,22,22,22,24,23,0,-4.2,39,2.2,0.0,1.5,109.8,False,4,15,True
2021-01-19 04:00:00,2021-01-19,4,2,26,24,22,21,23,0,-4.6,44,3.1,0.0,1.5,109.8,False,4,15,True
2021-01-19 05:00:00,2021-01-19,5,2,21,21,21,22,21,0,-5.3,48,2.3,0.0,1.5,109.8,False,4,15,True
2021-01-19 06:00:00,2021-01-19,6,2,22,21,21,21,21,0,-5.7,52,2.2,0.0,1.5,109.8,False,4,15,True
2021-01-19 07:00:00,2021-01-19,7,2,21,26,26,22,24,0,-6.0,53,2.1,0.0,1.5,109.8,False,4,15,True
2021-01-19 08:00:00,2021-01-19,8,2,21,21,21,21,21,0,-5.9,55,1.7,0.0,1.5,109.8,False,4,15,True
2021-01-19 09:00:00,2021-01-19,9,2,21,21,21,21,21,0,-4.7,51,3.1,0.0,1.0,109.8,False,4,15,True
2021-01-19 10:00:00,2021-01-19,10,2,21,21,22,26,23,0,-3.1,43,2.1,0.0,1.0,109.8,False,4,15,True
2021-01-19 11:00:00,2021-01-19,11,2,25,21,21,21,22,0,-1.3,30,3.0,0.0,1.0,109.8,False,4,15,True
2021-01-19 12:00:00,2021-01-19,12,2,21,21,21,21,21,0,0.2,25,2.2,0.0,1.0,109.8,False,4,15,True
2021-01-19 13:00:00,2021-01-19,13,2,21,21,21,21,21,0,2.0,19,2.5,0.0,1.0,109.8,False,4,15,True
2021-01-19 14:00:00,2021-01-19,14,2,24,25,21,21,23,0,2.9,13,2.3,0.0,1.0,109.8,False,4,15,True
2021-01-19 15:00:00,2021-01-19,15,2,21,21,21,21,21,0,2.8,8,1.9,0.0,1.0,109.8,False,4,15,True
2021-01-19 16:00:00,2021-01-19,16,2,21,21,21,21,21,0,3.2,23,1.7,0.0,1.0,109.8,False,4,15,True
2021-01-19 17:00:00,2021-01-19,17,2,24,26,22,21,23,0,1.9,39,3.0,0.0,1.0,109.8,False,4,15,True
2021-01-19 18:00:00,2021-01-19,18,2,21,21,21,21,21,0,0.7,44,0.8,0.0,1.5,109.8,False,4,15,True
2021-01-19 19:00:00,2021-01-19,19,2,21,21,21,21,21,0,0.3,43,1.3,0.0,1.5,109.8,False,4,15,True
2021-01-19 20:00:00,2021-01-19,20,2,22,26,24,21,23,0,-0.3,44,1.9,0.0,1.5,109.8,False,4,15,True
2021-01-19 21:00:00,2021-01-19,21,2,21,21,21,22,21,0,-1.9,44,0.3,0.0,1.5,109.8,False,4,15,True
2021-01-19 22:00:00,2021-01-19,22,2,21,21,21,21,21,0,-1.3,38,1.1,0.0,1.5,109.8,False,4,15,True
2021-01-19 23:00:00,2021-01-19,23,2,21,24,26,25,24,0,-2.1,37,1.7,0.0,1.5,109.8,False,4,15,True
2021-01-20 00:00:00,2021-01-20,0,3,22,22,26,26,24,0,-2.4,35,1.5,0.0,1.5,109.8,False,4,15,True
2021-01-20 01:00:00,2021-01-20,1,3,21,21,21,22,21,0,-2.2,35,1.3,0.0,1.5,109.8,False,4,15,True
2021-01-20 02:00:00,2021-01-20,2,3,21,21,21,22,21,0,-2.3,36,1.3,0.0,1.5,109.8,False,4,15,True
2021-01-20 03:00:00,2021-01-20,3,3,22,22,22,24,23,0,-2.6,38,1.0,0.0,1.5,109.8,False,4,15,True
2021-01-20 04:00:00,2021-01-20,4,3,26,24,22,21,23,0,-2.4,39,1.2,0.0,1.5,109.8,False,4,15,True
2021-01-20 05:00:00,2021-01-20,5,3,21,21,21,22,21,0,-3.2,46,0.9,0.0,1.5,109.8,False,4,15,True
2021-01-20 06:00:00,2021-01-20,6,3,22,21,21,21,21,0,-2.6,41,1.7,0.0,1.5,109.8,False,4,15,True
2021-01-20 07:00:00,2021-01-20,7,3,21,26,26,22,24,0,-2.9,39,0.9,0.0,1.5,109.8,False,4,15,True
2021-01-20 08:00:00,2021-01-20,8,3,21,21,21,21,21,0,-2.7,38,0.4,0.0,1.5,109.8,False,4,15,True
2021-01-20 09:00:00,2021-01-20,9,3,21,21,21,21,21,0,0.8,30,1.1,0.0,1.0,109.8,False,4,15,True
2021-01-20 10:00:00,2021-01-20,10,3,21,21,22,26,23,0,3.8,28,1.3,0.0,1.0,109.8,False,4,15,True
2021-01-20 11:00:00,2021-01-20,11,3,25,21,21,21,22,0,6.1,25,0.9,0.0,1.0,109.8,False,4,15,True
2021-01-20 12:00:00,2021-01-20,12,3,21,21,21,21,21,0,7.8,37,1.8,0.0,1.0,109.8,False,4,15,True
2021-01-20 13:00:00,2021-01-20,13,3,21,21,21,21,21,0,8.7,46,1.7,0.0,1.0,109.8,False,4,15,True
2021-01-20 14:00:00,2021-01-20,14,3,24,25,21,21,23,0,9.1,52,2.2,0.0,1.0,109.8,False,4,15,True
2021-01-20 15:00:00,2021-01-20,15,3,21,21,21,21,21,0,9.9,52,2.4,0.0,1.0,109.8,False,4,15,True
2021-01-20 16:00:00,2021-01-20,16,3,21,21,21,21,21,0,9.1,57,2.8,0.0,1.0,109.8,False,4,15,True
2021-01-20 17:00:00,2021-01-20,17,3,24,26,22,21,23,0,8.2,65,2.4,0.0,1.0,109.8,False,4,15,True
2021-01-20 18:00:00,2021-01-20,18,3,21,21,21,21,21,0,6.9,69,1.7,0.0,1.5,109.8,False,4,15,True
2021-01-20 19:00:00,2021-01-20,19,3,21,21,21,21,21,0,6.5,73,1.6,0.0,1.5,109.8,False,4,15,True
2021-01-20 20:00:00,2021-01-20,20,3,22,26,24,21,23,0,5.8,77,1.2,0.0,1.5,109.8,False,4,15,True
2021-01-20 21:00:00,2021-01-20,21,3,21,21,21,22,21,0,6.0,78,1.1,0.0,1.5,109.8,False,4,15,True
2021-01-20 22:00:00,2021-01-20,22,3,21,21,21,21,21,0,5.0,76,1.5,0.0,1.5,109.8,False,4,15,True
2021-01-20 23:00:00,2021-01-20,23,3,21,24,26,25,24,0,2.5,89,0.7,0.0,1.5,109.8,False,4,15,True
2021-01-21 00:00:00,2021-01-21,0,4,23,22,23,25,23,522,2.4,87,1.5,0.0,1.5,109.8,False,15,2,False
2021-01-21 01:00:00,2021-01-21,1,4,28,23,22,22,24,227,1.8,91,0.1,0.0,1.5,109.8,False,15,2,False
2021-01-21 02:00:00,2021-01-21,2,4,23,22,22,22,22,54,2.0,84,0.9,0.0,1.5,109.8,False,15,2,False
2021-01-21 03:00:00,2021-01-21,3,4,23,22,23,22,23,99,1.3,85,0.8,0.0,1.5,109.8,False,15,2,False
2021-01-21 04:00:00,2021-01-21,4,4,24,27,24,23,25,708,0.3,93,0.3,0.0,1.5,109.8,False,15,2,False
2021-01-21 05:00:00,2021-01-21,5,4,23,22,22,22,22,57,0.2,98,0.9,0.0,1.5,109.8,False,15,2,False
2021-01-21 06:00:00,2021-01-21,6,4,22,22,22,23,22,332,0.1,97,0.3,0.0,1.5,109.8,False,15,2,False
2021-01-21 07:00:00,2021-01-21,7,4,29,38,62,101,58,1617,-0.5,93,0.7,0.0,1.5,109.8,False,15,2,False
2021-01-21 08:00:00,2021-01-21,8,4,148,196,208,206,190,489,0.4,98,0.7,0.0,1.5,109.8,False,15,2,False
2021-01-21 09:00:00,2021-01-21,9,4,192,194,184,187,189,447,4.2,80,0.2,0.0,1.0,109.8,False,15,2,False
2021-01-21 10:00:00,2021-01-21,10,4,164,202,196,178,185,1884,6.3,67,0.8,0.0,1.0,109.8,False,15,2,False
2021-01-21 11:00:00,2021-01-21,11,4,174,170,191,189,181,1164,9.6,60,1.4,0.0,1.0,109.8,False,15,2,False
2021-01-21 12:00:00,2021-01-21,12,4,132,102,98,126,115,85,12.4,53,1.5,0.0,1.0,109.8,False,15,2,False
2021-01-21 13:00:00,2021-01-21,13,4,178,190,191,199,190,1692,13.0,47,1.9,0.0,1.0,109.8,False,15,2,False
2021-01-21 14:00:00,2021-01-21,14,4,178,182,201,196,189,796,12.2,58,3.0,0.0,1.0,109.8,False,15,2,False
2021-01-21 15:00:00,2021-01-21,15,4,151,174,184,165,169,562,12.2,57,2.7,0.0,1.0,109.8,False,15,2,False
2021-01-21 16:00:00,2021-01-21,16,4,164,154,160,162,160,900,12.7,57,2.0,0.0,1.0,109.8,False,15,2,False
2021-01-21 17:00:00,2021-01-21,17,4,117,109,148,162,134,350,12.0,62,0.5,0.0,1.0,109.8,False,15,2,False
2021-01-21 18:00:00,2021-01-21,18,4,155,156,157,157,156,952,12.0,57,2.1,0.0,1.5,109.8,False,15,2,False
2021-01-21 19:00:00,2021-01-21,19,4,145,159,150,119,143,3581,11.0,64,1.3,0.1,1.5,109.8,False,15,2,False
2021-01-21 20:00:00,2021-01-21,20,4,115,133,134,125,127,100,10.1,68,1.4,0.1,1.5,109.8,False,15,2,False
2021-01-21 21:00:00,2021-01-21,21,4,121,122,133,131,127,63,9.6,73,0.1,0.1,1.5,109.8,False,15,2,False
2021-01-21 22:00:00,2021-01-21,22,4,100,118,117,121,114,351,8.4,88,1.4,0.4,1.5,109.8,False,15,2,False
2021-01-21 23:00:00,2021-01-21,23,4,124,130,113,82,112,183,7.8,98,1.6,0.6,1.5,109.8,False,15,2,False
2021-01-22 00:00:00,2021-01-22,0,5,69,71,74,71,71,0,7.6,98,1.8,0.6,1.5,109.8,False,16,4,False
2021-01-22 01:00:00,2021-01-22,1,5,93,112,109,118,108,124,7.1,98,0.5,0.0,1.5,109.8,False,16,4,False
2021-01-22 02:00:00,2021-01-22,2,5,118,110,103,120,113,854,7.2,98,0.3,0.0,1.5,109.8,False,16,4,False
2021-01-22 03:00:00,2021-01-22,3,5,96,123,117,116,113,108,7.6,98,0.5,0.0,1.5,109.8,False,16,4,False
2021-01-22 04:00:00,2021-01-22,4,5,113,112,121,120,117,140,7.6,96,0.0,0.0,1.5,109.8,False,16,4,False
2021-01-22 05:00:00,2021-01-22,5,5,86,76,100,112,94,0,7.5,98,0.1,0.0,1.5,109.8,False,16,4,False
2021-01-22 06:00:00,2021-01-22,6,5,117,117,114,108,114,1007,7.6,98,0.9,0.2,1.5,109.8,False,16,4,False
2021-01-22 07:00:00,2021-01-22,7,5,105,128,162,159,139,682,7.8,98,0.9,0.6,1.5,109.8,False,16,4,False
2021-01-22 08:00:00,2021-01-22,8,5,165,167,174,178,171,120,7.7,98,0.2,1.3,1.5,109.8,False,16,4,False
2021-01-22 09:00:00,2021-01-22,9,5,170,176,160,160,167,786,8.2,98,0.5,2.0,1.0,109.8,False,16,4,False
2021-01-22 10:00:00,2021-01-22,10,5,140,175,189,185,172,915,8.2,98,1.0,2.2,1.0,109.8,False,16,4,False
2021-01-22 11:00:00,2021-01-22,11,5,169,172,180,168,172,452,8.5,98,0.9,2.3,1.0,109.8,False,16,4,False
2021-01-22 12:00:00,2021-01-22,12,5,116,104,101,122,111,286,9.2,98,0.7,2.3,1.0,109.8,False,16,4,False
2021-01-22 13:00:00,2021-01-22,13,5,156,155,168,186,166,1215,9.1,98,1.9,2.3,1.0,109.8,False,16,4,False
2021-01-22 14:00:00,2021-01-22,14,5,172,151,140,163,157,466,9.9,98,2.6,2.3,1.0,109.8,False,16,4,False
2021-01-22 15:00:00,2021-01-22,15,5,125,171,168,161,156,3684,10.6,98,1.8,2.3,1.0,109.8,False,16,4,False
2021-01-22 16:00:00,2021-01-22,16,5,148,175,162,154,160,1081,10.6,94,0.8,2.3,1.0,109.8,False,16,4,False
2021-01-22 17:00:00,2021-01-22,17,5,104,87,129,159,120,733,10.7,91,1.7,2.3,1.0,109.8,False,16,4,False
2021-01-22 18:00:00,2021-01-22,18,5,164,150,147,149,153,658,10.7,89,0.7,2.3,1.5,109.8,False,16,4,False
2021-01-22 19:00:00,2021-01-22,19,5,153,142,174,154,156,1279,11.1,87,2.4,2.3,1.5,109.8,False,16,4,False
2021-01-22 20:00:00,2021-01-22,20,5,133,134,129,134,133,11,10.9,90,1.4,2.3,1.5,109.8,False,16,4,False
2021-01-22 21:00:00,2021-01-22,21,5,123,128,128,123,126,171,10.8,91,2.1,2.3,1.5,109.8,False,16,4,False
2021-01-22 22:00:00,2021-01-22,22,5,98,122,118,116,114,3,10.9,88,1.9,2.3,1.5,109.8,False,16,4,False
2021-01-22 23:00:00,2021-01-22,23,5,131,120,114,88,113,532,10.6,91,1.8,2.3,1.5,109.8,False,16,4,False
2021-01-23 00:00:00,2021-01-23,0,6,70,69,69,68,69,257,11.0,87,2.0,2.3,1.5,109.8,False,17,4,False
2021-01-23 01:00:00,2021-01-23,1,6,97,105,102,106,103,477,10.6,88,2.9,0.0,1.5,109.8,False,17,4,False
2021-01-23 02:00:00,2021-01-23,2,6,119,123,123,113,120,157,10.4,91,2.6,0.0,1.5,109.8,False,17,4,False
2021-01-23 03:00:00,2021-01-23,3,6,92,99,108,113,103,371,10.0,94,3.3,0.0,1.5,109.8,False,17,4,False
2021-01-23 04:00:00,2021-01-23,4,6,116,111,109,111,112,36,9.7,96,2.9,0.0,1.5,109.8,False,17,4,False
2021-01-23 05:00:00,2021-01-23,5,6,86,72,98,125,95,894,9.6,94,3.3,0.0,1.5,109.8,False,17,4,False
2021-01-23 06:00:00,2021-01-23,6,6,125,115,108,119,117,233,9.6,95,3.1,0.0,1.5,109.8,False,17,4,False
2021-01-23 07:00:00,2021-01-23,7,6,120,134,158,149,140,743,9.8,92,3.5,0.0,1.5,109.8,False,17,4,False
2021-01-23 08:00:00,2021-01-23,8,6,151,174,165,160,163,0,9.9,91,3.2,0.0,1.5,109.8,False,17,4,False
2021-01-23 09:00:00,2021-01-23,9,6,162,160,161,156,160,0,9.5,98,2.0,1.3,1.0,109.8,False,17,4,False
2021-01-23 10:00:00,2021-01-23,10,6,127,149,156,160,148,0,11.5,95,3.8,1.6,1.0,109.8,False,17,4,False
2021-01-23 11:00:00,2021-01-23,11,6,166,152,152,153,156,12,10.7,98,3.8,5.2,1.0,109.8,False,17,4,False
2021-01-23 12:00:00,2021-01-23,12,6,97,85,86,104,93,0,10.6,93,3.5,6.2,1.0,109.8,False,17,4,False
2021-01-23 13:00:00,2021-01-23,13,6,153,149,150,161,153,0,11.0,85,4.2,6.2,1.0,109.8,False,17,4,False
2021-01-23 14:00:00,2021-01-23,14,6,149,146,156,153,151,0,11.2,80,4.1,6.2,1.0,109.8,False,17,4,False
2021-01-23 15:00:00,2021-01-23,15,6,132,165,161,142,150,0,11.0,74,4.2,6.2,1.0,109.8,False,17,4,False
2021-01-23 16:00:00,2021-01-23,16,6,142,165,168,163,160,0,10.8,72,4.7,6.2,1.0,109.8,False,17,4,False
2021-01-23 17:00:00,2021-01-23,17,6,102,98,142,170,128,0,10.6,71,4.0,6.2,1.0,109.8,False,17,4,False
2021-01-23 18:00:00,2021-01-23,18,6,166,161,161,158,162,0,10.4,71,3.5,6.2,1.5,109.8,False,17,4,False
2021-01-23 19:00:00,2021-01-23,19,6,146,141,143,117,137,0,10.2,67,4.0,6.3,1.5,109.8,False,17,4,False
2021-01-23 20:00:00,2021-01-23,20,6,126,123,125,136,128,0,10.1,70,3.9,6.3,1.5,109.8,False,17,4,False
2021-01-23 21:00:00,2021-01-23,21,6,126,124,127,126,126,0,9.8,67,2.8,6.3,1.5,109.8,False,17,4,False
2021-01-23 22:00:00,2021-01-23,22,6,91,120,123,122,114,0,10.0,67,3.2,6.3,1.5,109.8,False,17,4,False
2021-01-23 23:00:00,2021-01-23,23,6,103,120,116,101,110,0,9.9,60,3.7,6.3,1.5,109.8,False,17,4,False
2021-01-24 00:00:00,2021-01-24,0,7,73,70,69,69,70,0,9.8,66,3.9,3.15,1.5,109.8,False,18,4,False
2021-01-24 01:00:00,2021-01-24,1,7,98,106,119,121,111,0,9.3,70,3.2,0.0,1.5,109.8,False,18,4,False
2021-01-24 02:00:00,2021-01-24,2,7,126,120,113,113,118,0,9.5,62,3.6,0.0,1.5,109.8,False,18,4,False
2021-01-24 03:00:00,2021-01-24,3,7,106,117,121,123,117,0,9.4,63,2.3,0.0,1.5,109.8,False,18,4,False
2021-01-24 04:00:00,2021-01-24,4,7,118,114,121,112,116,0,9.2,64,3.3,0.0,1.5,109.8,False,18,4,False
2021-01-24 05:00:00,2021-01-24,5,7,99,83,106,116,101,0,9.1,65,3.4,0.0,1.5,109.8,False,18,4,False
2021-01-24 06:00:00,2021-01-24,6,7,124,122,112,113,118,0,9.0,64,4.3,0.0,1.5,109.8,False,18,4,False
2021-01-24 07:00:00,2021-01-24,7,7,120,136,169,172,149,0,9.0,62,4.2,0.0,1.5,109.8,False,18,4,False
2021-01-24 08:00:00,2021-01-24,8,7,171,188,185,184,182,0,8.9,65,3.7,0.0,1.5,109.8,False,18,4,False
2021-01-24 09:00:00,2021-01-24,9,7,154,165,172,156,162,0,9.0,62,3.3,0.0,1.0,109.8,False,18,4,False
2021-01-24 10:00:00,2021-01-24,10,7,123,154,168,171,154,0,8.5,73,3.2,0.0,1.0,109.8,False,18,4,False
2021-01-24 11:00:00,2021-01-24,11,7,163,165,170,156,164,0,8.3,78,3.1,0.0,1.0,109.8,False,18,4,False
2021-01-24 12:00:00,2021-01-24,12,7,113,93,99,116,105,0,8.8,76,3.0,0.0,1.0,109.8,False,18,4,False
2021-01-24 13:00:00,2021-01-24,13,7,147,163,182,190,171,0,8.7,78,3.2,0.0,1.0,109.8,False,18,4,False
2021-01-24 14:00:00,2021-01-24,14,7,175,169,151,158,163,0,8.9,75,3.1,0.0,1.0,109.8,False,18,4,False
2021-01-24 15:00:00,2021-01-24,15,7,114,141,166,180,150,0,8.7,79,2.6,0.0,1.0,109.8,False,18,4,False
2021-01-24 16:00:00,2021-01-24,16,7,163,157,165,164,162,0,8.7,77,3.9,0.0,1.0,109.8,False,18,4,False
2021-01-24 17:00:00,2021-01-24,17,7,123,107,145,164,135,0,8.6,77,3.0,0.0,1.0,109.8,False,18,4,False
2021-01-24 18:00:00,2021-01-24,18,7,152,146,142,159,150,0,8.7,79,3.5,0.0,1.5,109.8,False,18,4,False
2021-01-24 19:00:00,2021-01-24,19,7,160,154,168,155,159,0,8.5,80,2.6,0.0,1.5,109.8,False,18,4,False
2021-01-24 20:00:00,2021-01-24,20,7,128,131,141,142,136,0,8.0,85,2.8,0.0,1.5,109.8,False,18,4,False
2021-01-24 21:00:00,2021-01-24,21,7,140,142,122,120,131,0,8.4,83,2.4,0.0,1.5,109.8,False,18,4,False
2021-01-24 22:00:00,2021-01-24,22,7,104,124,122,135,121,0,8.9,75,2.4,0.0,1.5,109.8,False,18,4,False
2021-01-24 23:00:00,2021-01-24,23,7,129,122,119,89,115,0,9.0,66,1.9,0.0,1.5,109.8,False,18,4,False
2021-01-25 00:00:00,2021-01-25,0,1,74,70,70,70,71,0,9.0,67,1.5,0.0,1.5,109.8,False,19,4,False
2021-01-25 01:00:00,2021-01-25,1,1,104,123,128,121,119,0,8.9,64,1.4,0.0,1.5,109.8,False,19,4,False
2021-01-25 02:00:00,2021-01-25,2,1,125,126,102,115,117,0,8.6,65,1.9,0.0,1.5,109.8,False,19,4,False
2021-01-25 03:00:00,2021-01-25,3,1,98,124,127,128,119,0,8.4,66,1.6,0.0,1.5,109.8,False,19,4,False
2021-01-25 04:00:00,2021-01-25,4,1,116,116,122,119,118,0,8.1,69,2.6,0.0,1.5,109.8,False,19,4,False
2021-01-25 05:00:00,2021-01-25,5,1,105,93,112,114,106,0,7.6,71,2.7,0.0,1.5,109.8,False,19,4,False
2021-01-25 06:00:00,2021-01-25,6,1,108,107,120,122,114,0,7.7,70,2.1,0.0,1.5,109.8,False,19,4,False
2021-01-25 07:00:00,2021-01-25,7,1,122,124,152,142,135,0,7.6,71,1.1,0.0,1.5,109.8,False,19,4,False
2021-01-25 08:00:00,2021-01-25,8,1,135,154,166,168,156,796,8.2,71,2.4,0.0,1.5,109.8,False,19,4,False
2021-01-25 09:00:00,2021-01-25,9,1,162,170,178,169,170,417,8.8,69,2.1,0.0,1.0,109.8,False,19,4,False
2021-01-25 10:00:00,2021-01-25,10,1,151,176,178,182,172,383,9.7,66,1.9,0.0,1.0,109.8,False,19,4,False
2021-01-25 11:00:00,2021-01-25,11,1,184,177,177,183,180,1971,9.9,67,2.9,0.0,1.0,109.8,False,19,4,False
2021-01-25 12:00:00,2021-01-25,12,1,136,112,105,134,122,0,9.8,65,3.7,0.0,1.0,109.8,False,19,4,False
2021-01-25 13:00:00,2021-01-25,13,1,185,184,174,174,179,1330,10.7,59,3.3,0.0,1.0,109.8,False,19,4,False
2021-01-25 14:00:00,2021-01-25,14,1,184,177,169,178,177,1732,10.6,62,3.5,0.0,1.0,109.8,False,19,4,False
2021-01-25 15:00:00,2021-01-25,15,1,152,182,186,178,175,926,10.2,66,3.2,0.0,1.0,109.8,False,19,4,False
2021-01-25 16:00:00,2021-01-25,16,1,165,155,169,176,166,2269,9.9,67,3.1,0.0,1.0,109.8,False,19,4,False
2021-01-25 17:00:00,2021-01-25,17,1,126,104,154,180,141,797,9.3,68,2.3,0.0,1.0,109.8,False,19,4,False
2021-01-25 18:00:00,2021-01-25,18,1,164,148,130,124,142,896,8.6,72,1.9,0.0,1.5,109.8,False,19,4,False
2021-01-25 19:00:00,2021-01-25,19,1,127,111,107,96,110,2599,8.5,72,2.2,0.0,1.5,109.8,False,19,4,False
2021-01-25 20:00:00,2021-01-25,20,1,100,109,111,115,109,78,8.2,75,1.6,0.0,1.5,109.8,False,19,4,False
2021-01-25 21:00:00,2021-01-25,21,1,121,118,118,108,116,36,8.1,77,1.5,0.0,1.5,109.8,False,19,4,False
2021-01-25 22:00:00,2021-01-25,22,1,108,116,136,132,123,181,8.1,77,2.0,0.0,1.5,109.8,False,19,4,False
2021-01-25 23:00:00,2021-01-25,23,1,122,107,94,84,102,30,8.4,77,1.2,0.0,1.5,109.8,False,19,4,False
2021-01-26 00:00:00,2021-01-26,0,2,22,22,26,26,24,0,8.4,78,1.0,0.0,1.5,109.8,False,4,15,True
2021-01-26 01:00:00,2021-01-26,1,2,21,21,21,22,21,0,8.5,78,2.2,0.0,1.5,109.8,False,4,15,True
2021-01-26 02:00:00,2021-01-26,2,2,21,21,21,22,21,0,8.0,80,1.0,0.0,1.5,109.8,False,4,15,True
2021-01-26 03:00:00,2021-01-26,3,2,22,22,22,24,23,0,7.8,81,2.9,0.0,1.5,109.8,False,4,15,True
2021-01-26 04:00:00,2021-01-26,4,2,26,24,22,21,23,0,7.6,83,3.1,0.0,1.5,109.8,False,4,15,True
2021-01-26 05:00:00,2021-01-26,5,2,21,21,21,22,21,0,7.4,84,2.6,0.0,1.5,109.8,False,4,15,True
2021-01-26 06:00:00,2021-01-26,6,2,22,21,21,21,21,0,7.2,85,1.4,0.0,1.5,109.8,False,4,15,True
2021-01-26 07:00:00,2021-01-26,7,2,21,26,26,22,24,0,7.0,90,1.6,0.2,1.5,109.8,False,4,15,True
2021-01-26 08:00:00,2021-01-26,8,2,21,21,21,21,21,0,6.8,98,0.7,0.7,1.5,109.8,False,4,15,True
2021-01-26 09:00:00,2021-01-26,9,2,21,21,21,21,21,0,6.9,98,0.7,1.5,1.0,109.8,False,4,15,True
2021-01-26 10:00:00,2021-01-26,10,2,21,21,22,26,23,0,7.2,98,1.6,3.0,1.0,109.8,False,4,15,True
2021-01-26 11:00:00,2021-01-26,11,2,25,21,21,21,22,0,7.4,98,3.1,4.1,1.0,109.8,False,4,15,True
2021-01-26 12:00:00,2021-01-26,12,2,21,21,21,21,21,0,7.2,98,3.4,4.6,1.0,109.8,False,4,15,True
2021-01-26 13:00:00,2021-01-26,13,2,21,21,21,21,21,0,6.8,98,3.2,6.3,1.0,109.8,False,4,15,True
2021-01-26 14:00:00,2021-01-26,14,2,24,25,21,21,23,0,6.8,98,3.4,8.0,1.0,109.8,False,4,15,True
2021-01-26 15:00:00,2021-01-26,15,2,21,21,21,21,21,0,6.7,98,1.5,9.2,1.0,109.8,False,4,15,True
2021-01-26 16:00:00,2021-01-26,16,2,21,21,21,21,21,0,6.5,98,2.5,10.3,1.0,109.8,False,4,15,True
2021-01-26 17:00:00,2021-01-26,17,2,24,26,22,21,23,0,6.5,98,2.6,11.1,1.0,109.8,False,4,15,True
2021-01-26 18:00:00,2021-01-26,18,2,21,21,21,21,21,0,5.8,98,2.2,11.1,1.5,109.8,False,4,15,True
2021-01-26 19:00:00,2021-01-26,19,2,21,21,21,21,21,0,6.1,98,3.2,11.1,1.5,109.8,False,4,15,True
2021-01-26 20:00:00,2021-01-26,20,2,22,26,24,21,23,0,6.5,92,1.8,11.1,1.5,109.8,False,4,15,True
2021-01-26 21:00:00,2021-01-26,21,2,21,21,21,22,21,0,6.0,86,1.8,11.1,1.5,109.8,False,4,15,True
2021-01-26 22:00:00,2021-01-26,22,2,21,21,21,21,21,0,5.9,89,1.3,11.1,1.5,109.8,False,4,15,True
2021-01-26 23:00:00,2021-01-26,23,2,21,24,26,25,24,0,5.9,85,0.6,11.1,1.5,109.8,False,4,15,True
2021-01-27 00:00:00,2021-01-27,0,3,22,22,26,26,24,0,6.3,81,2.1,11.1,1.5,109.8,False,4,15,True
2021-01-27 01:00:00,2021-01-27,1,3,21,21,21,22,21,0,5.7,86,1.1,0.0,1.5,109.8,False,4,15,True
2021-01-27 02:00:00,2021-01-27,2,3,21,21,21,22,21,0,4.9,88,1.1,0.0,1.5,109.8,False,4,15,True
2021-01-27 03:00:00,2021-01-27,3,3,22,22,22,24,23,0,3.9,88,0.5,0.0,1.5,109.8,False,4,15,True
2021-01-27 04:00:00,2021-01-27,4,3,26,24,22,21,23,0,3.4,82,0.8,0.0,1.5,109.8,False,4,15,True
2021-01-27 05:00:00,2021-01-27,5,3,21,21,21,22,21,0,3.5,81,2.8,0.0,1.5,109.8,False,4,15,True
2021-01-27 06:00:00,2021-01-27,6,3,22,21,21,21,21,0,3.2,78,3.2,0.0,1.5,109.8,False,4,15,True
2021-01-27 07:00:00,2021-01-27,7,3,21,26,26,22,24,0,3.7,69,3.2,0.0,1.5,109.8,False,4,15,True
2021-01-27 08:00:00,2021-01-27,8,3,21,21,21,21,21,0,3.9,60,1.7,0.0,1.5,109.8,False,4,15,True
2021-01-27 09:00:00,2021-01-27,9,3,21,21,21,21,21,0,4.4,59,4.5,0.0,1.0,109.8,False,4,15,True
2021-01-27 10:00:00,2021-01-27,10,3,21,21,22,26,23,0,5.5,58,3.1,0.0,1.0,109.8,False,4,15,True
2021-01-27 11:00:00,2021-01-27,11,3,25,21,21,21,22,0,6.9,52,3.8,0.0,1.0,109.8,False,4,15,True
2021-01-27 12:00:00,2021-01-27,12,3,21,21,21,21,21,0,8.0,45,3.3,0.0,1.0,109.8,False,4,15,True
2021-01-27 13:00:00,2021-01-27,13,3,21,21,21,21,21,0,9.3,41,2.5,0.0,1.0,109.8,False,4,15,True
2021-01-27 14:00:00,2021-01-27,14,3,24,25,21,21,23,0,10.2,39,1.8,0.0,1.0,109.8,False,4,15,True
2021-01-27 15:00:00,2021-01-27,15,3,21,21,21,21,21,0,9.7,46,2.9,0.0,1.0,109.8,False,4,15,True
2021-01-27 16:00:00,2021-01-27,16,3,21,21,21,21,21,0,8.9,50,3.6,0.0,1.0,109.8,False,4,15,True
2021-01-27 17:00:00,2021-01-27,17,3,24,26,22,21,23,0,7.8,43,2.4,0.0,1.0,109.8,False,4,15,True
2021-01-27 18:00:00,2021-01-27,18,3,21,21,21,21,21,0,6.8,46,2.0,0.0,1.5,109.8,False,4,15,True
2021-01-27 19:00:00,2021-01-27,19,3,21,21,21,21,21,0,6.4,46,2.1,0.0,1.5,109.8,False,4,15,True
2021-01-27 20:00:00,2021-01-27,20,3,22,26,24,21,23,0,5.9,51,1.9,0.0,1.5,109.8,False,4,15,True
2021-01-27 21:00:00,2021-01-27,21,3,21,21,21,22,21,0,5.3,51,2.3,0.0,1.5,109.8,False,4,15,True
2021-01-27 22:00:00,2021-01-27,22,3,21,21,21,21,21,0,4.7,54,1.2,0.0,1.5,109.8,False,4,15,True
2021-01-27 23:00:00,2021-01-27,23,3,21,24,26,25,24,0,4.2,58,1.3,0.0,1.5,109.8,False,4,15,True
2021-01-28 00:00:00,2021-01-28,0,4,24,23,24,24,24,0,3.5,62,1.1,0.0,1.5,109.8,False,20,2,False
2021-01-28 01:00:00,2021-01-28,1,4,23,26,28,25,26,24,3.3,63,1.0,0.0,1.5,109.8,False,20,2,False
2021-01-28 02:00:00,2021-01-28,2,4,23,24,24,25,24,437,2.9,64,0.4,0.0,1.5,109.8,False,20,2,False
2021-01-28 03:00:00,2021-01-28,3,4,23,24,24,23,24,1,2.3,68,0.3,0.0,1.5,109.8,False,20,2,False
2021-01-28 04:00:00,2021-01-28,4,4,24,24,26,28,26,827,2.3,68,0.5,0.0,1.5,109.8,False,20,2,False
2021-01-28 05:00:00,2021-01-28,5,4,24,23,24,23,24,120,2.1,71,1.0,0.0,1.5,109.8,False,20,2,False
2021-01-28 06:00:00,2021-01-28,6,4,23,23,23,23,23,110,1.9,72,0.9,0.0,1.5,109.8,False,20,2,False
2021-01-28 07:00:00,2021-01-28,7,4,28,42,66,92,57,16,2.1,71,0.9,0.0,1.5,109.8,False,20,2,False
2021-01-28 08:00:00,2021-01-28,8,4,144,167,190,198,175,375,2.0,73,0.7,0.0,1.5,109.8,False,20,2,False
2021-01-28 09:00:00,2021-01-28,9,4,185,182,174,172,178,347,3.6,68,0.2,0.0,1.0,109.8,False,20,2,False
2021-01-28 10:00:00,2021-01-28,10,4,135,184,182,168,167,810,5.7,67,0.7,0.0,1.0,109.8,False,20,2,False
2021-01-28 11:00:00,2021-01-28,11,4,176,178,193,184,183,1049,9.3,52,4.0,0.0,1.0,109.8,False,20,2,False
2021-01-28 12:00:00,2021-01-28,12,4,131,112,107,135,121,309,10.6,42,3.9,0.0,1.0,109.8,False,20,2,False
2021-01-28 13:00:00,2021-01-28,13,4,169,189,191,191,185,1034,11.0,26,3.9,0.0,1.0,109.8,False,20,2,False
2021-01-28 14:00:00,2021-01-28,14,4,183,171,178,189,180,2238,11.3,25,5.3,0.0,1.0,109.8,False,20,2,False
2021-01-28 15:00:00,2021-01-28,15,4,155,188,194,189,182,861,10.0,35,5.8,0.0,1.0,109.8,False,20,2,False
2021-01-28 16:00:00,2021-01-28,16,4,172,163,164,172,168,1685,9.4,35,4.0,0.0,1.0,109.8,False,20,2,False
2021-01-28 17:00:00,2021-01-28,17,4,132,123,166,179,150,512,3.3,67,5.7,0.1,1.0,109.8,False,20,2,False
2021-01-28 18:00:00,2021-01-28,18,4,183,185,168,171,177,971,0.9,65,6.3,0.1,1.5,109.8,False,20,2,False
2021-01-28 19:00:00,2021-01-28,19,4,158,169,163,121,153,1690,0.1,46,5.2,0.1,1.5,109.8,False,20,2,False
2021-01-28 20:00:00,2021-01-28,20,4,110,113,111,113,112,358,-1.0,48,4.8,0.0,1.5,109.8,False,20,2,False
2021-01-28 21:00:00,2021-01-28,21,4,115,120,123,113,118,40,-1.3,42,4.2,0.0,1.5,109.8,False,20,2,False
2021-01-28 22:00:00,2021-01-28,22,4,102,104,111,119,109,12,-2.3,42,5.5,0.0,1.5,109.8,False,20,2,False
2021-01-28 23:00:00,2021-01-28,23,4,126,111,111,81,107,4,-3.0,39,5.9,0.0,1.5,109.8,False,20,2,False
2021-01-29 00:00:00,2021-01-29,0,5,67,66,66,66,66,0,-3.6,39,3.6,0.0,1.5,109.8,False,21,3,False
2021-01-29 01:00:00,2021-01-29,1,5,94,101,112,110,104,81,-4.0,33,4.1,0.0,1.5,109.8,False,21,3,False
2021-01-29 02:00:00,2021-01-29,2,5,124,124,107,95,113,634,-4.8,37,3.0,0.0,1.5,109.8,False,21,3,False
2021-01-29 03:00:00,2021-01-29,3,5,90,100,109,115,104,2,-5.1,29,2.2,0.0,1.5,109.8,False,21,3,False
2021-01-29 04:00:00,2021-01-29,4,5,112,114,114,99,110,1,-6.1,33,2.4,0.0,1.5,109.8,False,21,3,False
2021-01-29 05:00:00,2021-01-29,5,5,76,72,102,110,90,24,-6.3,35,2.1,0.0,1.5,109.8,False,21,3,False
2021-01-29 06:00:00,2021-01-29,6,5,119,113,108,112,113,2,-6.5,35,1.8,0.0,1.5,109.8,False,21,3,False
2021-01-29 07:00:00,2021-01-29,7,5,113,120,154,160,137,1288,-6.8,37,1.8,0.0,1.5,109.8,False,21,3,False
2021-01-29 08:00:00,2021-01-29,8,5,190,222,207,189,202,364,-6.8,37,3.9,0.0,1.5,109.8,False,21,3,False
2021-01-29 09:00:00,2021-01-29,9,5,183,179,179,176,179,301,-6.2,32,4.2,0.0,1.0,109.8,False,21,3,False
2021-01-29 10:00:00,2021-01-29,10,5,139,169,175,168,163,601,-5.0,31,3.2,0.0,1.0,109.8,False,21,3,False
2021-01-29 11:00:00,2021-01-29,11,5,182,191,200,200,193,1135,-4.2,28,4.6,0.0,1.0,109.8,False,21,3,False
2021-01-29 12:00:00,2021-01-29,12,5,134,104,100,133,118,2095,-2.7,24,4.1,0.0,1.0,109.8,False,21,3,False
2021-01-29 13:00:00,2021-01-29,13,5,179,194,186,187,187,809,-2.0,25,5.3,0.0,1.0,109.8,False,21,3,False
2021-01-29 14:00:00,2021-01-29,14,5,168,181,183,177,177,972,-0.4,26,3.7,0.0,1.0,109.8,False,21,3,False
2021-01-29 15:00:00,2021-01-29,15,5,139,179,170,165,163,868,-0.4,25,4.1,0.0,1.0,109.8,False,21,3,False
2021-01-29 16:00:00,2021-01-29,16,5,167,167,157,164,164,1383,-0.3,23,4.2,0.0,1.0,109.8,False,21,3,False
2021-01-29 17:00:00,2021-01-29,17,5,122,99,136,153,128,255,-0.4,24,3.7,0.0,1.0,109.8,False,21,3,False
2021-01-29 18:00:00,2021-01-29,18,5,160,163,164,175,166,1132,-1.3,27,3.1,0.0,1.5,109.8,False,21,3,False
2021-01-29 19:00:00,2021-01-29,19,5,177,173,154,137,160,4121,-1.9,29,1.8,0.0,1.5,109.8,False,21,3,False
2021-01-29 20:00:00,2021-01-29,20,5,132,134,137,135,135,76,-2.4,30,2.5,0.0,1.5,109.8,False,21,3,False
2021-01-29 21:00:00,2021-01-29,21,5,125,126,125,119,124,51,-3.2,32,1.6,0.0,1.5,109.8,False,21,3,False
2021-01-29 22:00:00,2021-01-29,22,5,105,108,121,116,113,63,-3.2,30,2.7,0.0,1.5,109.8,False,21,3,False
2021-01-29 23:00:00,2021-01-29,23,5,110,113,109,82,104,82,-3.0,27,4.0,0.0,1.5,109.8,False,21,3,False
2021-01-30 00:00:00,2021-01-30,0,6,69,67,67,65,67,213,-2.9,25,3.9,0.0,1.5,109.8,False,22,3,False
2021-01-30 01:00:00,2021-01-30,1,6,90,102,112,112,104,72,-3.2,28,2.3,0.0,1.5,109.8,False,22,3,False
2021-01-30 02:00:00,2021-01-30,2,6,118,110,108,103,110,81,-4.5,32,0.9,0.0,1.5,109.8,False,22,3,False
2021-01-30 03:00:00,2021-01-30,3,6,101,110,120,117,112,325,-4.4,33,0.9,0.0,1.5,109.8,False,22,3,False
2021-01-30 04:00:00,2021-01-30,4,6,116,114,103,103,109,3,-5.1,37,2.0,0.0,1.5,109.8,False,22,3,False
2021-01-30 05:00:00,2021-01-30,5,6,93,82,103,115,98,13,-5.3,40,1.6,0.0,1.5,109.8,False,22,3,False
2021-01-30 06:00:00,2021-01-30,6,6,113,111,115,118,114,42,-5.8,43,1.2,0.0,1.5,109.8,False,22,3,False
2021-01-30 07:00:00,2021-01-30,7,6,116,125,142,143,132,783,-5.6,45,1.1,0.0,1.5,109.8,False,22,3,False
2021-01-30 08:00:00,2021-01-30,8,6,164,177,185,193,180,0,-5.0,43,0.6,0.0,1.5,109.8,False,22,3,False
2021-01-30 09:00:00,2021-01-30,9,6,184,187,173,171,179,0,-2.2,42,0.5,0.0,1.0,109.8,False,22,3,False
2021-01-30 10:00:00,2021-01-30,10,6,142,171,169,152,159,0,1.0,45,1.0,0.0,1.0,109.8,False,22,3,False
2021-01-30 11:00:00,2021-01-30,11,6,146,139,141,150,144,0,4.0,41,1.5,0.0,1.0,109.8,False,22,3,False
2021-01-30 12:00:00,2021-01-30,12,6,119,104,99,109,108,0,6.8,44,3.4,0.0,1.0,109.8,False,22,3,False
2021-01-30 13:00:00,2021-01-30,13,6,145,166,171,184,167,0,8.2,44,3.9,0.0,1.0,109.8,False,22,3,False
2021-01-30 14:00:00,2021-01-30,14,6,177,160,161,165,166,0,8.6,43,4.5,0.0,1.0,109.8,False,22,3,False
2021-01-30 15:00:00,2021-01-30,15,6,133,175,178,168,164,0,8.9,43,3.3,0.0,1.0,109.8,False,22,3,False
2021-01-30 16:00:00,2021-01-30,16,6,163,165,152,162,161,0,9.0,42,2.5,0.0,1.0,109.8,False,22,3,False
2021-01-30 17:00:00,2021-01-30,17,6,133,144,181,167,156,0,8.6,43,2.3,0.0,1.0,109.8,False,22,3,False
2021-01-30 18:00:00,2021-01-30,18,6,153,156,164,165,160,0,7.3,49,1.5,0.0,1.5,109.8,False,22,3,False
2021-01-30 19:00:00,2021-01-30,19,6,162,155,141,107,141,0,6.9,49,1.0,0.0,1.5,109.8,False,22,3,False
2021-01-30 20:00:00,2021-01-30,20,6,100,109,115,112,109,0,6.9,48,1.8,0.0,1.5,109.8,False,22,3,False
2021-01-30 21:00:00,2021-01-30,21,6,113,117,113,108,113,0,4.9,57,1.2,0.0,1.5,109.8,False,22,3,False
2021-01-30 22:00:00,2021-01-30,22,6,88,103,114,118,106,0,6.1,45,1.6,0.0,1.5,109.8,False,22,3,False
2021-01-30 23:00:00,2021-01-30,23,6,120,116,103,77,104,0,5.5,42,1.7,0.0,1.5,109.8,False,22,3,False
2021-01-31 00:00:00,2021-01-31,0,7,22,22,26,26,24,0,4.4,38,1.4,0.0,1.5,109.8,False,4,15,True
2021-01-31 01:00:00,2021-01-31,1,7,21,21,21,22,21,0,1.3,60,1.5,0.0,1.5,109.8,False,4,15,True
2021-01-31 02:00:00,2021-01-31,2,7,21,21,21,22,21,0,1.7,47,1.7,0.0,1.5,109.8,False,4,15,True
2021-01-31 03:00:00,2021-01-31,3,7,22,22,22,24,23,0,3.6,36,2.3,0.0,1.5,109.8,False,4,15,True
2021-01-31 04:00:00,2021-01-31,4,7,26,24,22,21,23,0,2.8,38,2.7,0.0,1.5,109.8,False,4,15,True
2021-01-31 05:00:00,2021-01-31,5,7,21,21,21,22,21,0,2.3,40,3.1,0.0,1.5,109.8,False,4,15,True
2021-01-31 06:00:00,2021-01-31,6,7,22,21,21,21,21,0,0.9,43,1.0,0.0,1.5,109.8,False,4,15,True
2021-01-31 07:00:00,2021-01-31,7,7,21,26,26,22,24,0,1.8,37,2.4,0.0,1.5,109.8,False,4,15,True
2021-01-31 08:00:00,2021-01-31,8,7,21,21,21,21,21,0,1.7,38,1.8,0.0,1.5,109.8,False,4,15,True
2021-01-31 09:00:00,2021-01-31,9,7,21,21,21,21,21,0,3.6,33,1.3,0.0,1.0,109.8,False,4,15,True
2021-01-31 10:00:00,2021-01-31,10,7,21,21,22,26,23,0,6.5,35,0.6,0.0,1.0,109.8,False,4,15,True
2021-01-31 11:00:00,2021-01-31,11,7,25,21,21,21,22,0,8.4,33,0.5,0.0,1.0,109.8,False,4,15,True
2021-01-31 12:00:00,2021-01-31,12,7,21,21,21,21,21,0,9.8,22,1.6,0.0,1.0,109.8,False,4,15,True
2021-01-31 13:00:00,2021-01-31,13,7,21,21,21,21,21,0,11.3,17,3.0,0.0,1.0,109.8,False,4,15,True
2021-01-31 14:00:00,2021-01-31,14,7,24,25,21,21,23,0,10.9,32,3.4,0.0,1.0,109.8,False,4,15,True
2021-01-31 15:00:00,2021-01-31,15,7,21,21,21,21,21,0,10.6,39,3.9,0.0,1.0,109.8,False,4,15,True
2021-01-31 16:00:00,2021-01-31,16,7,21,21,21,21,21,0,11.3,33,3.2,0.0,1.0,109.8,False,4,15,True
2021-01-31 17:00:00,2021-01-31,17,7,24,26,22,21,23,0,10.3,31,4.0,0.0,1.0,109.8,False,4,15,True
2021-01-31 18:00:00,2021-01-31,18,7,21,21,21,21,21,0,9.3,43,3.4,0.0,1.5,109.8,False,4,15,True
2021-01-31 19:00:00,2021-01-31,19,7,21,21,21,21,21,0,8.8,50,2.5,0.0,1.5,109.8,False,4,15,True
2021-01-31 20:00:00,2021-01-31,20,7,22,26,24,21,23,0,8.7,49,3.9,0.0,1.5,109.8,False,4,15,True
2021-01-31 21:00:00,2021-01-31,21,7,21,21,21,22,21,0,8.4,51,2.4,0.0,1.5,109.8,False,4,15,True
2021-01-31 22:00:00,2021-01-31,22,7,21,21,21,21,21,0,9.4,51,3.3,0.0,1.5,109.8,False,4,15,True
2021-01-31 23:00:00,2021-01-31,23,7,21,24,26,25,24,0,9.3,56,3.1,0.0,1.5,109.8,False,4,15,True
2021-02-01 00:00:00,2021-02-01,0,1,62,61,61,61,61,0,9.3,64,3.0,0.0,1.5,109.8,False,23,3,False
2021-02-01 01:00:00,2021-02-01,1,1,89,94,106,105,99,0,10.1,67,3.9,0.0,1.5,109.8,False,23,3,False
2021-02-01 02:00:00,2021-02-01,2,1,102,99,107,106,104,0,9.7,77,3.7,0.0,1.5,109.8,False,23,3,False
2021-02-01 03:00:00,2021-02-01,3,1,98,104,101,107,103,0,9.1,95,2.9,0.8,1.5,109.8,False,23,3,False
2021-02-01 04:00:00,2021-02-01,4,1,107,106,106,100,105,0,9.2,98,3.2,2.3,1.5,109.8,False,23,3,False
2021-02-01 05:00:00,2021-02-01,5,1,84,78,93,103,90,0,9.5,98,3.5,5.1,1.5,109.8,False,23,3,False
2021-02-01 06:00:00,2021-02-01,6,1,116,106,106,106,109,0,10.3,98,3.1,8.3,1.5,109.8,False,23,3,False
2021-02-01 07:00:00,2021-02-01,7,1,101,109,139,139,122,0,10.3,98,1.0,9.8,1.5,109.8,False,23,3,False
2021-02-01 08:00:00,2021-02-01,8,1,165,178,179,195,179,541,9.9,98,1.0,11.0,1.5,109.8,False,23,3,False
2021-02-01 09:00:00,2021-02-01,9,1,175,167,168,182,173,432,9.8,98,2.4,11.9,1.0,109.8,False,23,3,False
2021-02-01 10:00:00,2021-02-01,10,1,134,183,178,187,171,402,10.3,98,0.9,12.1,1.0,109.8,False,23,3,False
2021-02-01 11:00:00,2021-02-01,11,1,184,180,177,156,174,630,10.1,98,2.2,12.1,1.0,109.8,False,23,3,False
2021-02-01 12:00:00,2021-02-01,12,1,93,80,80,121,94,284,12.6,72,3.3,12.1,1.0,109.8,False,23,3,False
2021-02-01 13:00:00,2021-02-01,13,1,163,175,177,163,170,318,12.7,64,1.1,12.1,1.0,109.8,False,23,3,False
2021-02-01 14:00:00,2021-02-01,14,1,167,167,163,161,165,7437,12.6,62,3.6,12.1,1.0,109.8,False,23,3,False
2021-02-01 15:00:00,2021-02-01,15,1,130,156,159,162,152,878,12.2,66,3.1,12.1,1.0,109.8,False,23,3,False
2021-02-01 16:00:00,2021-02-01,16,1,167,151,161,169,162,4585,11.9,66,3.6,12.1,1.0,109.8,False,23,3,False
2021-02-01 17:00:00,2021-02-01,17,1,107,95,137,155,124,598,11.5,67,1.5,12.1,1.0,109.8,False,23,3,False
2021-02-01 18:00:00,2021-02-01,18,1,161,139,143,143,147,1777,11.3,58,2.2,12.1,1.5,109.8,False,23,3,False
2021-02-01 19:00:00,2021-02-01,19,1,140,141,158,135,144,1913,11.0,57,2.9,12.1,1.5,109.8,False,23,3,False
2021-02-01 20:00:00,2021-02-01,20,1,124,123,116,120,121,8,10.9,59,2.6,12.1,1.5,109.8,False,23,3,False
2021-02-01 21:00:00,2021-02-01,21,1,128,124,117,115,121,181,10.4,61,2.0,12.1,1.5,109.8,False,23,3,False
2021-02-01 22:00:00,2021-02-01,22,1,97,113,101,112,106,97,10.1,61,2.8,12.1,1.5,109.8,False,23,3,False
2021-02-01 23:00:00,2021-02-01,23,1,110,106,107,71,99,287,10.3,55,3.1,12.1,1.5,109.8,False,23,3,False
2021-02-02 00:00:00,2021-02-02,0,2,63,62,62,62,62,0,9.2,59,2.6,12.1,1.5,109.8,False,24,3,False
2021-02-02 01:00:00,2021-02-02,1,2,90,101,106,111,102,53,8.5,46,2.7,0.0,1.5,109.8,False,24,3,False
2021-02-02 02:00:00,2021-02-02,2,2,107,105,113,110,109,127,6.6,43,1.4,0.0,1.5,109.8,False,24,3,False
2021-02-02 03:00:00,2021-02-02,3,2,89,108,110,107,104,32,5.9,36,2.1,0.0,1.5,109.8,False,24,3,False
2021-02-02 04:00:00,2021-02-02,4,2,107,100,99,93,100,69,5.0,32,3.2,0.0,1.5,109.8,False,24,3,False
2021-02-02 05:00:00,2021-02-02,5,2,70,67,95,106,85,5,3.3,34,4.0,0.0,1.5,109.8,False,24,3,False
2021-02-02 06:00:00,2021-02-02,6,2,116,99,96,99,103,500,1.5,27,3.6,0.0,1.5,109.8,False,24,3,False
2021-02-02 07:00:00,2021-02-02,7,2,109,119,149,151,132,711,-0.1,23,2.6,0.0,1.5,109.8,False,24,3,False
2021-02-02 08:00:00,2021-02-02,8,2,167,173,172,177,172,789,-0.8,27,3.7,0.0,1.5,109.8,False,24,3,False
2021-02-02 09:00:00,2021-02-02,9,2,169,180,179,178,177,1354,-0.4,23,4.7,0.0,1.0,109.8,False,24,3,False
2021-02-02 10:00:00,2021-02-02,10,2,133,177,191,190,173,847,0.2,20,3.7,0.0,1.0,109.8,False,24,3,False
2021-02-02 11:00:00,2021-02-02,11,2,185,163,162,160,168,535,0.8,20,5.0,0.0,1.0,109.8,False,24,3,False
2021-02-02 12:00:00,2021-02-02,12,2,103,86,91,131,103,25,1.7,20,3.7,0.0,1.0,109.8,False,24,3,False
2021-02-02 13:00:00,2021-02-02,13,2,177,189,179,182,182,2071,2.0,18,4.0,0.0,1.0,109.8,False,24,3,False
2021-02-02 14:00:00,2021-02-02,14,2,175,174,180,179,177,1125,2.2,18,4.0,0.0,1.0,109.8,False,24,3,False
2021-02-02 15:00:00,2021-02-02,15,2,152,166,157,147,156,978,2.8,16,3.9,0.0,1.0,109.8,False,24,3,False
2021-02-02 16:00:00,2021-02-02,16,2,159,172,171,166,167,6974,2.9,17,3.5,0.0,1.0,109.8,False,24,3,False
2021-02-02 17:00:00,2021-02-02,17,2,130,114,143,158,136,340,1.9,20,3.1,0.0,1.0,109.8,False,24,3,False
2021-02-02 18:00:00,2021-02-02,18,2,154,153,154,145,152,869,0.5,24,1.7,0.0,1.5,109.8,False,24,3,False
2021-02-02 19:00:00,2021-02-02,19,2,142,135,122,111,128,2312,-0.4,28,2.9,0.0,1.5,109.8,False,24,3,False
2021-02-02 20:00:00,2021-02-02,20,2,104,118,114,114,113,1,-1.2,29,3.5,0.0,1.5,109.8,False,24,3,False
2021-02-02 21:00:00,2021-02-02,21,2,108,110,114,113,111,177,-1.6,31,3.5,0.0,1.5,109.8,False,24,3,False
2021-02-02 22:00:00,2021-02-02,22,2,92,106,100,104,101,184,-2.0,36,3.1,0.0,1.5,109.8,False,24,3,False
2021-02-02 23:00:00,2021-02-02,23,2,109,108,95,72,96,50,-2.8,39,0.7,0.0,1.5,109.8,False,24,3,False
2021-02-03 00:00:00,2021-02-03,0,3,69,65,64,66,66,7,-3.5,43,0.9,0.0,1.5,109.8,False,25,3,False
2021-02-03 01:00:00,2021-02-03,1,3,90,104,115,111,105,487,-2.8,42,1.1,0.0,1.5,109.8,False,25,3,False
2021-02-03 02:00:00,2021-02-03,2,3,113,113,115,109,113,119,-3.5,46,0.3,0.0,1.5,109.8,False,25,3,False
2021-02-03 03:00:00,2021-02-03,3,3,99,105,107,110,105,499,-3.7,46,0.2,0.0,1.5,109.8,False,25,3,False
2021-02-03 04:00:00,2021-02-03,4,3,109,108,102,104,106,28,-3.4,58,2.1,0.0,1.5,109.8,False,25,3,False
2021-02-03 05:00:00,2021-02-03,5,3,82,77,99,107,91,37,-3.7,67,2.8,0.0,1.5,109.8,False,25,3,False
2021-02-03 06:00:00,2021-02-03,6,3,118,113,109,108,112,212,-4.1,69,2.2,0.0,1.5,109.8,False,25,3,False
2021-02-03 07:00:00,2021-02-03,7,3,106,119,140,149,129,873,-4.0,56,3.1,0.0,1.5,109.8,False,25,3,False
2021-02-03 08:00:00,2021-02-03,8,3,159,181,174,167,170,234,-3.9,44,2.5,0.0,1.5,109.8,False,25,3,False
2021-02-03 09:00:00,2021-02-03,9,3,170,169,171,169,170,297,-3.2,35,3.3,0.0,1.0,109.8,False,25,3,False
2021-02-03 10:00:00,2021-02-03,10,3,132,156,164,170,156,931,-2.0,29,4.1,0.0,1.0,109.8,False,25,3,False
2021-02-03 11:00:00,2021-02-03,11,3,172,153,163,160,162,850,-0.7,24,4.1,0.0,1.0,109.8,False,25,3,False
2021-02-03 12:00:00,2021-02-03,12,3,106,89,90,121,102,110,1.3,20,3.6,0.0,1.0,109.8,False,25,3,False
2021-02-03 13:00:00,2021-02-03,13,3,152,156,165,159,158,693,2.0,15,3.3,0.0,1.0,109.8,False,25,3,False
2021-02-03 14:00:00,2021-02-03,14,3,158,156,158,163,159,1683,3.5,15,2.5,0.0,1.0,109.8,False,25,3,False
2021-02-03 15:00:00,2021-02-03,15,3,135,153,156,161,151,1489,4.0,15,1.4,0.0,1.0,109.8,False,25,3,False
2021-02-03 16:00:00,2021-02-03,16,3,156,162,163,159,160,849,4.7,15,1.1,0.0,1.0,109.8,False,25,3,False
2021-02-03 17:00:00,2021-02-03,17,3,128,113,137,151,132,508,4.2,15,0.9,0.0,1.0,109.8,False,25,3,False
2021-02-03 18:00:00,2021-02-03,18,3,150,145,123,110,132,666,2.6,18,0.9,0.0,1.5,109.8,False,25,3,False
2021-02-03 19:00:00,2021-02-03,19,3,112,119,117,111,115,3591,1.8,29,0.4,0.0,1.5,109.8,False,25,3,False
2021-02-03 20:00:00,2021-02-03,20,3,108,125,130,126,122,32,0.4,36,1.0,0.0,1.5,109.8,False,25,3,False
2021-02-03 21:00:00,2021-02-03,21,3,132,123,120,116,123,18,0.6,30,0.9,0.0,1.5,109.8,False,25,3,False
2021-02-03 22:00:00,2021-02-03,22,3,106,111,116,118,113,306,0.5,33,2.2,0.0,1.5,109.8,False,25,3,False
2021-02-03 23:00:00,2021-02-03,23,3,114,114,109,81,105,17,0.2,39,2.6,0.0,1.5,109.8,False,25,3,False
2021-02-04 00:00:00,2021-02-04,0,4,72,67,66,66,68,231,1.0,42,3.5,0.0,1.5,109.8,False,3,4,True
2021-02-04 01:00:00,2021-02-04,1,4,96,108,119,109,108,132,1.2,39,3.1,0.0,1.5,109.8,False,3,4,True
2021-02-04 02:00:00,2021-02-04,2,4,106,106,111,116,110,40,2.1,42,2.6,0.0,1.5,109.8,False,3,4,True
2021-02-04 03:00:00,2021-02-04,3,4,104,105,104,113,107,630,2.2,52,2.7,0.0,1.5,109.8,False,3,4,True
2021-02-04 04:00:00,2021-02-04,4,4,115,109,108,103,109,155,2.9,63,2.5,0.0,1.5,109.8,False,3,4,True
2021-02-04 05:00:00,2021-02-04,5,4,85,78,91,107,90,116,2.8,68,2.4,0.0,1.5,109.8,False,3,4,True
2021-02-04 06:00:00,2021-02-04,6,4,118,112,105,100,109,322,2.6,67,2.1,0.0,1.5,109.8,False,3,4,True
2021-02-04 07:00:00,2021-02-04,7,4,110,125,142,136,128,469,2.8,65,1.9,0.0,1.5,109.8,False,3,4,True
2021-02-04 08:00:00,2021-02-04,8,4,154,153,159,159,156,793,2.8,49,2.7,0.0,1.5,109.8,False,3,4,True
2021-02-04 09:00:00,2021-02-04,9,4,158,158,159,166,160,751,3.1,36,2.8,0.0,1.0,109.8,False,3,4,True
2021-02-04 10:00:00,2021-02-04,10,4,127,158,173,168,157,3151,3.7,25,3.9,0.0,1.0,109.8,False,3,4,True
2021-02-04 11:00:00,2021-02-04,11,4,141,150,155,149,149,1159,4.9,20,3.7,0.0,1.0,109.8,False,3,4,True
2021-02-04 12:00:00,2021-02-04,12,4,81,64,94,118,89,108,5.4,17,3.8,0.0,1.0,109.8,False,3,4,True
2021-02-04 13:00:00,2021-02-04,13,4,158,158,154,151,155,695,6.5,15,3.4,0.0,1.0,109.8,False,3,4,True
2021-02-04 14:00:00,2021-02-04,14,4,143,154,151,160,152,1221,6.8,15,3.4,0.0,1.0,109.8,False,3,4,True
2021-02-04 15:00:00,2021-02-04,15,4,125,142,144,149,140,760,7.2,14,2.9,0.0,1.0,109.8,False,3,4,True
2021-02-04 16:00:00,2021-02-04,16,4,140,141,145,140,142,679,7.2,15,3.1,0.0,1.0,109.8,False,3,4,True
2021-02-04 17:00:00,2021-02-04,17,4,105,103,138,143,122,310,6.3,16,3.6,0.0,1.0,109.8,False,3,4,True
2021-02-04 18:00:00,2021-02-04,18,4,139,138,135,145,139,1043,4.9,19,3.1,0.0,1.5,109.8,False,3,4,True
2021-02-04 19:00:00,2021-02-04,19,4,135,119,103,94,113,951,4.0,21,2.8,0.0,1.5,109.8,False,3,4,True
2021-02-04 20:00:00,2021-02-04,20,4,91,96,105,111,101,81,3.0,24,2.9,0.0,1.5,109.8,False,3,4,True
2021-02-04 21:00:00,2021-02-04,21,4,110,105,109,109,108,2,1.5,27,1.4,0.0,1.5,109.8,False,3,4,True
2021-02-04 22:00:00,2021-02-04,22,4,96,111,111,109,107,312,1.7,26,1.9,0.0,1.5,109.8,False,3,4,True
2021-02-04 23:00:00,2021-02-04,23,4,109,112,102,65,97,300,1.4,26,1.9,0.0,1.5,109.8,False,3,4,True
2021-02-05 00:00:00,2021-02-05,0,5,63,63,64,63,63,60,1.8,25,1.5,0.0,1.5,109.8,False,1,7,True
2021-02-05 01:00:00,2021-02-05,1,5,96,93,116,113,105,128,1.5,26,2.2,0.0,1.5,109.8,False,1,7,True
2021-02-05 02:00:00,2021-02-05,2,5,106,96,106,107,104,234,0.4,30,2.0,0.0,1.5,109.8,False,1,7,True
2021-02-05 03:00:00,2021-02-05,3,5,92,110,110,109,105,148,-0.1,33,2.5,0.0,1.5,109.8,False,1,7,True
2021-02-05 04:00:00,2021-02-05,4,5,108,105,106,108,107,140,-0.3,34,3.6,0.0,1.5,109.8,False,1,7,True
2021-02-05 05:00:00,2021-02-05,5,5,89,83,99,98,92,213,0.2,32,2.6,0.0,1.5,109.8,False,1,7,True
2021-02-05 06:00:00,2021-02-05,6,5,102,111,110,103,107,33,-0.7,38,4.0,0.0,1.5,109.8,False,1,7,True
2021-02-05 07:00:00,2021-02-05,7,5,92,75,48,29,61,2623,-0.5,39,1.3,0.0,1.5,109.8,False,1,7,True
2021-02-05 08:00:00,2021-02-05,8,5,27,25,22,22,24,686,0.1,41,3.2,0.0,1.5,109.8,False,1,7,True
2021-02-05 09:00:00,2021-02-05,9,5,22,22,22,22,22,662,1.8,40,1.8,0.0,1.0,109.8,False,1,7,True
2021-02-05 10:00:00,2021-02-05,10,5,22,22,22,22,22,2737,2.8,41,1.6,0.0,1.0,109.8,False,1,7,True
2021-02-05 11:00:00,2021-02-05,11,5,22,23,28,27,25,633,6.1,35,2.0,0.0,1.0,109.8,False,1,7,True
2021-02-05 12:00:00,2021-02-05,12,5,22,23,22,22,22,18,7.8,23,1.3,0.0,1.0,109.8,False,1,7,True
2021-02-05 13:00:00,2021-02-05,13,5,22,23,22,22,22,1901,9.0,18,2.0,0.0,1.0,109.8,False,1,7,True
2021-02-05 14:00:00,2021-02-05,14,5,22,23,22,23,23,1826,10.3,18,2.0,0.0,1.0,109.8,False,1,7,True
2021-02-05 15:00:00,2021-02-05,15,5,28,26,23,22,25,439,10.6,21,1.9,0.0,1.0,109.8,False,1,7,True
2021-02-05 16:00:00,2021-02-05,16,5,23,23,22,23,23,3627,10.1,14,3.2,0.0,1.0,109.8,False,1,7,True
2021-02-05 17:00:00,2021-02-05,17,5,22,22,22,23,22,116,9.8,16,3.7,0.0,1.0,109.8,False,1,7,True
2021-02-05 18:00:00,2021-02-05,18,5,22,23,27,27,25,1063,8.8,20,2.3,0.0,1.5,109.8,False,1,7,True
2021-02-05 19:00:00,2021-02-05,19,5,22,22,22,22,22,666,8.0,22,1.6,0.0,1.5,109.8,False,1,7,True
2021-02-05 20:00:00,2021-02-05,20,5,22,22,22,22,22,595,7.7,25,2.6,0.0,1.5,109.8,False,1,7,True
2021-02-05 21:00:00,2021-02-05,21,5,23,22,22,27,24,0,7.0,26,1.3,0.0,1.5,109.8,False,1,7,True
2021-02-05 22:00:00,2021-02-05,22,5,26,22,22,22,23,0,6.7,26,0.9,0.0,1.5,109.8,False,1,7,True
2021-02-05 23:00:00,2021-02-05,23,5,22,22,22,22,22,500,6.9,25,2.2,0.0,1.5,109.8,False,1,7,True
2021-02-06 00:00:00,2021-02-06,0,6,71,64,65,65,66,300,6.8,25,2.6,0.0,1.5,109.8,False,26,6,False
2021-02-06 01:00:00,2021-02-06,1,6,97,106,111,110,106,100,5.9,27,0.8,0.0,1.5,109.8,False,26,6,False
2021-02-06 02:00:00,2021-02-06,2,6,107,100,98,111,104,564,5.0,27,0.4,0.0,1.5,109.8,False,26,6,False
2021-02-06 03:00:00,2021-02-06,3,6,95,112,112,107,107,32,4.6,27,0.6,0.0,1.5,109.8,False,26,6,False
2021-02-06 04:00:00,2021-02-06,4,6,105,108,113,109,109,361,2.2,36,1.6,0.0,1.5,109.8,False,26,6,False
2021-02-06 05:00:00,2021-02-06,5,6,80,73,97,110,90,0,3.7,30,1.6,0.0,1.5,109.8,False,26,6,False
2021-02-06 06:00:00,2021-02-06,6,6,104,96,106,103,102,4,3.4,30,1.8,0.0,1.5,109.8,False,26,6,False
2021-02-06 07:00:00,2021-02-06,7,6,92,90,68,32,71,1510,1.3,36,0.5,0.0,1.5,109.8,False,26,6,False
2021-02-06 08:00:00,2021-02-06,8,6,22,22,24,23,23,0,2.4,39,0.0,0.0,1.5,109.8,False,26,6,False
2021-02-06 09:00:00,2021-02-06,9,6,24,24,24,28,25,0,6.3,38,0.3,0.0,1.0,109.8,False,26,6,False
2021-02-06 10:00:00,2021-02-06,10,6,29,25,25,25,26,0,8.8,30,1.1,0.0,1.0,109.8,False,26,6,False
2021-02-06 11:00:00,2021-02-06,11,6,24,25,29,27,26,0,11.1,26,1.0,0.0,1.0,109.8,False,26,6,False
2021-02-06 12:00:00,2021-02-06,12,6,25,25,24,24,25,0,11.6,23,2.1,0.0,1.0,109.8,False,26,6,False
2021-02-06 13:00:00,2021-02-06,13,6,27,22,22,21,23,0,14.0,23,1.0,0.0,1.0,109.8,False,26,6,False
2021-02-06 14:00:00,2021-02-06,14,6,22,23,22,22,22,0,14.2,24,1.6,0.0,1.0,109.8,False,26,6,False
2021-02-06 15:00:00,2021-02-06,15,6,22,23,23,22,23,0,14.9,24,1.7,0.0,1.0,109.8,False,26,6,False
2021-02-06 16:00:00,2021-02-06,16,6,26,27,23,23,25,0,14.5,35,1.8,0.0,1.0,109.8,False,26,6,False
2021-02-06 17:00:00,2021-02-06,17,6,23,22,22,23,23,0,14.1,39,1.1,0.0,1.0,109.8,False,26,6,False
2021-02-06 18:00:00,2021-02-06,18,6,22,22,22,22,22,0,11.7,44,0.3,0.0,1.5,109.8,False,26,6,False
2021-02-06 19:00:00,2021-02-06,19,6,23,22,26,27,25,0,11.2,41,0.2,0.0,1.5,109.8,False,26,6,False
2021-02-06 20:00:00,2021-02-06,20,6,23,22,22,23,23,0,11.1,42,1.5,0.0,1.5,109.8,False,26,6,False
2021-02-06 21:00:00,2021-02-06,21,6,23,23,22,23,23,0,9.0,52,0.5,0.0,1.5,109.8,False,26,6,False
2021-02-06 22:00:00,2021-02-06,22,6,23,23,22,22,23,0,8.8,59,2.0,0.0,1.5,109.8,False,26,6,False
2021-02-06 23:00:00,2021-02-06,23,6,26,27,22,22,24,0,8.6,65,1.0,0.0,1.5,109.8,False,26,6,False
2021-02-07 00:00:00,2021-02-07,0,7,23,22,23,22,23,0,8.1,70,1.5,0.0,1.5,109.8,False,27,5,False
2021-02-07 01:00:00,2021-02-07,1,7,22,22,22,21,22,0,6.2,75,1.3,0.0,1.5,109.8,False,27,5,False
2021-02-07 02:00:00,2021-02-07,2,7,22,24,27,25,25,0,7.0,73,1.7,0.0,1.5,109.8,False,27,5,False
2021-02-07 03:00:00,2021-02-07,3,7,22,22,22,22,22,0,6.0,70,2.2,0.0,1.5,109.8,False,27,5,False
2021-02-07 04:00:00,2021-02-07,4,7,22,22,23,23,23,0,5.8,72,2.0,0.0,1.5,109.8,False,27,5,False
2021-02-07 05:00:00,2021-02-07,5,7,22,22,22,23,22,0,6.1,74,2.3,0.0,1.5,109.8,False,27,5,False
2021-02-07 06:00:00,2021-02-07,6,7,25,26,22,22,24,0,5.1,78,1.0,0.0,1.5,109.8,False,27,5,False
2021-02-07 07:00:00,2021-02-07,7,7,22,22,22,21,22,0,6.8,67,1.9,0.0,1.5,109.8,False,27,5,False
2021-02-07 08:00:00,2021-02-07,8,7,21,22,21,22,22,0,5.3,80,2.3,0.0,1.5,109.8,False,27,5,False
2021-02-07 09:00:00,2021-02-07,9,7,22,24,26,24,24,0,8.1,69,0.9,0.0,1.0,109.8,False,27,5,False
2021-02-07 10:00:00,2021-02-07,10,7,22,22,22,23,22,0,9.0,63,1.8,0.0,1.0,109.8,False,27,5,False
2021-02-07 11:00:00,2021-02-07,11,7,22,22,22,22,22,0,10.8,57,2.6,0.0,1.0,109.8,False,27,5,False
2021-02-07 12:00:00,2021-02-07,12,7,23,23,23,27,24,0,11.8,50,1.9,0.0,1.0,109.8,False,27,5,False
2021-02-07 13:00:00,2021-02-07,13,7,25,22,23,22,23,0,12.7,43,1.7,0.0,1.0,109.8,False,27,5,False
2021-02-07 14:00:00,2021-02-07,14,7,22,22,23,22,22,0,13.6,38,2.0,0.0,1.0,109.8,False,27,5,False
2021-02-07 15:00:00,2021-02-07,15,7,22,22,23,22,22,0,13.4,44,1.9,0.0,1.0,109.8,False,27,5,False
2021-02-07 16:00:00,2021-02-07,16,7,27,27,23,23,25,0,12.5,60,2.0,0.0,1.0,109.8,False,27,5,False
2021-02-07 17:00:00,2021-02-07,17,7,22,22,22,22,22,0,11.6,61,0.7,0.0,1.0,109.8,False,27,5,False
2021-02-07 18:00:00,2021-02-07,18,7,22,22,22,22,22,0,10.9,54,1.3,0.0,1.5,109.8,False,27,5,False
2021-02-07 19:00:00,2021-02-07,19,7,22,23,26,24,24,0,10.2,38,1.9,0.0,1.5,109.8,False,27,5,False
2021-02-07 20:00:00,2021-02-07,20,7,22,22,22,22,22,0,10.0,38,2.8,0.0,1.5,109.8,False,27,5,False
2021-02-07 21:00:00,2021-02-07,21,7,23,22,23,22,23,0,9.5,38,2.6,0.0,1.5,109.8,False,27,5,False
2021-02-07 22:00:00,2021-02-07,22,7,22,22,22,25,23,0,9.1,39,3.5,0.0,1.5,109.8,False,27,5,False
2021-02-07 23:00:00,2021-02-07,23,7,26,23,22,23,24,0,8.4,34,2.8,0.0,1.5,109.8,False,27,5,False
2021-02-08 00:00:00,2021-02-08,0,1,64,63,63,62,63,0,7.1,38,3.4,0.0,1.5,109.8,False,6,4,True
2021-02-08 01:00:00,2021-02-08,1,1,87,94,105,110,99,0,5.7,26,3.4,0.0,1.5,109.8,False,6,4,True
2021-02-08 02:00:00,2021-02-08,2,1,104,98,98,111,103,0,3.4,21,2.6,0.0,1.5,109.8,False,6,4,True
2021-02-08 03:00:00,2021-02-08,3,1,90,105,99,104,100,0,2.2,27,2.4,0.0,1.5,109.8,False,6,4,True
2021-02-08 04:00:00,2021-02-08,4,1,105,105,100,110,105,0,1.7,27,4.0,0.0,1.5,109.8,False,6,4,True
2021-02-08 05:00:00,2021-02-08,5,1,82,72,94,101,87,0,0.0,34,2.5,0.0,1.5,109.8,False,6,4,True
2021-02-08 06:00:00,2021-02-08,6,1,109,104,96,81,98,0,0.3,35,3.8,0.0,1.5,109.8,False,6,4,True
2021-02-08 07:00:00,2021-02-08,7,1,72,77,107,117,93,0,-0.2,32,2.2,0.0,1.5,109.8,False,6,4,True
2021-02-08 08:00:00,2021-02-08,8,1,141,154,161,160,154,669,-0.1,31,1.3,0.0,1.5,109.8,False,6,4,True
2021-02-08 09:00:00,2021-02-08,9,1,165,160,160,156,160,538,0.7,31,2.8,0.0,1.0,109.8,False,6,4,True
2021-02-08 10:00:00,2021-02-08,10,1,127,153,138,150,142,785,1.8,28,3.2,0.0,1.0,109.8,False,6,4,True
2021-02-08 11:00:00,2021-02-08,11,1,159,160,167,171,164,2411,2.7,21,4.2,0.0,1.0,109.8,False,6,4,True
2021-02-08 12:00:00,2021-02-08,12,1,106,87,94,124,103,120,3.4,20,4.7,0.0,1.0,109.8,False,6,4,True
2021-02-08 13:00:00,2021-02-08,13,1,157,174,168,160,165,909,4.6,21,3.9,0.0,1.0,109.8,False,6,4,True
2021-02-08 14:00:00,2021-02-08,14,1,156,164,167,176,166,2129,5.2,20,4.0,0.0,1.0,109.8,False,6,4,True
2021-02-08 15:00:00,2021-02-08,15,1,139,173,153,180,161,1722,4.9,17,4.7,0.0,1.0,109.8,False,6,4,True
2021-02-08 16:00:00,2021-02-08,16,1,150,166,164,152,158,3012,4.8,17,4.4,0.0,1.0,109.8,False,6,4,True
2021-02-08 17:00:00,2021-02-08,17,1,127,110,147,161,136,273,4.4,17,2.6,0.0,1.0,109.8,False,6,4,True
2021-02-08 18:00:00,2021-02-08,18,1,150,156,152,157,154,992,2.6,20,1.5,0.0,1.5,109.8,False,6,4,True
2021-02-08 19:00:00,2021-02-08,19,1,155,144,140,128,142,2012,1.2,23,1.3,0.0,1.5,109.8,False,6,4,True
2021-02-08 20:00:00,2021-02-08,20,1,134,132,117,132,129,33,1.0,23,3.6,0.0,1.5,109.8,False,6,4,True
2021-02-08 21:00:00,2021-02-08,21,1,132,123,116,114,121,37,0.0,26,2.4,0.0,1.5,109.8,False,6,4,True
2021-02-08 22:00:00,2021-02-08,22,1,91,109,115,113,107,0,-0.8,30,2.4,0.0,1.5,109.8,False,6,4,True
2021-02-08 23:00:00,2021-02-08,23,1,105,114,104,82,101,65,-1.5,32,2.4,0.0,1.5,109.8,False,6,4,True
2021-02-09 00:00:00,2021-02-09,0,2,72,69,65,65,68,147,-2.0,34,2.6,0.0,1.5,109.8,False,28,3,False
2021-02-09 01:00:00,2021-02-09,1,2,92,97,103,103,99,96,-2.3,35,2.3,0.0,1.5,109.8,False,28,3,False
2021-02-09 02:00:00,2021-02-09,2,2,107,106,99,103,104,200,-2.7,38,3.7,0.0,1.5,109.8,False,28,3,False
2021-02-09 03:00:00,2021-02-09,3,2,92,109,113,99,103,513,-3.5,40,1.4,0.0,1.5,109.8,False,28,3,False
2021-02-09 04:00:00,2021-02-09,4,2,96,101,100,101,100,83,-3.2,39,2.2,0.0,1.5,109.8,False,28,3,False
2021-02-09 05:00:00,2021-02-09,5,2,84,73,90,91,85,56,-2.9,40,2.9,0.0,1.5,109.8,False,28,3,False
2021-02-09 06:00:00,2021-02-09,6,2,102,100,106,105,103,540,-2.8,38,2.2,0.0,1.5,109.8,False,28,3,False
2021-02-09 07:00:00,2021-02-09,7,2,105,115,150,140,128,996,-3.1,39,2.2,0.0,1.5,109.8,False,28,3,False
2021-02-09 08:00:00,2021-02-09,8,2,158,169,174,174,169,520,-2.8,37,3.7,0.0,1.5,109.8,False,28,3,False
2021-02-09 09:00:00,2021-02-09,9,2,168,179,178,164,172,636,-1.1,32,3.2,0.0,1.0,109.8,False,28,3,False
2021-02-09 10:00:00,2021-02-09,10,2,135,180,178,172,166,477,0.6,25,3.1,0.0,1.0,109.8,False,28,3,False
2021-02-09 11:00:00,2021-02-09,11,2,168,166,178,174,172,592,2.1,22,2.6,0.0,1.0,109.8,False,28,3,False
2021-02-09 12:00:00,2021-02-09,12,2,119,102,96,122,110,65,4.7,21,1.9,0.0,1.0,109.8,False,28,3,False
2021-02-09 13:00:00,2021-02-09,13,2,159,162,175,181,169,1161,6.0,21,2.8,0.0,1.0,109.8,False,28,3,False
2021-02-09 14:00:00,2021-02-09,14,2,168,160,163,170,165,923,7.1,20,3.4,0.0,1.0,109.8,False,28,3,False
2021-02-09 15:00:00,2021-02-09,15,2,129,170,168,164,158,1319,7.3,19,3.3,0.0,1.0,109.8,False,28,3,False
2021-02-09 16:00:00,2021-02-09,16,2,159,146,144,154,151,1198,7.4,19,3.5,0.0,1.0,109.8,False,28,3,False
2021-02-09 17:00:00,2021-02-09,17,2,108,104,144,161,129,885,7.2,20,2.6,0.0,1.0,109.8,False,28,3,False
2021-02-09 18:00:00,2021-02-09,18,2,156,156,161,145,155,1801,5.5,23,0.9,0.0,1.5,109.8,False,28,3,False
2021-02-09 19:00:00,2021-02-09,19,2,148,136,131,111,132,2578,3.6,27,1.3,0.0,1.5,109.8,False,28,3,False
2021-02-09 20:00:00,2021-02-09,20,2,106,112,106,113,109,50,3.7,27,1.8,0.0,1.5,109.8,False,28,3,False
2021-02-09 21:00:00,2021-02-09,21,2,107,110,100,103,105,13,4.1,26,2.9,0.0,1.5,109.8,False,28,3,False
2021-02-09 22:00:00,2021-02-09,22,2,87,102,106,109,101,148,2.8,29,1.9,0.0,1.5,109.8,False,28,3,False
2021-02-09 23:00:00,2021-02-09,23,2,106,95,98,79,95,167,3.8,28,2.2,0.0,1.5,109.8,False,28,3,False
2021-02-10 00:00:00,2021-02-10,0,3,64,64,64,67,65,121,2.5,33,2.4,0.0,1.5,109.8,False,29,3,False
2021-02-10 01:00:00,2021-02-10,1,3,96,107,104,103,103,39,2.4,36,3.1,0.0,1.5,109.8,False,29,3,False
2021-02-10 02:00:00,2021-02-10,2,3,103,109,101,104,104,158,2.6,36,3.2,0.0,1.5,109.8,False,29,3,False
2021-02-10 03:00:00,2021-02-10,3,3,89,104,100,104,99,40,3.0,37,3.1,0.0,1.5,109.8,False,29,3,False
2021-02-10 04:00:00,2021-02-10,4,3,108,106,106,104,106,143,2.3,41,1.4,0.0,1.5,109.8,False,29,3,False
2021-02-10 05:00:00,2021-02-10,5,3,94,81,91,98,91,574,2.6,39,4.2,0.0,1.5,109.8,False,29,3,False
2021-02-10 06:00:00,2021-02-10,6,3,106,100,102,107,104,246,2.4,39,2.5,0.0,1.5,109.8,False,29,3,False
2021-02-10 07:00:00,2021-02-10,7,3,106,106,131,131,119,577,2.2,40,1.9,0.0,1.5,109.8,False,29,3,False
2021-02-10 08:00:00,2021-02-10,8,3,142,157,156,165,155,324,1.4,45,2.1,0.0,1.5,109.8,False,29,3,False
2021-02-10 09:00:00,2021-02-10,9,3,166,163,169,166,166,1812,3.1,42,1.8,0.0,1.0,109.8,False,29,3,False
2021-02-10 10:00:00,2021-02-10,10,3,134,169,177,175,164,903,4.9,38,2.6,0.0,1.0,109.8,False,29,3,False
2021-02-10 11:00:00,2021-02-10,11,3,161,149,168,165,161,1468,7.0,34,2.0,0.0,1.0,109.8,False,29,3,False
2021-02-10 12:00:00,2021-02-10,12,3,116,101,102,125,111,508,9.0,29,2.5,0.0,1.0,109.8,False,29,3,False
2021-02-10 13:00:00,2021-02-10,13,3,158,145,156,151,153,483,10.7,23,1.5,0.0,1.0,109.8,False,29,3,False
2021-02-10 14:00:00,2021-02-10,14,3,153,162,169,165,162,180,11.8,21,2.3,0.0,1.0,109.8,False,29,3,False
2021-02-10 15:00:00,2021-02-10,15,3,128,162,161,158,152,0,11.7,19,2.8,0.0,1.0,109.8,False,29,3,False
2021-02-10 16:00:00,2021-02-10,16,3,154,156,150,150,153,0,11.8,20,2.2,0.0,1.0,109.8,False,29,3,False
2021-02-10 17:00:00,2021-02-10,17,3,123,118,143,135,130,0,11.0,23,1.3,0.0,1.0,109.8,False,29,3,False
2021-02-10 18:00:00,2021-02-10,18,3,122,123,123,121,122,0,9.6,27,2.2,0.0,1.5,109.8,False,29,3,False
2021-02-10 19:00:00,2021-02-10,19,3,120,123,122,128,123,0,7.9,35,2.5,0.0,1.5,109.8,False,29,3,False
2021-02-10 20:00:00,2021-02-10,20,3,122,124,142,145,133,0,7.4,40,2.8,0.0,1.5,109.8,False,29,3,False
2021-02-10 21:00:00,2021-02-10,21,3,141,132,128,115,129,0,6.6,43,1.5,0.0,1.5,109.8,False,29,3,False
2021-02-10 22:00:00,2021-02-10,22,3,108,124,122,116,118,0,5.7,50,1.8,0.0,1.5,109.8,False,29,3,False
2021-02-10 23:00:00,2021-02-10,23,3,115,113,103,88,105,0,5.1,55,2.6,0.0,1.5,109.8,False,29,3,False
2021-02-11 00:00:00,2021-02-11,0,4,72,70,69,68,70,0,4.0,61,2.3,0.0,1.5,109.8,False,9,4,True
2021-02-11 01:00:00,2021-02-11,1,4,100,103,112,113,107,0,6.2,53,3.2,0.0,1.5,109.8,False,9,4,True
2021-02-11 02:00:00,2021-02-11,2,4,106,95,105,111,104,0,4.5,60,1.8,0.0,1.5,109.8,False,9,4,True
2021-02-11 03:00:00,2021-02-11,3,4,98,107,103,96,101,0,3.9,65,2.1,0.0,1.5,109.8,False,9,4,True
2021-02-11 04:00:00,2021-02-11,4,4,113,114,110,108,111,0,4.0,69,1.3,0.0,1.5,109.8,False,9,4,True
2021-02-11 05:00:00,2021-02-11,5,4,83,76,97,103,90,0,3.5,73,1.9,0.0,1.5,109.8,False,9,4,True
2021-02-11 06:00:00,2021-02-11,6,4,107,107,107,100,105,0,3.0,75,1.9,0.0,1.5,109.8,False,9,4,True
2021-02-11 07:00:00,2021-02-11,7,4,113,127,149,143,133,0,3.6,74,2.7,0.0,1.5,109.8,False,9,4,True
2021-02-11 08:00:00,2021-02-11,8,4,155,175,171,169,168,0,3.2,75,1.8,0.0,1.5,109.8,False,9,4,True
2021-02-11 09:00:00,2021-02-11,9,4,172,157,168,175,168,0,4.9,69,2.4,0.0,1.0,109.8,False,9,4,True
2021-02-11 10:00:00,2021-02-11,10,4,127,165,168,164,156,0,7.1,59,1.5,0.0,1.0,109.8,False,9,4,True
2021-02-11 11:00:00,2021-02-11,11,4,174,165,168,164,168,0,9.2,51,2.2,0.0,1.0,109.8,False,9,4,True
2021-02-11 12:00:00,2021-02-11,12,4,108,93,93,122,104,0,10.2,47,1.8,0.0,1.0,109.8,False,9,4,True
2021-02-11 13:00:00,2021-02-11,13,4,160,149,155,150,154,0,10.9,41,1.8,0.0,1.0,109.8,False,9,4,True
2021-02-11 14:00:00,2021-02-11,14,4,160,157,160,157,159,0,11.3,43,2.9,0.0,1.0,109.8,False,9,4,True
2021-02-11 15:00:00,2021-02-11,15,4,126,159,160,153,150,0,10.9,49,3.0,0.0,1.0,109.8,False,9,4,True
2021-02-11 16:00:00,2021-02-11,16,4,153,151,163,160,157,0,10.0,63,3.1,0.0,1.0,109.8,False,9,4,True
2021-02-11 17:00:00,2021-02-11,17,4,119,107,158,159,136,0,9.8,68,2.6,0.0,1.0,109.8,False,9,4,True
2021-02-11 18:00:00,2021-02-11,18,4,152,143,145,139,145,0,9.2,69,1.1,0.0,1.5,109.8,False,9,4,True
2021-02-11 19:00:00,2021-02-11,19,4,142,135,142,125,136,0,8.7,72,1.4,0.0,1.5,109.8,False,9,4,True
2021-02-11 20:00:00,2021-02-11,20,4,113,120,130,120,121,0,7.9,75,1.4,0.0,1.5,109.8,False,9,4,True
2021-02-11 21:00:00,2021-02-11,21,4,116,106,111,104,109,0,7.5,75,0.9,0.0,1.5,109.8,False,9,4,True
2021-02-11 22:00:00,2021-02-11,22,4,92,105,110,109,104,0,7.2,77,1.7,0.0,1.5,109.8,False,9,4,True
2021-02-11 23:00:00,2021-02-11,23,4,101,110,105,83,100,0,7.1,77,2.0,0.0,1.5,109.8,False,9,4,True
2021-02-12 00:00:00,2021-02-12,0,5,71,64,65,65,66,0,5.9,85,0.7,0.0,1.5,109.8,False,26,6,True
2021-02-12 01:00:00,2021-02-12,1,5,97,106,111,110,106,0,6.2,81,1.2,0.0,1.5,109.8,False,26,6,True
2021-02-12 02:00:00,2021-02-12,2,5,107,100,98,111,104,0,6.2,80,1.0,0.0,1.5,109.8,False,26,6,True
2021-02-12 03:00:00,2021-02-12,3,5,95,112,112,107,107,0,6.0,79,1.5,0.0,1.5,109.8,False,26,6,True
2021-02-12 04:00:00,2021-02-12,4,5,105,108,113,109,109,0,4.7,83,0.2,0.0,1.5,109.8,False,26,6,True
2021-02-12 05:00:00,2021-02-12,5,5,80,73,97,110,90,0,5.3,83,0.3,0.0,1.5,109.8,False,26,6,True
2021-02-12 06:00:00,2021-02-12,6,5,104,96,106,103,102,0,4.7,84,0.6,0.0,1.5,109.8,False,26,6,True
2021-02-12 07:00:00,2021-02-12,7,5,92,90,68,32,71,0,4.8,81,1.5,0.0,1.5,109.8,False,26,6,True
2021-02-12 08:00:00,2021-02-12,8,5,22,22,24,23,23,0,4.8,81,0.5,0.0,1.5,109.8,False,26,6,True
2021-02-12 09:00:00,2021-02-12,9,5,24,24,24,28,25,0,6.8,76,0.7,0.0,1.0,109.8,False,26,6,True
2021-02-12 10:00:00,2021-02-12,10,5,29,25,25,25,26,0,8.7,71,0.3,0.0,1.0,109.8,False,26,6,True
2021-02-12 11:00:00,2021-02-12,11,5,24,25,29,27,26,0,11.1,54,1.3,0.0,1.0,109.8,False,26,6,True
2021-02-12 12:00:00,2021-02-12,12,5,25,25,24,24,25,0,12.7,45,1.2,0.0,1.0,109.8,False,26,6,True
2021-02-12 13:00:00,2021-02-12,13,5,27,22,22,21,23,0,13.8,41,1.9,0.0,1.0,109.8,False,26,6,True
2021-02-12 14:00:00,2021-02-12,14,5,22,23,22,22,22,0,15.4,35,1.3,0.0,1.0,109.8,False,26,6,True
2021-02-12 15:00:00,2021-02-12,15,5,22,23,23,22,23,0,14.9,46,3.2,0.0,1.0,109.8,False,26,6,True
2021-02-12 16:00:00,2021-02-12,16,5,26,27,23,23,25,0,14.4,52,2.8,0.0,1.0,109.8,False,26,6,True
2021-02-12 17:00:00,2021-02-12,17,5,23,22,22,23,23,0,13.5,58,2.5,0.0,1.0,109.8,False,26,6,True
2021-02-12 18:00:00,2021-02-12,18,5,22,22,22,22,22,0,12.0,67,1.1,0.0,1.5,109.8,False,26,6,True
2021-02-12 19:00:00,2021-02-12,19,5,23,22,26,27,25,0,10.8,75,0.5,0.0,1.5,109.8,False,26,6,True
2021-02-12 20:00:00,2021-02-12,20,5,23,22,22,23,23,0,10.0,75,0.6,0.0,1.5,109.8,False,26,6,True
2021-02-12 21:00:00,2021-02-12,21,5,23,23,22,23,23,0,9.0,81,1.0,0.0,1.5,109.8,False,26,6,True
2021-02-12 22:00:00,2021-02-12,22,5,23,23,22,22,23,0,8.2,84,0.0,0.0,1.5,109.8,False,26,6,True
2021-02-12 23:00:00,2021-02-12,23,5,26,27,22,22,24,0,5.1,55,2.6,0.0,1.5,109.8,False,26,6,True
2021-02-13 00:00:00,2021-02-13,0,6,71,64,65,65,66,0,7.9,68,1.4,0.0,1.5,109.8,False,26,6,True
2021-02-13 01:00:00,2021-02-13,1,6,97,106,111,110,106,0,7.9,68,1.4,0.0,1.5,109.8,False,26,6,True
2021-02-13 02:00:00,2021-02-13,2,6,107,100,98,111,104,0,6.9,76,0.4,0.0,1.5,109.8,False,26,6,True
2021-02-13 03:00:00,2021-02-13,3,6,95,112,112,107,107,0,6.0,84,0.1,0.0,1.5,109.8,False,26,6,True
2021-02-13 04:00:00,2021-02-13,4,6,105,108,113,109,109,0,4.6,80,1.2,0.0,1.5,109.8,False,26,6,True
2021-02-13 05:00:00,2021-02-13,5,6,80,73,97,110,90,0,4.8,73,0.4,0.0,1.5,109.8,False,26,6,True
2021-02-13 06:00:00,2021-02-13,6,6,104,96,106,103,102,0,5.0,64,0.4,0.0,1.5,109.8,False,26,6,True
2021-02-13 07:00:00,2021-02-13,7,6,92,90,68,32,71,0,4.7,62,0.4,0.0,1.5,109.8,False,26,6,True
2021-02-13 08:00:00,2021-02-13,8,6,22,22,24,23,23,0,5.0,61,1.1,0.0,1.5,109.8,False,26,6,True
2021-02-13 09:00:00,2021-02-13,9,6,24,24,24,28,25,0,8.9,58,0.6,0.0,1.0,109.8,False,26,6,True
2021-02-13 10:00:00,2021-02-13,10,6,29,25,25,25,26,0,13.1,41,1.0,0.0,1.0,109.8,False,26,6,True
2021-02-13 11:00:00,2021-02-13,11,6,24,25,29,27,26,0,15.3,27,2.2,0.0,1.0,109.8,False,26,6,True
2021-02-13 12:00:00,2021-02-13,12,6,25,25,24,24,25,0,16.3,23,2.8,0.0,1.0,109.8,False,26,6,True
2021-02-13 13:00:00,2021-02-13,13,6,27,22,22,21,23,0,17.0,21,2.7,0.0,1.0,109.8,False,26,6,True
2021-02-13 14:00:00,2021-02-13,14,6,22,23,22,22,22,0,17.0,32,3.1,0.0,1.0,109.8,False,26,6,True
2021-02-13 15:00:00,2021-02-13,15,6,22,23,23,22,23,0,16.8,38,2.5,0.0,1.0,109.8,False,26,6,True
2021-02-13 16:00:00,2021-02-13,16,6,26,27,23,23,25,0,16.4,37,2.4,0.0,1.0,109.8,False,26,6,True
2021-02-13 17:00:00,2021-02-13,17,6,23,22,22,23,23,0,14.9,45,2.1,0.0,1.0,109.8,False,26,6,True
2021-02-13 18:00:00,2021-02-13,18,6,22,22,22,22,22,0,13.3,41,1.6,0.0,1.5,109.8,False,26,6,True
2021-02-13 19:00:00,2021-02-13,19,6,23,22,26,27,25,0,11.8,57,1.3,0.0,1.5,109.8,False,26,6,True
2021-02-13 20:00:00,2021-02-13,20,6,23,22,22,23,23,0,10.9,65,1.3,0.0,1.5,109.8,False,26,6,True
2021-02-13 21:00:00,2021-02-13,21,6,23,23,22,23,23,0,9.7,72,0.9,0.0,1.5,109.8,False,26,6,True
2021-02-13 22:00:00,2021-02-13,22,6,23,23,22,22,23,0,9.3,76,0.8,0.0,1.5,109.8,False,26,6,True
2021-02-13 23:00:00,2021-02-13,23,6,26,27,22,22,24,0,8.9,83,0.3,0.0,1.5,109.8,False,26,6,True
2021-02-14 00:00:00,2021-02-14,0,7,23,22,23,22,23,0,9.1,81,0.7,0.0,1.5,109.8,False,27,5,True
2021-02-14 01:00:00,2021-02-14,1,7,22,22,22,21,22,0,8.4,89,0.0,0.0,1.5,109.8,False,27,5,True
2021-02-14 02:00:00,2021-02-14,2,7,22,24,27,25,25,0,8.2,92,0.7,0.0,1.5,109.8,False,27,5,True
2021-02-14 03:00:00,2021-02-14,3,7,22,22,22,22,22,0,8.2,92,0.3,0.0,1.5,109.8,False,27,5,True
2021-02-14 04:00:00,2021-02-14,4,7,22,22,23,23,23,0,7.3,94,0.5,0.0,1.5,109.8,False,27,5,True
2021-02-14 05:00:00,2021-02-14,5,7,22,22,22,23,22,0,7.4,94,0.5,0.0,1.5,109.8,False,27,5,True
2021-02-14 06:00:00,2021-02-14,6,7,25,26,22,22,24,0,7.9,94,0.3,0.0,1.5,109.8,False,27,5,True
2021-02-14 07:00:00,2021-02-14,7,7,22,22,22,21,22,0,8.2,98,0.2,0.0,1.5,109.8,False,27,5,True
2021-02-14 08:00:00,2021-02-14,8,7,21,22,21,22,22,0,8.0,89,0.1,0.0,1.5,109.8,False,27,5,True
2021-02-14 09:00:00,2021-02-14,9,7,22,24,26,24,24,0,10.1,89,0.9,0.0,1.0,109.8,False,27,5,True
2021-02-14 10:00:00,2021-02-14,10,7,22,22,22,23,22,0,11.8,74,1.1,0.0,1.0,109.8,False,27,5,True
2021-02-14 11:00:00,2021-02-14,11,7,22,22,22,22,22,0,12.6,78,1.5,0.1,1.0,109.8,False,27,5,True
2021-02-14 12:00:00,2021-02-14,12,7,23,23,23,27,24,0,12.5,93,1.9,0.2,1.0,109.8,False,27,5,True
2021-02-14 13:00:00,2021-02-14,13,7,25,22,23,22,23,0,11.6,98,1.8,1.7,1.0,109.8,False,27,5,True
2021-02-14 14:00:00,2021-02-14,14,7,22,22,23,22,22,0,12.5,98,1.3,1.8,1.0,109.8,False,27,5,True
2021-02-14 15:00:00,2021-02-14,15,7,22,22,23,22,22,0,12.2,98,1.3,1.9,1.0,109.8,False,27,5,True
2021-02-14 16:00:00,2021-02-14,16,7,27,27,23,23,25,0,12.3,98,1.0,1.9,1.0,109.8,False,27,5,True
2021-02-14 17:00:00,2021-02-14,17,7,22,22,22,22,22,0,12.7,98,1.5,1.9,1.0,109.8,False,27,5,True
2021-02-14 18:00:00,2021-02-14,18,7,22,22,22,22,22,0,12.4,98,0.8,1.9,1.5,109.8,False,27,5,True
2021-02-14 19:00:00,2021-02-14,19,7,22,23,26,24,24,0,12.1,98,0.6,1.9,1.5,109.8,False,27,5,True
2021-02-14 20:00:00,2021-02-14,20,7,22,22,22,22,22,0,12.1,98,0.5,1.9,1.5,109.8,False,27,5,True
2021-02-14 21:00:00,2021-02-14,21,7,23,22,23,22,23,0,11.7,98,0.3,3.5,1.5,109.8,False,27,5,True
2021-02-14 22:00:00,2021-02-14,22,7,22,22,22,25,23,0,11.4,98,1.3,4.9,1.5,109.8,False,27,5,True
2021-02-14 23:00:00,2021-02-14,23,7,26,23,22,23,24,0,11.3,98,1.2,7.5,1.5,109.8,False,27,5,True
2021-02-15 00:00:00,2021-02-15,0,1,83,77,72,72,76,0,11.2,98,1.4,9.0,1.5,109.8,False,11,4,True
2021-02-15 01:00:00,2021-02-15,1,1,100,110,115,116,110,0,10.6,98,2.2,0.4,1.5,109.8,False,11,4,True
2021-02-15 02:00:00,2021-02-15,2,1,114,117,121,117,117,0,10.3,98,2.7,0.5,1.5,109.8,False,11,4,True
2021-02-15 03:00:00,2021-02-15,3,1,104,119,117,123,116,0,10.0,98,2.0,0.5,1.5,109.8,False,11,4,True
2021-02-15 04:00:00,2021-02-15,4,1,122,111,100,106,110,0,9.7,98,1.0,0.5,1.5,109.8,False,11,4,True
2021-02-15 05:00:00,2021-02-15,5,1,94,87,96,112,97,0,9.8,98,2.4,0.5,1.5,109.8,False,11,4,True
2021-02-15 06:00:00,2021-02-15,6,1,121,118,117,117,118,0,9.2,98,0.9,0.5,1.5,109.8,False,11,4,True
2021-02-15 07:00:00,2021-02-15,7,1,116,119,144,150,132,0,9.0,98,1.0,0.5,1.5,109.8,False,11,4,True
2021-02-15 08:00:00,2021-02-15,8,1,176,196,198,181,188,635,10.2,94,2.7,0.5,1.5,109.8,False,11,4,True
2021-02-15 09:00:00,2021-02-15,9,1,184,195,176,188,186,1362,10.8,75,3.0,0.5,1.0,109.8,False,11,4,True
2021-02-15 10:00:00,2021-02-15,10,1,138,174,181,164,164,825,11.5,66,3.7,0.5,1.0,109.8,False,11,4,True
2021-02-15 11:00:00,2021-02-15,11,1,162,180,167,184,173,2724,12.8,56,3.8,0.5,1.0,109.8,False,11,4,True
2021-02-15 12:00:00,2021-02-15,12,1,128,105,92,122,112,0,13.0,54,2.8,0.5,1.0,109.8,False,11,4,True
2021-02-15 13:00:00,2021-02-15,13,1,168,177,170,170,171,2776,13.8,53,4.1,0.5,1.0,109.8,False,11,4,True
2021-02-15 14:00:00,2021-02-15,14,1,182,181,173,172,177,2004,12.6,52,4.5,0.5,1.0,109.8,False,11,4,True
2021-02-15 15:00:00,2021-02-15,15,1,137,168,171,176,163,154,12.0,36,4.4,0.5,1.0,109.8,False,11,4,True
2021-02-15 16:00:00,2021-02-15,16,1,166,172,181,160,170,903,11.2,38,3.8,0.5,1.0,109.8,False,11,4,True
2021-02-15 17:00:00,2021-02-15,17,1,118,108,149,159,134,905,8.0,24,5.0,0.5,1.0,109.8,False,11,4,True
2021-02-15 18:00:00,2021-02-15,18,1,161,161,153,170,161,2247,5.9,27,4.3,0.5,1.5,109.8,False,11,4,True
2021-02-15 19:00:00,2021-02-15,19,1,162,159,154,147,156,478,4.3,31,5.9,0.5,1.5,109.8,False,11,4,True
2021-02-15 20:00:00,2021-02-15,20,1,133,131,127,120,128,51,3.2,31,5.5,0.5,1.5,109.8,False,11,4,True
2021-02-15 21:00:00,2021-02-15,21,1,124,131,129,124,127,213,2.2,30,1.9,0.5,1.5,109.8,False,11,4,True
2021-02-15 22:00:00,2021-02-15,22,1,108,111,116,123,115,98,1.9,29,2.1,0.5,1.5,109.8,False,11,4,True
2021-02-15 23:00:00,2021-02-15,23,1,116,120,110,85,108,452,1.6,26,2.7,0.5,1.5,109.8,False,11,4,True
2021-02-16 00:00:00,2021-02-16,0,2,76,73,71,72,73,250,0.6,30,3.1,0.0,1.5,109.8,False,30,3,False
2021-02-16 01:00:00,2021-02-16,1,2,100,115,120,109,111,312,-0.2,37,2.2,0.0,1.5,109.8,False,30,3,False
2021-02-16 02:00:00,2021-02-16,2,2,106,117,116,117,114,158,-0.7,41,3.0,0.0,1.5,109.8,False,30,3,False
2021-02-16 03:00:00,2021-02-16,3,2,106,113,114,113,112,124,-1.3,46,2.6,0.0,1.5,109.8,False,30,3,False
2021-02-16 04:00:00,2021-02-16,4,2,118,115,113,102,112,48,-2.3,51,1.0,0.0,1.5,109.8,False,30,3,False
2021-02-16 05:00:00,2021-02-16,5,2,79,75,102,111,92,204,-1.9,48,1.8,0.0,1.5,109.8,False,30,3,False
2021-02-16 06:00:00,2021-02-16,6,2,114,119,121,105,115,109,-2.1,45,1.1,0.0,1.5,109.8,False,30,3,False
2021-02-16 07:00:00,2021-02-16,7,2,96,116,148,161,130,2149,-2.6,44,1.3,0.0,1.5,109.8,False,30,3,False
2021-02-16 08:00:00,2021-02-16,8,2,170,185,180,173,177,453,-1.6,41,0.6,0.0,1.5,109.8,False,30,3,False
2021-02-16 09:00:00,2021-02-16,9,2,171,168,187,192,180,518,0.2,36,1.6,0.0,1.0,109.8,False,30,3,False
2021-02-16 10:00:00,2021-02-16,10,2,150,179,193,190,178,803,1.5,29,3.3,0.0,1.0,109.8,False,30,3,False
2021-02-16 11:00:00,2021-02-16,11,2,186,172,175,170,176,714,2.7,29,2.3,0.0,1.0,109.8,False,30,3,False
2021-02-16 12:00:00,2021-02-16,12,2,120,104,95,116,109,4,3.7,26,3.4,0.0,1.0,109.8,False,30,3,False
2021-02-16 13:00:00,2021-02-16,13,2,158,175,172,171,169,352,4.4,24,2.8,0.0,1.0,109.8,False,30,3,False
2021-02-16 14:00:00,2021-02-16,14,2,167,169,172,174,171,3995,5.8,23,3.7,0.0,1.0,109.8,False,30,3,False
2021-02-16 15:00:00,2021-02-16,15,2,138,177,180,157,163,2195,6.4,25,4.0,0.0,1.0,109.8,False,30,3,False
2021-02-16 16:00:00,2021-02-16,16,2,165,171,177,160,168,2786,6.6,26,4.1,0.0,1.0,109.8,False,30,3,False
2021-02-16 17:00:00,2021-02-16,17,2,133,139,166,177,154,82,6.1,30,4.3,0.0,1.0,109.8,False,30,3,False
2021-02-16 18:00:00,2021-02-16,18,2,177,169,163,162,168,757,5.6,36,3.0,0.0,1.5,109.8,False,30,3,False
2021-02-16 19:00:00,2021-02-16,19,2,152,145,142,117,139,2939,1.2,63,4.0,0.0,1.5,109.8,False,30,3,False
2021-02-16 20:00:00,2021-02-16,20,2,108,112,120,115,114,6,-0.8,82,3.7,0.0,1.5,109.8,False,30,3,False
2021-02-16 21:00:00,2021-02-16,21,2,110,120,117,123,118,136,-1.3,73,4.0,0.0,1.5,109.8,False,30,3,False
2021-02-16 22:00:00,2021-02-16,22,2,102,102,99,107,103,65,-1.3,45,4.3,0.0,1.5,109.8,False,30,3,False
2021-02-16 23:00:00,2021-02-16,23,2,107,119,111,85,106,107,-1.9,38,4.5,0.0,1.5,109.8,False,30,3,False
2021-02-17 00:00:00,2021-02-17,0,3,72,72,72,71,72,331,-2.5,39,4.0,0.0,1.5,109.8,False,13,4,True
2021-02-17 01:00:00,2021-02-17,1,3,96,104,108,118,107,170,-3.0,39,3.3,0.0,1.5,109.8,False,13,4,True
2021-02-17 02:00:00,2021-02-17,2,3,115,117,107,110,112,240,-3.5,34,4.7,0.0,1.5,109.8,False,13,4,True
2021-02-17 03:00:00,2021-02-17,3,3,112,118,120,115,116,82,-4.0,37,4.4,0.0,1.5,109.8,False,13,4,True
2021-02-17 04:00:00,2021-02-17,4,3,111,110,114,115,113,265,-4.6,42,4.7,0.0,1.5,109.8,False,13,4,True
2021-02-17 05:00:00,2021-02-17,5,3,98,83,96,112,97,23,-4.9,36,4.4,0.0,1.5,109.8,False,13,4,True
2021-02-17 06:00:00,2021-02-17,6,3,118,116,126,122,121,583,-5.1,33,5.0,0.0,1.5,109.8,False,13,4,True
2021-02-17 07:00:00,2021-02-17,7,3,120,124,162,158,141,1612,-5.3,31,4.3,0.0,1.5,109.8,False,13,4,True
2021-02-17 08:00:00,2021-02-17,8,3,178,193,197,193,190,479,-4.9,30,4.2,0.0,1.5,109.8,False,13,4,True
2021-02-17 09:00:00,2021-02-17,9,3,188,180,173,179,180,1759,-4.1,31,4.3,0.0,1.0,109.8,False,13,4,True
2021-02-17 10:00:00,2021-02-17,10,3,142,170,177,175,166,1510,-3.4,28,5.6,0.0,1.0,109.8,False,13,4,True
2021-02-17 11:00:00,2021-02-17,11,3,188,190,177,177,183,792,-2.4,28,5.0,0.0,1.0,109.8,False,13,4,True
2021-02-17 12:00:00,2021-02-17,12,3,116,88,85,123,103,269,-2.2,28,4.6,0.0,1.0,109.8,False,13,4,True
2021-02-17 13:00:00,2021-02-17,13,3,169,188,192,182,183,819,-1.6,29,4.1,0.0,1.0,109.8,False,13,4,True
2021-02-17 14:00:00,2021-02-17,14,3,171,179,176,189,179,1272,-1.2,32,4.4,0.0,1.0,109.8,False,13,4,True
2021-02-17 15:00:00,2021-02-17,15,3,147,179,179,174,170,3267,-1.2,29,4.6,0.0,1.0,109.8,False,13,4,True
2021-02-17 16:00:00,2021-02-17,16,3,166,164,170,174,169,1287,-1.4,24,4.7,0.0,1.0,109.8,False,13,4,True
2021-02-17 17:00:00,2021-02-17,17,3,132,118,144,158,138,2402,-2.3,26,4.5,0.0,1.0,109.8,False,13,4,True
2021-02-17 18:00:00,2021-02-17,18,3,171,166,177,167,170,382,-3.6,23,5.2,0.0,1.5,109.8,False,13,4,True
2021-02-17 19:00:00,2021-02-17,19,3,160,160,169,147,159,1510,-4.4,25,3.7,0.0,1.5,109.8,False,13,4,True
2021-02-17 20:00:00,2021-02-17,20,3,133,143,143,135,139,117,-5.0,29,4.9,0.0,1.5,109.8,False,13,4,True
2021-02-17 21:00:00,2021-02-17,21,3,125,134,125,123,127,15,-5.2,30,5.1,0.0,1.5,109.8,False,13,4,True
2021-02-17 22:00:00,2021-02-17,22,3,119,128,126,127,125,292,-5.3,30,4.3,0.0,1.5,109.8,False,13,4,True
2021-02-17 23:00:00,2021-02-17,23,3,125,120,105,94,111,150,-5.6,32,4.2,0.0,1.5,109.8,False,13,4,True
2021-02-18 00:00:00,2021-02-18,0,4,90,82,75,73,80,122,-5.8,37,5.1,0.0,1.5,109.8,False,14,4,True
2021-02-18 01:00:00,2021-02-18,1,4,98,117,117,115,112,287,-6.2,43,5.0,0.0,1.5,109.8,False,14,4,True
2021-02-18 02:00:00,2021-02-18,2,4,117,121,117,105,115,28,-6.5,47,2.9,0.0,1.5,109.8,False,14,4,True
2021-02-18 03:00:00,2021-02-18,3,4,101,118,126,111,114,300,-6.9,54,4.4,0.0,1.5,109.8,False,14,4,True
2021-02-18 04:00:00,2021-02-18,4,4,104,110,117,115,112,42,-7.4,54,4.2,0.0,1.5,109.8,False,14,4,True
2021-02-18 05:00:00,2021-02-18,5,4,96,90,100,120,102,0,-7.6,53,3.6,0.0,1.5,109.8,False,14,4,True
2021-02-18 06:00:00,2021-02-18,6,4,123,122,123,114,121,0,-7.6,53,3.7,0.0,1.5,109.8,False,14,4,True
2021-02-18 07:00:00,2021-02-18,7,4,112,125,138,157,133,1368,-7.5,54,2.5,0.0,1.5,109.8,False,14,4,True
2021-02-18 08:00:00,2021-02-18,8,4,166,153,150,177,162,197,-7.1,54,3.1,0.0,1.5,109.8,False,14,4,True
2021-02-18 09:00:00,2021-02-18,9,4,168,162,166,186,171,1493,-6.3,50,4.0,0.0,1.0,109.8,False,14,4,True
2021-02-18 10:00:00,2021-02-18,10,4,156,179,168,156,165,801,-5.3,48,3.9,0.0,1.0,109.8,False,14,4,True
2021-02-18 11:00:00,2021-02-18,11,4,165,185,182,177,177,772,-4.2,44,4.2,0.0,1.0,109.8,False,14,4,True
2021-02-18 12:00:00,2021-02-18,12,4,104,88,90,124,102,74,-3.0,40,3.5,0.0,1.0,109.8,False,14,4,True
2021-02-18 13:00:00,2021-02-18,13,4,170,180,176,171,174,768,-1.7,38,4.7,0.0,1.0,109.8,False,14,4,True
2021-02-18 14:00:00,2021-02-18,14,4,170,166,153,165,164,2874,-0.8,34,4.5,0.0,1.0,109.8,False,14,4,True
2021-02-18 15:00:00,2021-02-18,15,4,130,170,168,154,156,260,-0.2,31,4.0,0.0,1.0,109.8,False,14,4,True
2021-02-18 16:00:00,2021-02-18,16,4,156,161,174,156,162,703,0.0,31,4.1,0.0,1.0,109.8,False,14,4,True
2021-02-18 17:00:00,2021-02-18,17,4,140,133,153,164,148,1073,-0.1,33,3.7,0.0,1.0,109.8,False,14,4,True
2021-02-18 18:00:00,2021-02-18,18,4,154,146,150,151,150,1436,-0.8,36,2.6,0.0,1.5,109.8,False,14,4,True
2021-02-18 19:00:00,2021-02-18,19,4,139,138,142,131,138,3139,-1.2,41,2.7,0.0,1.5,109.8,False,14,4,True
2021-02-18 20:00:00,2021-02-18,20,4,119,124,114,112,117,0,-1.8,43,1.5,0.0,1.5,109.8,False,14,4,True
2021-02-18 21:00:00,2021-02-18,21,4,108,115,110,121,114,224,-3.2,48,0.6,0.0,1.5,109.8,False,14,4,True
2021-02-18 22:00:00,2021-02-18,22,4,117,115,116,108,114,124,-3.0,48,1.3,0.0,1.5,109.8,False,14,4,True
2021-02-18 23:00:00,2021-02-18,23,4,116,120,109,80,106,98,-3.0,51,2.4,0.0,1.5,109.8,False,14,4,True
2021-02-19 00:00:00,2021-02-19,0,5,70,67,65,65,67,132,-3.2,54,2.8,0.0,1.5,109.8,False,31,2,False
2021-02-19 01:00:00,2021-02-19,1,5,95,114,114,118,110,490,-3.5,55,1.7,0.0,1.5,109.8,False,31,2,False
2021-02-19 02:00:00,2021-02-19,2,5,119,116,111,114,115,244,-3.1,56,2.8,0.0,1.5,109.8,False,31,2,False
2021-02-19 03:00:00,2021-02-19,3,5,92,109,99,98,100,376,-2.6,53,2.7,0.0,1.5,109.8,False,31,2,False
2021-02-19 04:00:00,2021-02-19,4,5,105,108,114,110,109,251,-3.6,58,1.1,0.0,1.5,109.8,False,31,2,False
2021-02-19 05:00:00,2021-02-19,5,5,85,76,90,102,88,6,-3.6,58,1.4,0.0,1.5,109.8,False,31,2,False
2021-02-19 06:00:00,2021-02-19,6,5,109,105,103,94,103,123,-3.4,59,1.8,0.0,1.5,109.8,False,31,2,False
2021-02-19 07:00:00,2021-02-19,7,5,82,74,41,32,57,1902,-3.7,60,0.8,0.0,1.5,109.8,False,31,2,False
2021-02-19 08:00:00,2021-02-19,8,5,25,22,22,22,23,994,-1.6,50,2.3,0.0,1.5,109.8,False,31,2,False
2021-02-19 09:00:00,2021-02-19,9,5,22,22,22,22,22,800,1.0,41,1.6,0.0,1.0,109.8,False,31,2,False
2021-02-19 10:00:00,2021-02-19,10,5,22,22,22,22,22,4258,4.0,29,2.0,0.0,1.0,109.8,False,31,2,False
2021-02-19 11:00:00,2021-02-19,11,5,24,27,23,22,24,3369,4.6,30,2.7,0.0,1.0,109.8,False,31,2,False
2021-02-19 12:00:00,2021-02-19,12,5,22,22,22,22,22,320,7.8,25,2.7,0.0,1.0,109.8,False,31,2,False
2021-02-19 13:00:00,2021-02-19,13,5,22,21,22,22,22,1334,9.3,30,1.8,0.0,1.0,109.8,False,31,2,False
2021-02-19 14:00:00,2021-02-19,14,5,22,23,27,26,25,503,10.5,31,2.8,0.0,1.0,109.8,False,31,2,False
2021-02-19 15:00:00,2021-02-19,15,5,22,22,23,22,22,184,11.6,27,2.5,0.0,1.0,109.8,False,31,2,False
2021-02-19 16:00:00,2021-02-19,16,5,22,22,22,22,22,1306,11.9,27,1.7,0.0,1.0,109.8,False,31,2,False
2021-02-19 17:00:00,2021-02-19,17,5,23,22,22,23,23,322,12.2,21,2.9,0.0,1.0,109.8,False,31,2,False
2021-02-19 18:00:00,2021-02-19,18,5,23,27,25,22,24,2370,10.7,25,3.9,0.0,1.5,109.8,False,31,2,False
2021-02-19 19:00:00,2021-02-19,19,5,22,22,22,22,22,931,9.0,32,4.1,0.0,1.5,109.8,False,31,2,False
2021-02-19 20:00:00,2021-02-19,20,5,22,22,22,22,22,62,7.9,36,3.0,0.0,1.5,109.8,False,31,2,False
2021-02-19 21:00:00,2021-02-19,21,5,22,22,23,27,24,124,8.1,44,4.2,0.0,1.5,109.8,False,31,2,False
2021-02-19 22:00:00,2021-02-19,22,5,25,23,22,22,23,330,7.2,49,2.7,0.0,1.5,109.8,False,31,2,False
2021-02-19 23:00:00,2021-02-19,23,5,22,22,22,22,22,55,6.5,53,1.9,0.0,1.5,109.8,False,31,2,False
2021-02-20 00:00:00,2021-02-20,0,6,71,64,65,65,66,304,7.2,52,1.8,0.0,1.5,109.8,False,26,6,True
2021-02-20 01:00:00,2021-02-20,1,6,97,106,111,110,106,174,8.0,46,2.9,0.0,1.5,109.8,False,26,6,True
2021-02-20 02:00:00,2021-02-20,2,6,107,100,98,111,104,241,7.7,50,2.8,0.0,1.5,109.8,False,26,6,True
2021-02-20 03:00:00,2021-02-20,3,6,95,112,112,107,107,162,7.8,55,4.2,0.0,1.5,109.8,False,26,6,True
2021-02-20 04:00:00,2021-02-20,4,6,105,108,113,109,109,81,8.1,59,5.6,0.0,1.5,109.8,False,26,6,True
2021-02-20 05:00:00,2021-02-20,5,6,80,73,97,110,90,18,8.1,62,4.6,0.0,1.5,109.8,False,26,6,True
2021-02-20 06:00:00,2021-02-20,6,6,104,96,106,103,102,70,8.3,66,5.0,0.0,1.5,109.8,False,26,6,True
2021-02-20 07:00:00,2021-02-20,7,6,92,90,68,32,71,1378,8.5,66,4.4,0.0,1.5,109.8,False,26,6,True
2021-02-20 08:00:00,2021-02-20,8,6,22,22,24,23,23,0,9.1,65,4.5,0.0,1.5,109.8,False,26,6,True
2021-02-20 09:00:00,2021-02-20,9,6,24,24,24,28,25,0,10.6,60,5.1,0.0,1.0,109.8,False,26,6,True
2021-02-20 10:00:00,2021-02-20,10,6,29,25,25,25,26,0,12.8,54,5.1,0.0,1.0,109.8,False,26,6,True
2021-02-20 11:00:00,2021-02-20,11,6,24,25,29,27,26,0,15.0,47,3.9,0.0,1.0,109.8,False,26,6,True
2021-02-20 12:00:00,2021-02-20,12,6,25,25,24,24,25,0,16.9,35,4.6,0.0,1.0,109.8,False,26,6,True
2021-02-20 13:00:00,2021-02-20,13,6,27,22,22,21,23,0,18.4,30,3.4,0.0,1.0,109.8,False,26,6,True
2021-02-20 14:00:00,2021-02-20,14,6,22,23,22,22,22,0,18.6,28,4.5,0.0,1.0,109.8,False,26,6,True
2021-02-20 15:00:00,2021-02-20,15,6,22,23,23,22,23,0,19.5,26,4.3,0.0,1.0,109.8,False,26,6,True
2021-02-20 16:00:00,2021-02-20,16,6,26,27,23,23,25,0,19.3,27,3.2,0.0,1.0,109.8,False,26,6,True
2021-02-20 17:00:00,2021-02-20,17,6,23,22,22,23,23,0,18.8,30,2.9,0.0,1.0,109.8,False,26,6,True
2021-02-20 18:00:00,2021-02-20,18,6,22,22,22,22,22,0,17.0,40,2.4,0.0,1.5,109.8,False,26,6,True
2021-02-20 19:00:00,2021-02-20,19,6,23,22,26,27,25,0,15.0,53,3.0,0.0,1.5,109.8,False,26,6,True
2021-02-20 20:00:00,2021-02-20,20,6,23,22,22,23,23,0,14.6,50,3.0,0.0,1.5,109.8,False,26,6,True
2021-02-20 21:00:00,2021-02-20,21,6,23,23,22,23,23,0,14.1,51,2.9,0.0,1.5,109.8,False,26,6,True
2021-02-20 22:00:00,2021-02-20,22,6,23,23,22,22,23,0,13.8,54,2.9,0.0,1.5,109.8,False,26,6,True
2021-02-20 23:00:00,2021-02-20,23,6,26,27,22,22,24,0,12.6,56,2.0,0.0,1.5,109.8,False,26,6,True
2021-02-21 00:00:00,2021-02-21,0,7,23,22,23,22,23,0,11.9,59,2.3,0.0,1.5,109.8,False,27,5,True
2021-02-21 01:00:00,2021-02-21,1,7,22,22,22,21,22,0,10.9,64,1.1,0.0,1.5,109.8,False,27,5,True
2021-02-21 02:00:00,2021-02-21,2,7,22,24,27,25,25,0,10.6,64,1.3,0.0,1.5,109.8,False,27,5,True
2021-02-21 03:00:00,2021-02-21,3,7,22,22,22,22,22,0,11.9,54,3.7,0.0,1.5,109.8,False,27,5,True
2021-02-21 04:00:00,2021-02-21,4,7,22,22,23,23,23,0,13.0,43,3.4,0.0,1.5,109.8,False,27,5,True
2021-02-21 05:00:00,2021-02-21,5,7,22,22,22,23,22,0,12.8,45,2.3,0.0,1.5,109.8,False,27,5,True
2021-02-21 06:00:00,2021-02-21,6,7,25,26,22,22,24,0,11.8,52,1.7,0.0,1.5,109.8,False,27,5,True
2021-02-21 07:00:00,2021-02-21,7,7,22,22,22,21,22,0,11.9,56,3.0,0.0,1.5,109.8,False,27,5,True
2021-02-21 08:00:00,2021-02-21,8,7,21,22,21,22,22,0,12.7,56,2.4,0.0,1.5,109.8,False,27,5,True
2021-02-21 09:00:00,2021-02-21,9,7,22,24,26,24,24,0,14.0,54,2.1,0.0,1.0,109.8,False,27,5,True
2021-02-21 10:00:00,2021-02-21,10,7,22,22,22,23,22,0,15.5,50,1.5,0.0,1.0,109.8,False,27,5,True
2021-02-21 11:00:00,2021-02-21,11,7,22,22,22,22,22,0,17.7,49,2.6,0.0,1.0,109.8,False,27,5,True
2021-02-21 12:00:00,2021-02-21,12,7,23,23,23,27,24,0,21.0,28,3.7,0.0,1.0,109.8,False,27,5,True
2021-02-21 13:00:00,2021-02-21,13,7,25,22,23,22,23,0,21.4,26,5.2,0.0,1.0,109.8,False,27,5,True
2021-02-21 14:00:00,2021-02-21,14,7,22,22,23,22,22,0,23.1,24,4.2,0.0,1.0,109.8,False,27,5,True
2021-02-21 15:00:00,2021-02-21,15,7,22,22,23,22,22,0,23.3,23,4.4,0.0,1.0,109.8,False,27,5,True
2021-02-21 16:00:00,2021-02-21,16,7,27,27,23,23,25,0,22.4,26,5.2,0.0,1.0,109.8,False,27,5,True
2021-02-21 17:00:00,2021-02-21,17,7,22,22,22,22,22,0,20.9,31,5.7,0.0,1.0,109.8,False,27,5,True
2021-02-21 18:00:00,2021-02-21,18,7,22,22,22,22,22,0,19.5,34,4.9,0.0,1.5,109.8,False,27,5,True
2021-02-21 19:00:00,2021-02-21,19,7,22,23,26,24,24,0,18.5,36,4.9,0.0,1.5,109.8,False,27,5,True
2021-02-21 20:00:00,2021-02-21,20,7,22,22,22,22,22,0,17.8,36,6.3,0.0,1.5,109.8,False,27,5,True
2021-02-21 21:00:00,2021-02-21,21,7,23,22,23,22,23,0,17.4,36,4.6,0.0,1.5,109.8,False,27,5,True
2021-02-21 22:00:00,2021-02-21,22,7,22,22,22,25,23,0,17.1,34,4.4,0.0,1.5,109.8,False,27,5,True
2021-02-21 23:00:00,2021-02-21,23,7,26,23,22,23,24,0,16.2,34,1.8,0.0,1.5,109.8,False,27,5,True
2021-02-22 00:00:00,2021-02-22,0,1,69,71,74,71,71,0,14.1,40,1.0,0.0,1.5,109.8,False,16,4,True
2021-02-22 01:00:00,2021-02-22,1,1,93,112,109,118,108,0,15.0,41,2.1,0.0,1.5,109.8,False,16,4,True
2021-02-22 02:00:00,2021-02-22,2,1,118,110,103,120,113,0,15.4,41,2.9,0.0,1.5,109.8,False,16,4,True
2021-02-22 03:00:00,2021-02-22,3,1,96,123,117,116,113,0,14.4,45,3.0,0.0,1.5,109.8,False,16,4,True
2021-02-22 04:00:00,2021-02-22,4,1,113,112,121,120,117,0,14.3,50,3.2,0.0,1.5,109.8,False,16,4,True
2021-02-22 05:00:00,2021-02-22,5,1,86,76,100,112,94,0,12.9,58,2.3,0.0,1.5,109.8,False,16,4,True
2021-02-22 06:00:00,2021-02-22,6,1,117,117,114,108,114,0,12.8,63,1.6,0.0,1.5,109.8,False,16,4,True
2021-02-22 07:00:00,2021-02-22,7,1,105,128,162,159,139,0,12.4,70,2.4,0.0,1.5,109.8,False,16,4,True
2021-02-22 08:00:00,2021-02-22,8,1,165,167,174,178,171,820,13.5,74,3.4,0.0,1.5,109.8,False,16,4,True
2021-02-22 09:00:00,2021-02-22,9,1,170,176,160,160,167,976,15.3,71,2.8,0.0,1.0,109.8,False,16,4,True
2021-02-22 10:00:00,2021-02-22,10,1,140,175,189,185,172,873,16.9,58,3.9,0.0,1.0,109.8,False,16,4,True
2021-02-22 11:00:00,2021-02-22,11,1,169,172,180,168,172,2168,19.0,45,3.5,0.0,1.0,109.8,False,16,4,True
2021-02-22 12:00:00,2021-02-22,12,1,116,104,101,122,111,84,20.6,41,4.4,0.0,1.0,109.8,False,16,4,True
2021-02-22 13:00:00,2021-02-22,13,1,156,155,168,186,166,773,22.2,35,3.5,0.0,1.0,109.8,False,16,4,True
2021-02-22 14:00:00,2021-02-22,14,1,172,151,140,163,157,1146,23.6,31,2.5,0.0,1.0,109.8,False,16,4,True
2021-02-22 15:00:00,2021-02-22,15,1,125,171,168,161,156,1275,23.1,31,3.9,0.0,1.0,109.8,False,16,4,True
2021-02-22 16:00:00,2021-02-22,16,1,148,175,162,154,160,5650,23.0,32,2.2,0.0,1.0,109.8,False,16,4,True
2021-02-22 17:00:00,2021-02-22,17,1,104,87,129,159,120,354,21.7,33,3.4,0.0,1.0,109.8,False,16,4,True
2021-02-22 18:00:00,2021-02-22,18,1,164,150,147,149,153,1115,19.4,30,2.9,0.0,1.5,109.8,False,16,4,True
2021-02-22 19:00:00,2021-02-22,19,1,153,142,174,154,156,4364,18.4,23,2.7,0.0,1.5,109.8,False,16,4,True
2021-02-22 20:00:00,2021-02-22,20,1,133,134,129,134,133,1,17.6,18,3.7,0.0,1.5,109.8,False,16,4,True
2021-02-22 21:00:00,2021-02-22,21,1,123,128,128,123,126,256,15.5,12,4.2,0.0,1.5,109.8,False,16,4,True
2021-02-22 22:00:00,2021-02-22,22,1,98,122,118,116,114,214,13.4,12,3.2,0.0,1.5,109.8,False,16,4,True
2021-02-22 23:00:00,2021-02-22,23,1,131,120,114,88,113,204,12.1,11,2.4,0.0,1.5,109.8,False,16,4,True
2021-02-23 00:00:00,2021-02-23,0,2,70,69,69,68,69,148,10.5,15,1.3,0.0,1.5,109.8,False,17,4,True
2021-02-23 01:00:00,2021-02-23,1,2,97,105,102,106,103,66,9.2,15,3.1,0.0,1.5,109.8,False,17,4,True
2021-02-23 02:00:00,2021-02-23,2,2,119,123,123,113,120,222,7.3,20,4.1,0.0,1.5,109.8,False,17,4,True
2021-02-23 03:00:00,2021-02-23,3,2,92,99,108,113,103,140,5.9,20,3.6,0.0,1.5,109.8,False,17,4,True
2021-02-23 04:00:00,2021-02-23,4,2,116,111,109,111,112,68,4.8,23,2.1,0.0,1.5,109.8,False,17,4,True
2021-02-23 05:00:00,2021-02-23,5,2,86,72,98,125,95,149,4.3,25,3.4,0.0,1.5,109.8,False,17,4,True
2021-02-23 06:00:00,2021-02-23,6,2,125,115,108,119,117,342,3.0,30,2.2,0.0,1.5,109.8,False,17,4,True
2021-02-23 07:00:00,2021-02-23,7,2,120,134,158,149,140,693,2.0,34,3.1,0.0,1.5,109.8,False,17,4,True
2021-02-23 08:00:00,2021-02-23,8,2,151,174,165,160,163,1560,2.3,35,2.8,0.0,1.5,109.8,False,17,4,True
2021-02-23 09:00:00,2021-02-23,9,2,162,160,161,156,160,727,3.7,31,3.0,0.0,1.0,109.8,False,17,4,True
2021-02-23 10:00:00,2021-02-23,10,2,127,149,156,160,148,1757,4.8,27,3.6,0.0,1.0,109.8,False,17,4,True
2021-02-23 11:00:00,2021-02-23,11,2,166,152,152,153,156,806,7.6,21,3.0,0.0,1.0,109.8,False,17,4,True
2021-02-23 12:00:00,2021-02-23,12,2,97,85,86,104,93,436,7.6,18,2.7,0.0,1.0,109.8,False,17,4,True
2021-02-23 13:00:00,2021-02-23,13,2,153,149,150,161,153,1468,9.2,14,3.3,0.0,1.0,109.8,False,17,4,True
2021-02-23 14:00:00,2021-02-23,14,2,149,146,156,153,151,2610,11.1,12,2.2,0.0,1.0,109.8,False,17,4,True
2021-02-23 15:00:00,2021-02-23,15,2,132,165,161,142,150,458,12.0,11,2.0,0.0,1.0,109.8,False,17,4,True
2021-02-23 16:00:00,2021-02-23,16,2,142,165,168,163,160,3119,11.3,31,2.6,0.0,1.0,109.8,False,17,4,True
2021-02-23 17:00:00,2021-02-23,17,2,102,98,142,170,128,747,8.9,41,2.3,0.0,1.0,109.8,False,17,4,True
2021-02-23 18:00:00,2021-02-23,18,2,166,161,161,158,162,1410,7.7,48,3.0,0.0,1.5,109.8,False,17,4,True
2021-02-23 19:00:00,2021-02-23,19,2,146,141,143,117,137,2750,6.8,54,1.3,0.0,1.5,109.8,False,17,4,True
2021-02-23 20:00:00,2021-02-23,20,2,126,123,125,136,128,150,6.1,56,1.6,0.0,1.5,109.8,False,17,4,True
2021-02-23 21:00:00,2021-02-23,21,2,126,124,127,126,126,108,5.3,57,1.6,0.0,1.5,109.8,False,17,4,True
2021-02-23 22:00:00,2021-02-23,22,2,91,120,123,122,114,98,5.2,57,2.4,0.0,1.5,109.8,False,17,4,True
2021-02-23 23:00:00,2021-02-23,23,2,103,120,116,101,110,17,4.4,45,3.1,0.0,1.5,109.8,False,17,4,True
2021-02-24 00:00:00,2021-02-24,0,3,73,70,69,69,70,0,4.2,41,3.1,0.0,1.5,109.8,False,18,4,True
2021-02-24 01:00:00,2021-02-24,1,3,98,106,119,121,111,10,3.7,32,2.6,0.0,1.5,109.8,False,18,4,True
2021-02-24 02:00:00,2021-02-24,2,3,126,120,113,113,118,207,3.4,27,3.0,0.0,1.5,109.8,False,18,4,True
2021-02-24 03:00:00,2021-02-24,3,3,106,117,121,123,117,30,3.4,24,3.2,0.0,1.5,109.8,False,18,4,True
2021-02-24 04:00:00,2021-02-24,4,3,118,114,121,112,116,506,3.1,24,3.6,0.0,1.5,109.8,False,18,4,True
2021-02-24 05:00:00,2021-02-24,5,3,99,83,106,116,101,112,2.9,24,2.7,0.0,1.5,109.8,False,18,4,True
2021-02-24 06:00:00,2021-02-24,6,3,124,122,112,113,118,336,2.8,24,3.3,0.0,1.5,109.8,False,18,4,True
2021-02-24 07:00:00,2021-02-24,7,3,120,136,169,172,149,1196,2.8,25,2.6,0.0,1.5,109.8,False,18,4,True
2021-02-24 08:00:00,2021-02-24,8,3,171,188,185,184,182,711,3.1,26,1.7,0.0,1.5,109.8,False,18,4,True
2021-02-24 09:00:00,2021-02-24,9,3,154,165,172,156,162,680,4.3,30,2.2,0.0,1.0,109.8,False,18,4,True
2021-02-24 10:00:00,2021-02-24,10,3,123,154,168,171,154,1431,7.2,43,1.6,0.0,1.0,109.8,False,18,4,True
2021-02-24 11:00:00,2021-02-24,11,3,163,165,170,156,164,755,8.8,43,1.3,0.0,1.0,109.8,False,18,4,True
2021-02-24 12:00:00,2021-02-24,12,3,113,93,99,116,105,24,9.4,52,2.6,0.0,1.0,109.8,False,18,4,True
2021-02-24 13:00:00,2021-02-24,13,3,147,163,182,190,171,1761,9.3,63,2.9,0.0,1.0,109.8,False,18,4,True
2021-02-24 14:00:00,2021-02-24,14,3,175,169,151,158,163,814,8.7,66,3.4,0.0,1.0,109.8,False,18,4,True
2021-02-24 15:00:00,2021-02-24,15,3,114,141,166,180,150,678,8.5,66,4.1,0.0,1.0,109.8,False,18,4,True
2021-02-24 16:00:00,2021-02-24,16,3,163,157,165,164,162,1841,8.1,64,2.8,0.0,1.0,109.8,False,18,4,True
2021-02-24 17:00:00,2021-02-24,17,3,123,107,145,164,135,585,7.6,65,2.3,0.0,1.0,109.8,False,18,4,True
2021-02-24 18:00:00,2021-02-24,18,3,152,146,142,159,150,734,7.5,67,2.6,0.0,1.5,109.8,False,18,4,True
2021-02-24 19:00:00,2021-02-24,19,3,160,154,168,155,159,2359,7.0,69,1.0,0.0,1.5,109.8,False,18,4,True
2021-02-24 20:00:00,2021-02-24,20,3,128,131,141,142,136,4,7.0,69,2.0,0.0,1.5,109.8,False,18,4,True
2021-02-24 21:00:00,2021-02-24,21,3,140,142,122,120,131,1,6.9,69,1.1,0.0,1.5,109.8,False,18,4,True
2021-02-24 22:00:00,2021-02-24,22,3,104,124,122,135,121,200,6.6,70,0.6,0.0,1.5,109.8,False,18,4,True
2021-02-24 23:00:00,2021-02-24,23,3,129,122,119,89,115,4,5.8,73,1.3,0.0,1.5,109.8,False,18,4,True
2021-02-25 00:00:00,2021-02-25,0,4,74,70,70,70,71,0,4.8,78,0.6,0.0,1.5,109.8,False,19,4,True
2021-02-25 01:00:00,2021-02-25,1,4,104,123,128,121,119,21,5.1,78,1.2,0.0,1.5,109.8,False,19,4,True
2021-02-25 02:00:00,2021-02-25,2,4,125,126,102,115,117,47,4.1,82,1.4,0.0,1.5,109.8,False,19,4,True
2021-02-25 03:00:00,2021-02-25,3,4,98,124,127,128,119,0,4.0,83,1.1,0.0,1.5,109.8,False,19,4,True
2021-02-25 04:00:00,2021-02-25,4,4,116,116,122,119,118,122,3.5,86,1.4,0.0,1.5,109.8,False,19,4,True
2021-02-25 05:00:00,2021-02-25,5,4,105,93,112,114,106,840,3.4,87,0.8,0.0,1.5,109.8,False,19,4,True
2021-02-25 06:00:00,2021-02-25,6,4,108,107,120,122,114,0,3.4,88,1.2,0.0,1.5,109.8,False,19,4,True
2021-02-25 07:00:00,2021-02-25,7,4,122,124,152,142,135,1838,2.4,90,0.4,0.0,1.5,109.8,False,19,4,True
2021-02-25 08:00:00,2021-02-25,8,4,135,154,166,168,156,598,3.8,86,0.4,0.0,1.5,109.8,False,19,4,True
2021-02-25 09:00:00,2021-02-25,9,4,162,170,178,169,170,1265,6.9,77,0.3,0.0,1.0,109.8,False,19,4,True
2021-02-25 10:00:00,2021-02-25,10,4,151,176,178,182,172,1117,10.1,64,0.9,0.0,1.0,109.8,False,19,4,True
2021-02-25 11:00:00,2021-02-25,11,4,184,177,177,183,180,3784,10.1,60,0.9,0.0,1.0,109.8,False,19,4,True
2021-02-25 12:00:00,2021-02-25,12,4,136,112,105,134,122,144,10.5,57,0.7,0.0,1.0,109.8,False,19,4,True
2021-02-25 13:00:00,2021-02-25,13,4,185,184,174,174,179,1573,10.4,58,1.2,0.0,1.0,109.8,False,19,4,True
2021-02-25 14:00:00,2021-02-25,14,4,184,177,169,178,177,887,10.9,57,1.9,0.0,1.0,109.8,False,19,4,True
2021-02-25 15:00:00,2021-02-25,15,4,152,182,186,178,175,599,11.4,54,1.6,0.0,1.0,109.8,False,19,4,True
2021-02-25 16:00:00,2021-02-25,16,4,165,155,169,176,166,1763,10.7,54,2.1,0.0,1.0,109.8,False,19,4,True
2021-02-25 17:00:00,2021-02-25,17,4,126,104,154,180,141,1389,9.4,65,2.7,0.0,1.0,109.8,False,19,4,True
2021-02-25 18:00:00,2021-02-25,18,4,164,148,130,124,142,2192,7.4,85,2.3,0.2,1.5,109.8,False,19,4,True
2021-02-25 19:00:00,2021-02-25,19,4,127,111,107,96,110,967,6.6,98,2.4,1.6,1.5,109.8,False,19,4,True
2021-02-25 20:00:00,2021-02-25,20,4,100,109,111,115,109,124,6.4,98,2.1,2.9,1.5,109.8,False,19,4,True
2021-02-25 21:00:00,2021-02-25,21,4,121,118,118,108,116,156,6.4,98,1.0,3.3,1.5,109.8,False,19,4,True
2021-02-25 22:00:00,2021-02-25,22,4,108,116,136,132,123,113,6.4,98,1.4,3.6,1.5,109.8,False,19,4,True
2021-02-25 23:00:00,2021-02-25,23,4,122,107,94,84,102,32,6.5,98,2.2,3.8,1.5,109.8,False,19,4,True
2021-02-26 00:00:00,2021-02-26,0,5,71,71,71,71,71,128,6.5,98,2.1,3.8,1.5,109.8,False,32,2,False
2021-02-26 01:00:00,2021-02-26,1,5,103,124,124,112,116,97,6.5,98,2.8,0.1,1.5,109.8,False,32,2,False
2021-02-26 02:00:00,2021-02-26,2,5,107,103,109,125,111,292,6.5,98,2.1,0.4,1.5,109.8,False,32,2,False
2021-02-26 03:00:00,2021-02-26,3,5,104,113,113,107,109,18,7.0,98,1.4,0.5,1.5,109.8,False,32,2,False
2021-02-26 04:00:00,2021-02-26,4,5,120,131,124,126,125,234,7.1,98,1.4,1.1,1.5,109.8,False,32,2,False
2021-02-26 05:00:00,2021-02-26,5,5,96,79,101,113,97,1,7.4,91,1.6,1.8,1.5,109.8,False,32,2,False
2021-02-26 06:00:00,2021-02-26,6,5,119,127,119,107,118,461,7.4,83,1.8,1.9,1.5,109.8,False,32,2,False
2021-02-26 07:00:00,2021-02-26,7,5,95,94,64,30,71,869,7.2,96,1.6,2.3,1.5,109.8,False,32,2,False
2021-02-26 08:00:00,2021-02-26,8,5,24,23,23,23,23,1037,7.4,96,2.0,2.6,1.5,109.8,False,32,2,False
2021-02-26 09:00:00,2021-02-26,9,5,23,23,23,23,23,761,8.4,88,3.7,3.0,1.0,109.8,False,32,2,False
2021-02-26 10:00:00,2021-02-26,10,5,23,25,28,27,26,474,9.5,74,4.2,3.4,1.0,109.8,False,32,2,False
2021-02-26 11:00:00,2021-02-26,11,5,23,24,24,24,24,2107,9.9,62,3.9,3.4,1.0,109.8,False,32,2,False
2021-02-26 12:00:00,2021-02-26,12,5,23,24,24,24,24,0,10.6,57,4.1,3.4,1.0,109.8,False,32,2,False
2021-02-26 13:00:00,2021-02-26,13,5,23,23,27,28,25,1298,10.1,56,3.6,3.4,1.0,109.8,False,32,2,False
2021-02-26 14:00:00,2021-02-26,14,5,25,23,23,24,24,626,10.6,57,3.1,3.4,1.0,109.8,False,32,2,False
2021-02-26 15:00:00,2021-02-26,15,5,23,23,23,24,23,307,10.0,56,4.1,3.4,1.0,109.8,False,32,2,False
2021-02-26 16:00:00,2021-02-26,16,5,23,23,23,24,23,2479,10.4,54,3.4,3.4,1.0,109.8,False,32,2,False
2021-02-26 17:00:00,2021-02-26,17,5,28,28,23,24,26,2440,10.1,58,3.7,3.4,1.0,109.8,False,32,2,False
2021-02-26 18:00:00,2021-02-26,18,5,24,24,23,24,24,1889,9.5,58,3.0,3.4,1.5,109.8,False,32,2,False
2021-02-26 19:00:00,2021-02-26,19,5,24,23,24,24,24,883,9.3,58,4.2,3.4,1.5,109.8,False,32,2,False
2021-02-26 20:00:00,2021-02-26,20,5,24,28,25,23,25,58,9.0,60,3.5,3.4,1.5,109.8,False,32,2,False
2021-02-26 21:00:00,2021-02-26,21,5,23,24,23,24,24,132,8.7,62,3.0,3.4,1.5,109.8,False,32,2,False
2021-02-26 22:00:00,2021-02-26,22,5,24,24,23,24,24,139,8.6,63,3.1,3.4,1.5,109.8,False,32,2,False
2021-02-26 23:00:00,2021-02-26,23,5,23,24,28,27,26,206,8.4,63,3.1,3.4,1.5,109.8,False,32,2,False
2021-02-27 00:00:00,2021-02-27,0,6,71,64,65,65,66,100,8.4,63,3.8,3.4,1.5,109.8,False,26,6,True
2021-02-27 01:00:00,2021-02-27,1,6,97,106,111,110,106,28,8.1,64,3.2,0.0,1.5,109.8,False,26,6,True
2021-02-27 02:00:00,2021-02-27,2,6,107,100,98,111,104,2,7.8,62,3.3,0.0,1.5,109.8,False,26,6,True
2021-02-27 03:00:00,2021-02-27,3,6,95,112,112,107,107,98,7.8,59,3.6,0.0,1.5,109.8,False,26,6,True
2021-02-27 04:00:00,2021-02-27,4,6,105,108,113,109,109,114,7.5,62,2.9,0.0,1.5,109.8,False,26,6,True
2021-02-27 05:00:00,2021-02-27,5,6,80,73,97,110,90,48,7.3,62,2.9,0.0,1.5,109.8,False,26,6,True
2021-02-27 06:00:00,2021-02-27,6,6,104,96,106,103,102,30,7.4,62,3.4,0.0,1.5,109.8,False,26,6,True
2021-02-27 07:00:00,2021-02-27,7,6,92,90,68,32,71,1939,7.3,61,3.3,0.0,1.5,109.8,False,26,6,True
2021-02-27 08:00:00,2021-02-27,8,6,22,22,24,23,23,6,7.1,62,3.4,0.0,1.5,109.8,False,26,6,True
2021-02-27 09:00:00,2021-02-27,9,6,24,24,24,28,25,0,7.1,60,3.8,0.0,1.0,109.8,False,26,6,True
2021-02-27 10:00:00,2021-02-27,10,6,29,25,25,25,26,0,7.1,61,3.2,0.0,1.0,109.8,False,26,6,True
2021-02-27 11:00:00,2021-02-27,11,6,24,25,29,27,26,0,7.2,60,3.6,0.0,1.0,109.8,False,26,6,True
2021-02-27 12:00:00,2021-02-27,12,6,25,25,24,24,25,0,7.6,61,3.2,0.0,1.0,109.8,False,26,6,True
2021-02-27 13:00:00,2021-02-27,13,6,27,22,22,21,23,0,7.2,61,4.1,0.0,1.0,109.8,False,26,6,True
2021-02-27 14:00:00,2021-02-27,14,6,22,23,22,22,22,0,7.3,57,4.5,0.0,1.0,109.8,False,26,6,True
2021-02-27 15:00:00,2021-02-27,15,6,22,23,23,22,23,0,8.1,55,2.6,0.0,1.0,109.8,False,26,6,True
2021-02-27 16:00:00,2021-02-27,16,6,26,27,23,23,25,0,7.2,60,3.0,0.0,1.0,109.8,False,26,6,True
2021-02-27 17:00:00,2021-02-27,17,6,23,22,22,23,23,0,6.8,62,3.2,0.0,1.0,109.8,False,26,6,True
2021-02-27 18:00:00,2021-02-27,18,6,22,22,22,22,22,0,6.4,63,3.6,0.0,1.5,109.8,False,26,6,True
2021-02-27 19:00:00,2021-02-27,19,6,23,22,26,27,25,0,6.4,65,2.9,0.0,1.5,109.8,False,26,6,True
2021-02-27 20:00:00,2021-02-27,20,6,23,22,22,23,23,0,6.1,67,3.4,0.0,1.5,109.8,False,26,6,True
2021-02-27 21:00:00,2021-02-27,21,6,23,23,22,23,23,0,6.0,69,2.1,0.0,1.5,109.8,False,26,6,True
2021-02-27 22:00:00,2021-02-27,22,6,23,23,22,22,23,0,5.9,69,2.2,0.0,1.5,109.8,False,26,6,True
2021-02-27 23:00:00,2021-02-27,23,6,26,27,22,22,24,0,5.9,71,2.5,0.0,1.5,109.8,False,26,6,True
2021-02-28 00:00:00,2021-02-28,0,7,23,22,23,22,23,0,5.8,71,2.1,0.0,1.5,109.8,False,27,5,True
2021-02-28 01:00:00,2021-02-28,1,7,22,22,22,21,22,0,5.5,75,2.8,0.0,1.5,109.8,False,27,5,True
2021-02-28 02:00:00,2021-02-28,2,7,22,24,27,25,25,0,5.3,76,1.9,0.0,1.5,109.8,False,27,5,True
2021-02-28 03:00:00,2021-02-28,3,7,22,22,22,22,22,0,5.0,77,1.9,0.0,1.5,109.8,False,27,5,True
2021-02-28 04:00:00,2021-02-28,4,7,22,22,23,23,23,0,5.4,78,2.1,0.0,1.5,109.8,False,27,5,True
2021-02-28 05:00:00,2021-02-28,5,7,22,22,22,23,22,0,5.9,77,2.1,0.0,1.5,109.8,False,27,5,True
2021-02-28 06:00:00,2021-02-28,6,7,25,26,22,22,24,0,5.5,79,1.6,0.0,1.5,109.8,False,27,5,True
2021-02-28 07:00:00,2021-02-28,7,7,22,22,22,21,22,0,4.6,84,1.6,0.0,1.5,109.8,False,27,5,True
2021-02-28 08:00:00,2021-02-28,8,7,21,22,21,22,22,0,4.4,90,1.3,0.0,1.5,109.8,False,27,5,True
2021-02-28 09:00:00,2021-02-28,9,7,22,24,26,24,24,0,6.3,84,1.0,0.0,1.0,109.8,False,27,5,True
2021-02-28 10:00:00,2021-02-28,10,7,22,22,22,23,22,0,10.0,71,1.2,0.0,1.0,109.8,False,27,5,True
2021-02-28 11:00:00,2021-02-28,11,7,22,22,22,22,22,0,10.6,70,1.1,0.0,1.0,109.8,False,27,5,True
2021-02-28 12:00:00,2021-02-28,12,7,23,23,23,27,24,0,11.2,67,1.2,0.0,1.0,109.8,False,27,5,True
2021-02-28 13:00:00,2021-02-28,13,7,25,22,23,22,23,0,12.5,63,1.9,0.0,1.0,109.8,False,27,5,True
2021-02-28 14:00:00,2021-02-28,14,7,22,22,23,22,22,0,14.1,61,2.4,0.0,1.0,109.8,False,27,5,True
2021-02-28 15:00:00,2021-02-28,15,7,22,22,23,22,22,0,13.9,63,2.1,0.0,1.0,109.8,False,27,5,True
2021-02-28 16:00:00,2021-02-28,16,7,27,27,23,23,25,0,13.4,65,2.9,0.0,1.0,109.8,False,27,5,True
2021-02-28 17:00:00,2021-02-28,17,7,22,22,22,22,22,0,12.9,71,1.6,0.0,1.0,109.8,False,27,5,True
2021-02-28 18:00:00,2021-02-28,18,7,22,22,22,22,22,0,12.9,76,0.9,0.0,1.5,109.8,False,27,5,True
2021-02-28 19:00:00,2021-02-28,19,7,22,23,26,24,24,0,12.3,80,1.0,0.0,1.5,109.8,False,27,5,True
2021-02-28 20:00:00,2021-02-28,20,7,22,22,22,22,22,0,11.9,84,0.2,0.0,1.5,109.8,False,27,5,True
2021-02-28 21:00:00,2021-02-28,21,7,23,22,23,22,23,0,11.5,84,0.6,0.0,1.5,109.8,False,27,5,True
2021-02-28 22:00:00,2021-02-28,22,7,22,22,22,25,23,0,11.8,84,1.7,0.0,1.5,109.8,False,27,5,True
2021-02-28 23:00:00,2021-02-28,23,7,26,23,22,23,24,0,11.1,87,2.0,0.0,1.5,109.8,False,27,5,True
2021-03-01 00:00:00,2021-03-01,0,1,62,61,61,61,61,0,11.1,88,0.7,0.0,1.5,167.2,False,23,3,True
2021-03-01 01:00:00,2021-03-01,1,1,89,94,106,105,99,0,11.2,88,2.1,0.0,1.5,167.2,False,23,3,True
2021-03-01 02:00:00,2021-03-01,2,1,102,99,107,106,104,0,10.4,90,0.0,0.0,1.5,167.2,False,23,3,True
2021-03-01 03:00:00,2021-03-01,3,1,98,104,101,107,103,0,10.7,91,0.4,0.0,1.5,167.2,False,23,3,True
2021-03-01 04:00:00,2021-03-01,4,1,107,106,106,100,105,0,10.6,94,0.5,0.0,1.5,167.2,False,23,3,True
2021-03-01 05:00:00,2021-03-01,5,1,84,78,93,103,90,0,11.8,95,1.4,0.0,1.5,167.2,False,23,3,True
2021-03-01 06:00:00,2021-03-01,6,1,116,106,106,106,109,0,11.4,97,0.7,0.0,1.5,167.2,False,23,3,True
2021-03-01 07:00:00,2021-03-01,7,1,101,109,139,139,122,0,11.5,98,0.8,0.0,1.5,167.2,False,23,3,True
2021-03-01 08:00:00,2021-03-01,8,1,165,178,179,195,179,0,13.1,96,2.4,0.0,1.5,167.2,False,23,3,True
2021-03-01 09:00:00,2021-03-01,9,1,175,167,168,182,173,0,14.2,91,2.7,0.0,1.0,167.2,False,23,3,True
2021-03-01 10:00:00,2021-03-01,10,1,134,183,178,187,171,0,14.4,88,1.3,0.0,1.0,167.2,False,23,3,True
2021-03-01 11:00:00,2021-03-01,11,1,184,180,177,156,174,0,14.8,88,3.1,0.0,1.0,167.2,False,23,3,True
2021-03-01 12:00:00,2021-03-01,12,1,93,80,80,121,94,0,14.9,86,3.5,0.1,1.0,167.2,False,23,3,True
2021-03-01 13:00:00,2021-03-01,13,1,163,175,177,163,170,0,15.8,83,3.7,0.1,1.0,167.2,False,23,3,True
2021-03-01 14:00:00,2021-03-01,14,1,167,167,163,161,165,0,15.4,88,4.8,0.2,1.0,167.2,False,23,3,True
2021-03-01 15:00:00,2021-03-01,15,1,130,156,159,162,152,0,14.4,98,4.5,1.5,1.0,167.2,False,23,3,True
2021-03-01 16:00:00,2021-03-01,16,1,167,151,161,169,162,0,14.7,98,4.3,3.5,1.0,167.2,False,23,3,True
2021-03-01 17:00:00,2021-03-01,17,1,107,95,137,155,124,0,15.3,98,4.5,4.8,1.0,167.2,False,23,3,True
2021-03-01 18:00:00,2021-03-01,18,1,161,139,143,143,147,0,15.5,98,4.6,7.1,1.5,167.2,False,23,3,True
2021-03-01 19:00:00,2021-03-01,19,1,140,141,158,135,144,0,10.0,98,3.1,14.9,1.5,167.2,False,23,3,True
2021-03-01 20:00:00,2021-03-01,20,1,124,123,116,120,121,0,5.8,98,4.1,35.1,1.5,167.2,False,23,3,True
2021-03-01 21:00:00,2021-03-01,21,1,128,124,117,115,121,0,5.1,98,3.3,44.6,1.5,167.2,False,23,3,True
2021-03-01 22:00:00,2021-03-01,22,1,97,113,101,112,106,0,4.7,98,2.7,50.8,1.5,167.2,False,23,3,True
2021-03-01 23:00:00,2021-03-01,23,1,110,106,107,71,99,0,4.3,98,3.6,56.3,1.5,167.2,False,23,3,True
2021-03-02 00:00:00,2021-03-02,0,2,63,62,62,62,62,0,4.2,98,2.9,60.3,1.5,167.2,False,24,3,True
2021-03-02 01:00:00,2021-03-02,1,2,90,101,106,111,102,0,3.5,97,3.9,2.5,1.5,167.2,False,24,3,True
2021-03-02 02:00:00,2021-03-02,2,2,107,105,113,110,109,0,1.8,98,3.7,4.7,1.5,167.2,False,24,3,True
2021-03-02 03:00:00,2021-03-02,3,2,89,108,110,107,104,0,1.4,98,3.1,5.5,1.5,167.2,False,24,3,True
2021-03-02 04:00:00,2021-03-02,4,2,107,100,99,93,100,0,1.7,98,4.1,6.3,1.5,167.2,False,24,3,True
2021-03-02 05:00:00,2021-03-02,5,2,70,67,95,106,85,0,2.1,97,4.5,6.4,1.5,167.2,False,24,3,True
2021-03-02 06:00:00,2021-03-02,6,2,116,99,96,99,103,0,2.0,94,3.8,6.4,1.5,167.2,False,24,3,True
2021-03-02 07:00:00,2021-03-02,7,2,109,119,149,151,132,25,2.4,85,3.7,6.4,1.5,167.2,False,24,3,True
2021-03-02 08:00:00,2021-03-02,8,2,167,173,172,177,172,375,2.5,84,3.3,6.4,1.5,167.2,False,24,3,True
2021-03-02 09:00:00,2021-03-02,9,2,169,180,179,178,177,660,2.8,83,3.4,6.4,1.0,167.2,False,24,3,True
2021-03-02 10:00:00,2021-03-02,10,2,133,177,191,190,173,527,3.1,78,3.7,6.4,1.0,167.2,False,24,3,True
2021-03-02 11:00:00,2021-03-02,11,2,185,163,162,160,168,703,3.4,80,3.7,6.4,1.0,167.2,False,24,3,True
2021-03-02 12:00:00,2021-03-02,12,2,103,86,91,131,103,305,4.2,76,4.1,6.4,1.0,167.2,False,24,3,True
2021-03-02 13:00:00,2021-03-02,13,2,177,189,179,182,182,869,4.3,73,4.0,6.4,1.0,167.2,False,24,3,True
2021-03-02 14:00:00,2021-03-02,14,2,175,174,180,179,177,884,4.5,64,4.3,6.4,1.0,167.2,False,24,3,True
2021-03-02 15:00:00,2021-03-02,15,2,152,166,157,147,156,1629,3.8,71,2.8,6.4,1.0,167.2,False,24,3,True
2021-03-02 16:00:00,2021-03-02,16,2,159,172,171,166,167,8835,3.7,76,2.9,6.4,1.0,167.2,False,24,3,True
2021-03-02 17:00:00,2021-03-02,17,2,130,114,143,158,136,795,3.6,75,2.8,6.4,1.0,167.2,False,24,3,True
2021-03-02 18:00:00,2021-03-02,18,2,154,153,154,145,152,338,3.2,79,2.8,6.4,1.5,167.2,False,24,3,True
2021-03-02 19:00:00,2021-03-02,19,2,142,135,122,111,128,1898,3.1,79,2.7,6.4,1.5,167.2,False,24,3,True
2021-03-02 20:00:00,2021-03-02,20,2,104,118,114,114,113,64,2.9,79,1.7,6.4,1.5,167.2,False,24,3,True
2021-03-02 21:00:00,2021-03-02,21,2,108,110,114,113,111,67,2.1,82,2.4,6.4,1.5,167.2,False,24,3,True
2021-03-02 22:00:00,2021-03-02,22,2,92,106,100,104,101,98,1.9,84,1.8,6.4,1.5,167.2,False,24,3,True
2021-03-02 23:00:00,2021-03-02,23,2,109,108,95,72,96,195,1.0,88,1.2,6.4,1.5,167.2,False,24,3,True
2021-03-03 00:00:00,2021-03-03,0,3,69,65,64,66,66,56,0.8,89,2.2,6.4,1.5,167.2,False,25,3,True
2021-03-03 01:00:00,2021-03-03,1,3,90,104,115,111,105,436,0.7,89,1.4,0.0,1.5,167.2,False,25,3,True
2021-03-03 02:00:00,2021-03-03,2,3,113,113,115,109,113,56,0.7,88,2.0,0.0,1.5,167.2,False,25,3,True
2021-03-03 03:00:00,2021-03-03,3,3,99,105,107,110,105,30,0.9,86,2.3,0.0,1.5,167.2,False,25,3,True
2021-03-03 04:00:00,2021-03-03,4,3,109,108,102,104,106,26,0.6,86,2.2,0.0,1.5,167.2,False,25,3,True
2021-03-03 05:00:00,2021-03-03,5,3,82,77,99,107,91,430,0.3,86,1.7,0.0,1.5,167.2,False,25,3,True
2021-03-03 06:00:00,2021-03-03,6,3,118,113,109,108,112,98,-0.4,92,0.8,0.0,1.5,167.2,False,25,3,True
2021-03-03 07:00:00,2021-03-03,7,3,106,119,140,149,129,1251,-0.5,92,2.4,0.0,1.5,167.2,False,25,3,True
2021-03-03 08:00:00,2021-03-03,8,3,159,181,174,167,170,321,0.9,90,1.5,0.0,1.5,167.2,False,25,3,True
2021-03-03 09:00:00,2021-03-03,9,3,170,169,171,169,170,1038,3.6,79,1.2,0.0,1.0,167.2,False,25,3,True
2021-03-03 10:00:00,2021-03-03,10,3,132,156,164,170,156,697,6.0,65,1.0,0.0,1.0,167.2,False,25,3,True
2021-03-03 11:00:00,2021-03-03,11,3,172,153,163,160,162,1264,7.3,56,1.2,0.0,1.0,167.2,False,25,3,True
2021-03-03 12:00:00,2021-03-03,12,3,106,89,90,121,102,333,7.9,48,1.8,0.0,1.0,167.2,False,25,3,True
2021-03-03 13:00:00,2021-03-03,13,3,152,156,165,159,158,654,8.1,51,2.3,0.0,1.0,167.2,False,25,3,True
2021-03-03 14:00:00,2021-03-03,14,3,158,156,158,163,159,2720,8.2,51,2.6,0.0,1.0,167.2,False,25,3,True
2021-03-03 15:00:00,2021-03-03,15,3,135,153,156,161,151,365,9.0,52,2.8,0.0,1.0,167.2,False,25,3,True
2021-03-03 16:00:00,2021-03-03,16,3,156,162,163,159,160,2492,8.7,52,2.7,0.0,1.0,167.2,False,25,3,True
2021-03-03 17:00:00,2021-03-03,17,3,128,113,137,151,132,1141,7.6,55,2.5,0.0,1.0,167.2,False,25,3,True
2021-03-03 18:00:00,2021-03-03,18,3,150,145,123,110,132,184,7.0,58,2.5,0.0,1.5,167.2,False,25,3,True
2021-03-03 19:00:00,2021-03-03,19,3,112,119,117,111,115,3330,6.7,62,1.1,0.0,1.5,167.2,False,25,3,True
2021-03-03 20:00:00,2021-03-03,20,3,108,125,130,126,122,190,6.1,65,0.6,0.0,1.5,167.2,False,25,3,True
2021-03-03 21:00:00,2021-03-03,21,3,132,123,120,116,123,72,5.5,69,0.9,0.0,1.5,167.2,False,25,3,True
2021-03-03 22:00:00,2021-03-03,22,3,106,111,116,118,113,36,5.0,73,0.1,0.0,1.5,167.2,False,25,3,True
2021-03-03 23:00:00,2021-03-03,23,3,114,114,109,81,105,0,5.2,70,1.4,0.0,1.5,167.2,False,25,3,True
2021-03-04 00:00:00,2021-03-04,0,4,72,67,66,66,68,508,4.4,75,0.8,0.0,1.5,167.2,False,3,4,True
2021-03-04 01:00:00,2021-03-04,1,4,96,108,119,109,108,15,4.2,74,1.0,0.0,1.5,167.2,False,3,4,True
2021-03-04 02:00:00,2021-03-04,2,4,106,106,111,116,110,10,3.5,78,1.0,0.0,1.5,167.2,False,3,4,True
2021-03-04 03:00:00,2021-03-04,3,4,104,105,104,113,107,450,3.8,78,1.5,0.0,1.5,167.2,False,3,4,True
2021-03-04 04:00:00,2021-03-04,4,4,115,109,108,103,109,148,3.4,80,0.6,0.0,1.5,167.2,False,3,4,True
2021-03-04 05:00:00,2021-03-04,5,4,85,78,91,107,90,26,3.5,82,2.1,0.0,1.5,167.2,False,3,4,True
2021-03-04 06:00:00,2021-03-04,6,4,118,112,105,100,109,16,3.3,83,1.1,0.0,1.5,167.2,False,3,4,True
2021-03-04 07:00:00,2021-03-04,7,4,110,125,142,136,128,1771,3.7,83,1.6,0.0,1.5,167.2,False,3,4,True
2021-03-04 08:00:00,2021-03-04,8,4,154,153,159,159,156,469,4.7,80,1.3,0.0,1.5,167.2,False,3,4,True
2021-03-04 09:00:00,2021-03-04,9,4,158,158,159,166,160,1343,5.8,79,0.6,0.0,1.0,167.2,False,3,4,True
2021-03-04 10:00:00,2021-03-04,10,4,127,158,173,168,157,790,7.5,75,1.5,0.0,1.0,167.2,False,3,4,True
2021-03-04 11:00:00,2021-03-04,11,4,141,150,155,149,149,1291,8.7,66,2.2,0.0,1.0,167.2,False,3,4,True
2021-03-04 12:00:00,2021-03-04,12,4,81,64,94,118,89,0,11.1,63,1.0,0.0,1.0,167.2,False,3,4,True
2021-03-04 13:00:00,2021-03-04,13,4,158,158,154,151,155,903,11.7,65,1.1,0.0,1.0,167.2,False,3,4,True
2021-03-04 14:00:00,2021-03-04,14,4,143,154,151,160,152,757,12.8,62,0.8,0.0,1.0,167.2,False,3,4,True
2021-03-04 15:00:00,2021-03-04,15,4,125,142,144,149,140,976,13.0,66,2.0,0.0,1.0,167.2,False,3,4,True
2021-03-04 16:00:00,2021-03-04,16,4,140,141,145,140,142,1605,12.8,71,2.6,0.0,1.0,167.2,False,3,4,True
2021-03-04 17:00:00,2021-03-04,17,4,105,103,138,143,122,251,12.6,72,1.8,0.0,1.0,167.2,False,3,4,True
2021-03-04 18:00:00,2021-03-04,18,4,139,138,135,145,139,615,12.0,76,1.5,0.0,1.5,167.2,False,3,4,True
2021-03-04 19:00:00,2021-03-04,19,4,135,119,103,94,113,2126,11.2,85,1.0,0.0,1.5,167.2,False,3,4,True
2021-03-04 20:00:00,2021-03-04,20,4,91,96,105,111,101,1,10.2,97,1.7,1.3,1.5,167.2,False,3,4,True
2021-03-04 21:00:00,2021-03-04,21,4,110,105,109,109,108,171,9.1,96,2.5,1.3,1.5,167.2,False,3,4,True
2021-03-04 22:00:00,2021-03-04,22,4,96,111,111,109,107,16,8.7,97,1.3,1.3,1.5,167.2,False,3,4,True
2021-03-04 23:00:00,2021-03-04,23,4,109,112,102,65,97,242,8.4,98,1.2,1.3,1.5,167.2,False,3,4,True
2021-03-05 00:00:00,2021-03-05,0,5,22,22,26,26,24,0,8.3,97,1.8,1.4,1.5,167.2,False,4,15,True
2021-03-05 01:00:00,2021-03-05,1,5,21,21,21,22,21,0,8.1,97,1.6,0.1,1.5,167.2,False,4,15,True
2021-03-05 02:00:00,2021-03-05,2,5,21,21,21,22,21,0,8.3,95,1.8,0.1,1.5,167.2,False,4,15,True
2021-03-05 03:00:00,2021-03-05,3,5,22,22,22,24,23,0,8.3,93,2.1,0.1,1.5,167.2,False,4,15,True
2021-03-05 04:00:00,2021-03-05,4,5,26,24,22,21,23,0,8.3,94,1.6,0.1,1.5,167.2,False,4,15,True
2021-03-05 05:00:00,2021-03-05,5,5,21,21,21,22,21,0,8.5,93,3.1,0.1,1.5,167.2,False,4,15,True
2021-03-05 06:00:00,2021-03-05,6,5,22,21,21,21,21,0,8.9,91,2.3,0.1,1.5,167.2,False,4,15,True
2021-03-05 07:00:00,2021-03-05,7,5,21,26,26,22,24,0,8.6,88,2.3,0.1,1.5,167.2,False,4,15,True
2021-03-05 08:00:00,2021-03-05,8,5,21,21,21,21,21,0,8.8,89,2.8,0.1,1.5,167.2,False,4,15,True
2021-03-05 09:00:00,2021-03-05,9,5,21,21,21,21,21,0,8.9,92,1.8,0.1,1.0,167.2,False,4,15,True
2021-03-05 10:00:00,2021-03-05,10,5,21,21,22,26,23,0,9.5,96,1.7,0.2,1.0,167.2,False,4,15,True
2021-03-05 11:00:00,2021-03-05,11,5,25,21,21,21,22,0,11.3,90,2.4,0.2,1.0,167.2,False,4,15,True
2021-03-05 12:00:00,2021-03-05,12,5,21,21,21,21,21,0,13.0,82,2.1,0.2,1.0,167.2,False,4,15,True
2021-03-05 13:00:00,2021-03-05,13,5,21,21,21,21,21,0,15.3,72,2.4,0.2,1.0,167.2,False,4,15,True
2021-03-05 14:00:00,2021-03-05,14,5,24,25,21,21,23,0,15.4,71,2.7,0.2,1.0,167.2,False,4,15,True
2021-03-05 15:00:00,2021-03-05,15,5,21,21,21,21,21,0,16.8,67,2.5,0.2,1.0,167.2,False,4,15,True
2021-03-05 16:00:00,2021-03-05,16,5,21,21,21,21,21,0,15.9,67,3.2,0.2,1.0,167.2,False,4,15,True
2021-03-05 17:00:00,2021-03-05,17,5,24,26,22,21,23,0,14.9,70,2.7,0.2,1.0,167.2,False,4,15,True
2021-03-05 18:00:00,2021-03-05,18,5,21,21,21,21,21,0,14.1,74,0.8,0.2,1.5,167.2,False,4,15,True
2021-03-05 19:00:00,2021-03-05,19,5,21,21,21,21,21,0,12.8,82,0.4,0.2,1.5,167.2,False,4,15,True
2021-03-05 20:00:00,2021-03-05,20,5,22,26,24,21,23,0,12.5,90,1.5,0.2,1.5,167.2,False,4,15,True
2021-03-05 21:00:00,2021-03-05,21,5,21,21,21,22,21,0,11.2,97,1.6,0.2,1.5,167.2,False,4,15,True
2021-03-05 22:00:00,2021-03-05,22,5,21,21,21,21,21,0,10.4,98,0.3,0.2,1.5,167.2,False,4,15,True
2021-03-05 23:00:00,2021-03-05,23,5,21,24,26,25,24,0,10.5,98,0.8,0.2,1.5,167.2,False,4,15,True
2021-03-06 00:00:00,2021-03-06,0,6,63,63,64,63,63,36,11.1,92,1.9,0.2,1.5,167.2,False,1,7,True
2021-03-06 01:00:00,2021-03-06,1,6,96,93,116,113,105,71,10.5,77,0.2,0.0,1.5,167.2,False,1,7,True
2021-03-06 02:00:00,2021-03-06,2,6,106,96,106,107,104,290,11.6,57,2.3,0.0,1.5,167.2,False,1,7,True
2021-03-06 03:00:00,2021-03-06,3,6,92,110,110,109,105,120,11.5,56,2.8,0.0,1.5,167.2,False,1,7,True
2021-03-06 04:00:00,2021-03-06,4,6,108,105,106,108,107,4,11.3,57,3.4,0.0,1.5,167.2,False,1,7,True
2021-03-06 05:00:00,2021-03-06,5,6,89,83,99,98,92,160,11.0,60,3.2,0.0,1.5,167.2,False,1,7,True
2021-03-06 06:00:00,2021-03-06,6,6,102,111,110,103,107,213,10.7,74,3.5,0.0,1.5,167.2,False,1,7,True
2021-03-06 07:00:00,2021-03-06,7,6,92,75,48,29,61,1468,10.4,77,3.6,0.0,1.5,167.2,False,1,7,True
2021-03-06 08:00:00,2021-03-06,8,6,27,25,22,22,24,0,10.0,77,4.3,0.0,1.5,167.2,False,1,7,True
2021-03-06 09:00:00,2021-03-06,9,6,22,22,22,22,22,0,9.0,79,4.4,0.0,1.0,167.2,False,1,7,True
2021-03-06 10:00:00,2021-03-06,10,6,22,22,22,22,22,0,7.8,85,3.4,0.0,1.0,167.2,False,1,7,True
2021-03-06 11:00:00,2021-03-06,11,6,22,23,28,27,25,0,7.0,84,3.7,0.0,1.0,167.2,False,1,7,True
2021-03-06 12:00:00,2021-03-06,12,6,22,23,22,22,22,0,6.7,78,4.3,0.0,1.0,167.2,False,1,7,True
2021-03-06 13:00:00,2021-03-06,13,6,22,23,22,22,22,0,6.4,78,3.6,0.0,1.0,167.2,False,1,7,True
2021-03-06 14:00:00,2021-03-06,14,6,22,23,22,23,23,0,5.2,91,4.1,0.0,1.0,167.2,False,1,7,True
2021-03-06 15:00:00,2021-03-06,15,6,28,26,23,22,25,0,4.7,93,3.5,0.0,1.0,167.2,False,1,7,True
2021-03-06 16:00:00,2021-03-06,16,6,23,23,22,23,23,0,4.2,96,3.8,0.9,1.0,167.2,False,1,7,True
2021-03-06 17:00:00,2021-03-06,17,6,22,22,22,23,22,0,4.0,96,3.2,1.2,1.0,167.2,False,1,7,True
2021-03-06 18:00:00,2021-03-06,18,6,22,23,27,27,25,0,3.6,97,3.1,1.5,1.5,167.2,False,1,7,True
2021-03-06 19:00:00,2021-03-06,19,6,22,22,22,22,22,0,4.2,87,3.1,1.5,1.5,167.2,False,1,7,True
2021-03-06 20:00:00,2021-03-06,20,6,22,22,22,22,22,0,4.2,85,2.9,1.5,1.5,167.2,False,1,7,True
2021-03-06 21:00:00,2021-03-06,21,6,23,22,22,27,24,0,4.3,84,2.3,1.5,1.5,167.2,False,1,7,True
2021-03-06 22:00:00,2021-03-06,22,6,26,22,22,22,23,0,4.5,82,1.9,1.5,1.5,167.2,False,1,7,True
2021-03-06 23:00:00,2021-03-06,23,6,22,22,22,22,22,0,4.4,82,2.3,1.5,1.5,167.2,False,1,7,True
2021-03-07 00:00:00,2021-03-07,0,7,22,22,22,25,23,0,4.3,82,2.7,1.5,1.5,167.2,False,33,1,False
2021-03-07 01:00:00,2021-03-07,1,7,26,22,22,22,23,0,4.1,84,2.8,0.0,1.5,167.2,False,33,1,False
2021-03-07 02:00:00,2021-03-07,2,7,22,22,22,22,22,0,4.1,82,2.8,0.0,1.5,167.2,False,33,1,False
2021-03-07 03:00:00,2021-03-07,3,7,22,22,22,23,22,0,4.2,80,2.1,0.0,1.5,167.2,False,33,1,False
2021-03-07 04:00:00,2021-03-07,4,7,22,24,27,22,24,0,4.2,79,3.0,0.0,1.5,167.2,False,33,1,False
2021-03-07 05:00:00,2021-03-07,5,7,22,22,22,22,22,0,4.3,76,2.1,0.0,1.5,167.2,False,33,1,False
2021-03-07 06:00:00,2021-03-07,6,7,22,22,22,22,22,0,4.4,74,2.3,0.0,1.5,167.2,False,33,1,False
2021-03-07 07:00:00,2021-03-07,7,7,24,44,67,90,56,0,4.3,74,2.2,0.0,1.5,167.2,False,33,1,False
2021-03-07 08:00:00,2021-03-07,8,7,151,169,182,182,171,0,4.5,73,2.7,0.0,1.5,167.2,False,33,1,False
2021-03-07 09:00:00,2021-03-07,9,7,179,166,157,162,166,0,4.8,72,2.1,0.0,1.0,167.2,False,33,1,False
2021-03-07 10:00:00,2021-03-07,10,7,137,176,159,171,161,0,5.0,69,2.7,0.0,1.0,167.2,False,33,1,False
2021-03-07 11:00:00,2021-03-07,11,7,169,170,166,168,168,0,5.3,65,3.3,0.0,1.0,167.2,False,33,1,False
2021-03-07 12:00:00,2021-03-07,12,7,120,105,106,129,115,0,6.0,63,2.5,0.0,1.0,167.2,False,33,1,False
2021-03-07 13:00:00,2021-03-07,13,7,169,173,182,175,175,0,6.7,59,3.1,0.0,1.0,167.2,False,33,1,False
2021-03-07 14:00:00,2021-03-07,14,7,165,176,180,177,175,0,8.1,57,2.9,0.0,1.0,167.2,False,33,1,False
2021-03-07 15:00:00,2021-03-07,15,7,135,166,175,174,163,0,7.4,60,3.7,0.0,1.0,167.2,False,33,1,False
2021-03-07 16:00:00,2021-03-07,16,7,158,166,164,173,165,0,7.1,63,3.1,0.0,1.0,167.2,False,33,1,False
2021-03-07 17:00:00,2021-03-07,17,7,123,118,151,151,136,0,6.8,66,2.3,0.0,1.0,167.2,False,33,1,False
2021-03-07 18:00:00,2021-03-07,18,7,154,158,154,143,152,0,6.1,69,2.0,0.0,1.5,167.2,False,33,1,False
2021-03-07 19:00:00,2021-03-07,19,7,141,147,131,99,130,0,5.8,71,1.2,0.0,1.5,167.2,False,33,1,False
2021-03-07 20:00:00,2021-03-07,20,7,101,114,108,110,108,0,5.4,74,0.7,0.0,1.5,167.2,False,33,1,False
2021-03-07 21:00:00,2021-03-07,21,7,110,113,110,111,111,0,5.1,75,0.9,0.0,1.5,167.2,False,33,1,False
2021-03-07 22:00:00,2021-03-07,22,7,84,100,98,97,95,0,4.2,79,1.3,0.0,1.5,167.2,False,33,1,False
2021-03-07 23:00:00,2021-03-07,23,7,110,106,100,77,98,0,4.0,81,1.4,0.0,1.5,167.2,False,33,1,False
2021-03-08 00:00:00,2021-03-08,0,1,64,63,63,62,63,0,3.5,83,0.8,0.0,1.5,167.2,False,6,4,True
2021-03-08 01:00:00,2021-03-08,1,1,87,94,105,110,99,0,3.8,82,0.6,0.0,1.5,167.2,False,6,4,True
2021-03-08 02:00:00,2021-03-08,2,1,104,98,98,111,103,0,3.3,85,1.5,0.0,1.5,167.2,False,6,4,True
2021-03-08 03:00:00,2021-03-08,3,1,90,105,99,104,100,0,2.0,88,0.4,0.0,1.5,167.2,False,6,4,True
2021-03-08 04:00:00,2021-03-08,4,1,105,105,100,110,105,0,2.5,89,0.7,0.0,1.5,167.2,False,6,4,True
2021-03-08 05:00:00,2021-03-08,5,1,82,72,94,101,87,0,2.3,89,1.3,0.0,1.5,167.2,False,6,4,True
2021-03-08 06:00:00,2021-03-08,6,1,109,104,96,81,98,0,2.3,89,0.8,0.0,1.5,167.2,False,6,4,True
2021-03-08 07:00:00,2021-03-08,7,1,72,77,107,117,93,0,1.8,95,1.1,0.0,1.5,167.2,False,6,4,True
2021-03-08 08:00:00,2021-03-08,8,1,141,154,161,160,154,369,4.1,83,2.0,0.0,1.5,167.2,False,6,4,True
2021-03-08 09:00:00,2021-03-08,9,1,165,160,160,156,160,434,5.7,77,1.0,0.0,1.0,167.2,False,6,4,True
2021-03-08 10:00:00,2021-03-08,10,1,127,153,138,150,142,286,8.9,67,1.6,0.0,1.0,167.2,False,6,4,True
2021-03-08 11:00:00,2021-03-08,11,1,159,160,167,171,164,1740,9.9,64,2.3,0.0,1.0,167.2,False,6,4,True
2021-03-08 12:00:00,2021-03-08,12,1,106,87,94,124,103,120,10.7,56,3.6,0.0,1.0,167.2,False,6,4,True
2021-03-08 13:00:00,2021-03-08,13,1,157,174,168,160,165,1771,9.9,60,3.6,0.0,1.0,167.2,False,6,4,True
2021-03-08 14:00:00,2021-03-08,14,1,156,164,167,176,166,1976,10.7,57,3.9,0.0,1.0,167.2,False,6,4,True
2021-03-08 15:00:00,2021-03-08,15,1,139,173,153,180,161,1024,10.2,62,3.8,0.0,1.0,167.2,False,6,4,True
2021-03-08 16:00:00,2021-03-08,16,1,150,166,164,152,158,1002,9.1,66,3.1,0.0,1.0,167.2,False,6,4,True
2021-03-08 17:00:00,2021-03-08,17,1,127,110,147,161,136,736,8.4,68,3.7,0.0,1.0,167.2,False,6,4,True
2021-03-08 18:00:00,2021-03-08,18,1,150,156,152,157,154,1891,8.0,68,3.1,0.0,1.5,167.2,False,6,4,True
2021-03-08 19:00:00,2021-03-08,19,1,155,144,140,128,142,2879,7.3,71,1.4,0.0,1.5,167.2,False,6,4,True
2021-03-08 20:00:00,2021-03-08,20,1,134,132,117,132,129,10,7.1,71,2.0,0.0,1.5,167.2,False,6,4,True
2021-03-08 21:00:00,2021-03-08,21,1,132,123,116,114,121,15,6.1,75,1.3,0.0,1.5,167.2,False,6,4,True
2021-03-08 22:00:00,2021-03-08,22,1,91,109,115,113,107,95,6.1,74,1.8,0.0,1.5,167.2,False,6,4,True
2021-03-08 23:00:00,2021-03-08,23,1,105,114,104,82,101,14,5.8,75,0.7,0.0,1.5,167.2,False,6,4,True
2021-03-09 00:00:00,2021-03-09,0,2,72,69,65,65,68,0,4.9,79,1.9,0.0,1.5,167.2,False,28,3,True
2021-03-09 01:00:00,2021-03-09,1,2,92,97,103,103,99,54,4.1,83,0.8,0.0,1.5,167.2,False,28,3,True
2021-03-09 02:00:00,2021-03-09,2,2,107,106,99,103,104,192,4.4,83,2.3,0.0,1.5,167.2,False,28,3,True
2021-03-09 03:00:00,2021-03-09,3,2,92,109,113,99,103,70,4.5,81,1.4,0.0,1.5,167.2,False,28,3,True
2021-03-09 04:00:00,2021-03-09,4,2,96,101,100,101,100,30,4.5,81,1.9,0.0,1.5,167.2,False,28,3,True
2021-03-09 05:00:00,2021-03-09,5,2,84,73,90,91,85,84,4.8,79,2.8,0.0,1.5,167.2,False,28,3,True
2021-03-09 06:00:00,2021-03-09,6,2,102,100,106,105,103,244,4.0,83,0.7,0.0,1.5,167.2,False,28,3,True
2021-03-09 07:00:00,2021-03-09,7,2,105,115,150,140,128,825,4.0,86,1.0,0.0,1.5,167.2,False,28,3,True
2021-03-09 08:00:00,2021-03-09,8,2,158,169,174,174,169,552,5.2,82,0.8,0.0,1.5,167.2,False,28,3,True
2021-03-09 09:00:00,2021-03-09,9,2,168,179,178,164,172,727,6.7,76,1.0,0.0,1.0,167.2,False,28,3,True
2021-03-09 10:00:00,2021-03-09,10,2,135,180,178,172,166,688,8.3,70,1.1,0.0,1.0,167.2,False,28,3,True
2021-03-09 11:00:00,2021-03-09,11,2,168,166,178,174,172,1359,9.9,62,1.4,0.0,1.0,167.2,False,28,3,True
2021-03-09 12:00:00,2021-03-09,12,2,119,102,96,122,110,20,11.3,58,1.4,0.0,1.0,167.2,False,28,3,True
2021-03-09 13:00:00,2021-03-09,13,2,159,162,175,181,169,851,12.4,47,2.4,0.0,1.0,167.2,False,28,3,True
2021-03-09 14:00:00,2021-03-09,14,2,168,160,163,170,165,5260,13.8,43,1.9,0.0,1.0,167.2,False,28,3,True
2021-03-09 15:00:00,2021-03-09,15,2,129,170,168,164,158,835,14.0,51,3.2,0.0,1.0,167.2,False,28,3,True
2021-03-09 16:00:00,2021-03-09,16,2,159,146,144,154,151,1622,12.9,60,3.0,0.0,1.0,167.2,False,28,3,True
2021-03-09 17:00:00,2021-03-09,17,2,108,104,144,161,129,114,11.6,66,3.4,0.0,1.0,167.2,False,28,3,True
2021-03-09 18:00:00,2021-03-09,18,2,156,156,161,145,155,1264,11.0,69,2.6,0.0,1.5,167.2,False,28,3,True
2021-03-09 19:00:00,2021-03-09,19,2,148,136,131,111,132,2191,10.7,73,0.8,0.0,1.5,167.2,False,28,3,True
2021-03-09 20:00:00,2021-03-09,20,2,106,112,106,113,109,59,9.6,78,1.4,0.0,1.5,167.2,False,28,3,True
2021-03-09 21:00:00,2021-03-09,21,2,107,110,100,103,105,209,9.2,81,1.6,0.0,1.5,167.2,False,28,3,True
2021-03-09 22:00:00,2021-03-09,22,2,87,102,106,109,101,194,8.7,75,0.7,0.0,1.5,167.2,False,28,3,True
2021-03-09 23:00:00,2021-03-09,23,2,106,95,98,79,95,48,9.2,60,0.9,0.0,1.5,167.2,False,28,3,True
2021-03-10 00:00:00,2021-03-10,0,3,64,64,64,67,65,0,9.6,49,1.6,0.0,1.5,167.2,False,29,3,True
2021-03-10 01:00:00,2021-03-10,1,3,96,107,104,103,103,240,9.1,48,1.5,0.0,1.5,167.2,False,29,3,True
2021-03-10 02:00:00,2021-03-10,2,3,103,109,101,104,104,418,8.5,49,1.8,0.0,1.5,167.2,False,29,3,True
2021-03-10 03:00:00,2021-03-10,3,3,89,104,100,104,99,0,7.8,49,3.1,0.0,1.5,167.2,False,29,3,True
2021-03-10 04:00:00,2021-03-10,4,3,108,106,106,104,106,81,7.7,48,3.4,0.0,1.5,167.2,False,29,3,True
2021-03-10 05:00:00,2021-03-10,5,3,94,81,91,98,91,10,7.3,48,3.8,0.0,1.5,167.2,False,29,3,True
2021-03-10 06:00:00,2021-03-10,6,3,106,100,102,107,104,194,6.8,49,3.6,0.0,1.5,167.2,False,29,3,True
2021-03-10 07:00:00,2021-03-10,7,3,106,106,131,131,119,830,7.0,49,3.6,0.0,1.5,167.2,False,29,3,True
2021-03-10 08:00:00,2021-03-10,8,3,142,157,156,165,155,115,8.6,62,3.0,0.0,1.5,167.2,False,29,3,True
2021-03-10 09:00:00,2021-03-10,9,3,166,163,169,166,166,1503,10.2,60,4.4,0.0,1.0,167.2,False,29,3,True
2021-03-10 10:00:00,2021-03-10,10,3,134,169,177,175,164,918,10.6,57,4.2,0.0,1.0,167.2,False,29,3,True
2021-03-10 11:00:00,2021-03-10,11,3,161,149,168,165,161,1057,11.9,50,2.9,0.0,1.0,167.2,False,29,3,True
2021-03-10 12:00:00,2021-03-10,12,3,116,101,102,125,111,40,11.7,52,3.7,0.0,1.0,167.2,False,29,3,True
2021-03-10 13:00:00,2021-03-10,13,3,158,145,156,151,153,802,11.7,54,3.3,0.0,1.0,167.2,False,29,3,True
2021-03-10 14:00:00,2021-03-10,14,3,153,162,169,165,162,1522,12.1,46,4.0,0.0,1.0,167.2,False,29,3,True
2021-03-10 15:00:00,2021-03-10,15,3,128,162,161,158,152,1007,11.5,47,3.8,0.0,1.0,167.2,False,29,3,True
2021-03-10 16:00:00,2021-03-10,16,3,154,156,150,150,153,231,11.2,45,3.5,0.0,1.0,167.2,False,29,3,True
2021-03-10 17:00:00,2021-03-10,17,3,123,118,143,135,130,1283,10.1,52,3.9,0.0,1.0,167.2,False,29,3,True
2021-03-10 18:00:00,2021-03-10,18,3,122,123,123,121,122,854,9.1,55,2.8,0.0,1.5,167.2,False,29,3,True
2021-03-10 19:00:00,2021-03-10,19,3,120,123,122,128,123,2332,8.1,58,2.0,0.0,1.5,167.2,False,29,3,True
2021-03-10 20:00:00,2021-03-10,20,3,122,124,142,145,133,14,7.7,59,1.7,0.0,1.5,167.2,False,29,3,True
2021-03-10 21:00:00,2021-03-10,21,3,141,132,128,115,129,8,7.0,62,0.6,0.0,1.5,167.2,False,29,3,True
2021-03-10 22:00:00,2021-03-10,22,3,108,124,122,116,118,60,6.1,66,1.3,0.0,1.5,167.2,False,29,3,True
2021-03-10 23:00:00,2021-03-10,23,3,115,113,103,88,105,0,4.7,72,0.5,0.0,1.5,167.2,False,29,3,True
2021-03-11 00:00:00,2021-03-11,0,4,72,70,69,68,70,0,4.7,72,0.5,0.0,1.5,167.2,False,9,4,True
2021-03-11 01:00:00,2021-03-11,1,4,100,103,112,113,107,698,4.4,74,1.0,0.0,1.5,167.2,False,9,4,True
2021-03-11 02:00:00,2021-03-11,2,4,106,95,105,111,104,102,3.8,77,1.6,0.0,1.5,167.2,False,9,4,True
2021-03-11 03:00:00,2021-03-11,3,4,98,107,103,96,101,97,4.0,76,1.1,0.0,1.5,167.2,False,9,4,True
2021-03-11 04:00:00,2021-03-11,4,4,113,114,110,108,111,200,2.7,85,0.6,0.0,1.5,167.2,False,9,4,True
2021-03-11 05:00:00,2021-03-11,5,4,83,76,97,103,90,18,3.4,84,2.0,0.0,1.5,167.2,False,9,4,True
2021-03-11 06:00:00,2021-03-11,6,4,107,107,107,100,105,1240,2.0,90,0.4,0.0,1.5,167.2,False,9,4,True
2021-03-11 07:00:00,2021-03-11,7,4,113,127,149,143,133,336,2.9,89,0.2,0.0,1.5,167.2,False,9,4,True
2021-03-11 08:00:00,2021-03-11,8,4,155,175,171,169,168,875,4.5,86,0.5,0.0,1.5,167.2,False,9,4,True
2021-03-11 09:00:00,2021-03-11,9,4,172,157,168,175,168,1337,6.5,76,1.4,0.0,1.0,167.2,False,9,4,True
2021-03-11 10:00:00,2021-03-11,10,4,127,165,168,164,156,1430,10.0,62,1.0,0.0,1.0,167.2,False,9,4,True
2021-03-11 11:00:00,2021-03-11,11,4,174,165,168,164,168,3577,12.1,55,1.5,0.0,1.0,167.2,False,9,4,True
2021-03-11 12:00:00,2021-03-11,12,4,108,93,93,122,104,109,13.4,30,1.6,0.0,1.0,167.2,False,9,4,True
2021-03-11 13:00:00,2021-03-11,13,4,160,149,155,150,154,463,14.9,32,2.6,0.0,1.0,167.2,False,9,4,True
2021-03-11 14:00:00,2021-03-11,14,4,160,157,160,157,159,643,14.9,51,2.3,0.0,1.0,167.2,False,9,4,True
2021-03-11 15:00:00,2021-03-11,15,4,126,159,160,153,150,577,13.7,60,2.9,0.0,1.0,167.2,False,9,4,True
2021-03-11 16:00:00,2021-03-11,16,4,153,151,163,160,157,720,13.9,62,3.1,0.0,1.0,167.2,False,9,4,True
2021-03-11 17:00:00,2021-03-11,17,4,119,107,158,159,136,532,13.3,67,2.2,0.0,1.0,167.2,False,9,4,True
2021-03-11 18:00:00,2021-03-11,18,4,152,143,145,139,145,1032,12.3,74,2.4,0.0,1.5,167.2,False,9,4,True
2021-03-11 19:00:00,2021-03-11,19,4,142,135,142,125,136,3434,11.9,80,1.3,0.0,1.5,167.2,False,9,4,True
2021-03-11 20:00:00,2021-03-11,20,4,113,120,130,120,121,1,11.6,81,0.9,0.0,1.5,167.2,False,9,4,True
2021-03-11 21:00:00,2021-03-11,21,4,116,106,111,104,109,392,11.3,83,1.0,0.0,1.5,167.2,False,9,4,True
2021-03-11 22:00:00,2021-03-11,22,4,92,105,110,109,104,20,11.2,83,1.1,0.0,1.5,167.2,False,9,4,True
2021-03-11 23:00:00,2021-03-11,23,4,101,110,105,83,100,66,10.6,85,1.1,0.0,1.5,167.2,False,9,4,True
2021-03-12 00:00:00,2021-03-12,0,5,22,22,26,26,24,0,10.9,81,2.0,0.0,1.5,167.2,False,4,15,True
2021-03-12 01:00:00,2021-03-12,1,5,21,21,21,22,21,0,10.4,84,1.4,0.0,1.5,167.2,False,4,15,True
2021-03-12 02:00:00,2021-03-12,2,5,21,21,21,22,21,0,9.8,89,0.9,0.2,1.5,167.2,False,4,15,True
2021-03-12 03:00:00,2021-03-12,3,5,22,22,22,24,23,0,9.2,97,3.2,1.5,1.5,167.2,False,4,15,True
2021-03-12 04:00:00,2021-03-12,4,5,26,24,22,21,23,0,9.5,94,3.0,1.8,1.5,167.2,False,4,15,True
2021-03-12 05:00:00,2021-03-12,5,5,21,21,21,22,21,0,9.1,97,2.9,2.8,1.5,167.2,False,4,15,True
2021-03-12 06:00:00,2021-03-12,6,5,22,21,21,21,21,0,8.9,98,3.2,3.8,1.5,167.2,False,4,15,True
2021-03-12 07:00:00,2021-03-12,7,5,21,26,26,22,24,0,8.6,98,3.4,5.2,1.5,167.2,False,4,15,True
2021-03-12 08:00:00,2021-03-12,8,5,21,21,21,21,21,0,8.3,98,2.0,9.0,1.5,167.2,False,4,15,True
2021-03-12 09:00:00,2021-03-12,9,5,21,21,21,21,21,0,8.5,98,1.1,11.0,1.0,167.2,False,4,15,True
2021-03-12 10:00:00,2021-03-12,10,5,21,21,22,26,23,0,9.6,98,3.1,11.8,1.0,167.2,False,4,15,True
2021-03-12 11:00:00,2021-03-12,11,5,25,21,21,21,22,0,10.0,98,3.9,12.2,1.0,167.2,False,4,15,True
2021-03-12 12:00:00,2021-03-12,12,5,21,21,21,21,21,0,10.4,98,2.9,12.8,1.0,167.2,False,4,15,True
2021-03-12 13:00:00,2021-03-12,13,5,21,21,21,21,21,0,10.7,98,2.5,16.2,1.0,167.2,False,4,15,True
2021-03-12 14:00:00,2021-03-12,14,5,24,25,21,21,23,0,10.9,98,3.4,19.9,1.0,167.2,False,4,15,True
2021-03-12 15:00:00,2021-03-12,15,5,21,21,21,21,21,0,10.8,98,3.4,22.3,1.0,167.2,False,4,15,True
2021-03-12 16:00:00,2021-03-12,16,5,21,21,21,21,21,0,10.0,98,3.7,25.3,1.0,167.2,False,4,15,True
2021-03-12 17:00:00,2021-03-12,17,5,24,26,22,21,23,0,10.0,98,3.3,27.3,1.0,167.2,False,4,15,True
2021-03-12 18:00:00,2021-03-12,18,5,21,21,21,21,21,0,9.9,98,3.3,29.2,1.5,167.2,False,4,15,True
2021-03-12 19:00:00,2021-03-12,19,5,21,21,21,21,21,0,10.1,90,4.5,29.3,1.5,167.2,False,4,15,True
2021-03-12 20:00:00,2021-03-12,20,5,22,26,24,21,23,0,9.6,88,3.4,29.3,1.5,167.2,False,4,15,True
2021-03-12 21:00:00,2021-03-12,21,5,21,21,21,22,21,0,8.8,95,3.9,29.4,1.5,167.2,False,4,15,True
2021-03-12 22:00:00,2021-03-12,22,5,21,21,21,21,21,0,8.4,95,4.3,29.4,1.5,167.2,False,4,15,True
2021-03-12 23:00:00,2021-03-12,23,5,21,24,26,25,24,0,8.5,90,4.0,29.4,1.5,167.2,False,4,15,True
2021-03-13 00:00:00,2021-03-13,0,6,63,63,64,63,63,0,9.0,84,3.9,29.4,1.5,167.2,False,1,7,True
2021-03-13 01:00:00,2021-03-13,1,6,96,93,116,113,105,95,9.1,85,3.6,0.0,1.5,167.2,False,1,7,True
2021-03-13 02:00:00,2021-03-13,2,6,106,96,106,107,104,120,9.0,81,3.5,0.0,1.5,167.2,False,1,7,True
2021-03-13 03:00:00,2021-03-13,3,6,92,110,110,109,105,76,8.8,79,3.3,0.0,1.5,167.2,False,1,7,True
2021-03-13 04:00:00,2021-03-13,4,6,108,105,106,108,107,20,8.6,79,3.4,0.0,1.5,167.2,False,1,7,True
2021-03-13 05:00:00,2021-03-13,5,6,89,83,99,98,92,22,8.5,77,3.9,0.0,1.5,167.2,False,1,7,True
2021-03-13 06:00:00,2021-03-13,6,6,102,111,110,103,107,107,8.5,76,4.0,0.0,1.5,167.2,False,1,7,True
2021-03-13 07:00:00,2021-03-13,7,6,92,75,48,29,61,1164,8.2,76,3.3,0.0,1.5,167.2,False,1,7,True
2021-03-13 08:00:00,2021-03-13,8,6,27,25,22,22,24,2,8.4,75,3.5,0.0,1.5,167.2,False,1,7,True
2021-03-13 09:00:00,2021-03-13,9,6,22,22,22,22,22,0,9.4,71,3.8,0.0,1.0,167.2,False,1,7,True
2021-03-13 10:00:00,2021-03-13,10,6,22,22,22,22,22,0,10.3,66,3.0,0.0,1.0,167.2,False,1,7,True
2021-03-13 11:00:00,2021-03-13,11,6,22,23,28,27,25,0,11.4,63,2.6,0.0,1.0,167.2,False,1,7,True
2021-03-13 12:00:00,2021-03-13,12,6,22,23,22,22,22,0,11.8,57,3.5,0.0,1.0,167.2,False,1,7,True
2021-03-13 13:00:00,2021-03-13,13,6,22,23,22,22,22,0,13.4,54,3.1,0.0,1.0,167.2,False,1,7,True
2021-03-13 14:00:00,2021-03-13,14,6,22,23,22,23,23,0,13.2,51,3.4,0.0,1.0,167.2,False,1,7,True
2021-03-13 15:00:00,2021-03-13,15,6,28,26,23,22,25,0,12.7,56,3.7,0.0,1.0,167.2,False,1,7,True
2021-03-13 16:00:00,2021-03-13,16,6,23,23,22,23,23,0,12.0,66,2.9,0.0,1.0,167.2,False,1,7,True
2021-03-13 17:00:00,2021-03-13,17,6,22,22,22,23,22,0,11.1,71,3.4,0.0,1.0,167.2,False,1,7,True
2021-03-13 18:00:00,2021-03-13,18,6,22,23,27,27,25,0,10.4,74,2.3,0.0,1.5,167.2,False,1,7,True
2021-03-13 19:00:00,2021-03-13,19,6,22,22,22,22,22,0,9.7,76,1.7,0.0,1.5,167.2,False,1,7,True
2021-03-13 20:00:00,2021-03-13,20,6,22,22,22,22,22,4,9.4,77,0.9,0.0,1.5,167.2,False,1,7,True
2021-03-13 21:00:00,2021-03-13,21,6,23,22,22,27,24,0,9.2,79,0.9,0.0,1.5,167.2,False,1,7,True
2021-03-13 22:00:00,2021-03-13,22,6,26,22,22,22,23,0,9.0,80,0.8,0.0,1.5,167.2,False,1,7,True
2021-03-13 23:00:00,2021-03-13,23,6,22,22,22,22,22,0,7.8,85,1.1,0.0,1.5,167.2,False,1,7,True
2021-03-14 00:00:00,2021-03-14,0,7,22,22,22,22,22,0,7.4,87,0.7,0.0,1.5,167.2,False,10,3,True
2021-03-14 01:00:00,2021-03-14,1,7,22,23,22,22,22,0,7.2,90,1.9,0.0,1.5,167.2,False,10,3,True
2021-03-14 02:00:00,2021-03-14,2,7,22,27,26,22,24,0,6.3,94,1.0,0.0,1.5,167.2,False,10,3,True
2021-03-14 03:00:00,2021-03-14,3,7,22,22,22,22,22,0,6.2,98,0.8,0.0,1.5,167.2,False,10,3,True
2021-03-14 04:00:00,2021-03-14,4,7,22,24,23,22,23,0,5.4,98,0.8,0.0,1.5,167.2,False,10,3,True
2021-03-14 05:00:00,2021-03-14,5,7,22,22,23,27,24,0,7.1,95,2.5,0.0,1.5,167.2,False,10,3,True
2021-03-14 06:00:00,2021-03-14,6,7,25,22,22,22,23,0,6.7,96,1.4,0.0,1.5,167.2,False,10,3,True
2021-03-14 07:00:00,2021-03-14,7,7,26,38,71,112,62,0,7.5,81,1.9,0.0,1.5,167.2,False,10,3,True
2021-03-14 08:00:00,2021-03-14,8,7,154,175,197,204,183,0,7.5,87,0.6,0.0,1.5,167.2,False,10,3,True
2021-03-14 09:00:00,2021-03-14,9,7,185,178,170,180,178,0,9.7,72,2.2,0.0,1.0,167.2,False,10,3,True
2021-03-14 10:00:00,2021-03-14,10,7,157,180,180,167,171,0,12.0,63,2.2,0.0,1.0,167.2,False,10,3,True
2021-03-14 11:00:00,2021-03-14,11,7,173,190,187,175,181,0,13.8,55,2.5,0.0,1.0,167.2,False,10,3,True
2021-03-14 12:00:00,2021-03-14,12,7,123,104,108,140,119,0,14.4,51,1.3,0.0,1.0,167.2,False,10,3,True
2021-03-14 13:00:00,2021-03-14,13,7,175,187,192,188,186,0,14.6,48,2.5,0.0,1.0,167.2,False,10,3,True
2021-03-14 14:00:00,2021-03-14,14,7,185,174,172,176,177,0,15.9,47,2.2,0.0,1.0,167.2,False,10,3,True
2021-03-14 15:00:00,2021-03-14,15,7,148,181,190,192,178,0,16.0,45,2.2,0.0,1.0,167.2,False,10,3,True
2021-03-14 16:00:00,2021-03-14,16,7,180,168,169,168,171,0,14.1,55,1.9,0.0,1.0,167.2,False,10,3,True
2021-03-14 17:00:00,2021-03-14,17,7,130,117,159,179,146,0,13.3,59,2.0,0.0,1.0,167.2,False,10,3,True
2021-03-14 18:00:00,2021-03-14,18,7,182,182,169,158,173,0,12.6,63,2.0,0.0,1.5,167.2,False,10,3,True
2021-03-14 19:00:00,2021-03-14,19,7,164,158,157,122,150,0,11.4,67,0.8,0.0,1.5,167.2,False,10,3,True
2021-03-14 20:00:00,2021-03-14,20,7,109,121,121,126,119,0,10.7,72,0.9,0.0,1.5,167.2,False,10,3,True
2021-03-14 21:00:00,2021-03-14,21,7,120,122,125,125,123,0,10.0,74,1.5,0.0,1.5,167.2,False,10,3,True
2021-03-14 22:00:00,2021-03-14,22,7,100,108,109,129,112,0,10.2,75,2.6,0.0,1.5,167.2,False,10,3,True
2021-03-14 23:00:00,2021-03-14,23,7,118,113,106,90,107,0,9.1,82,0.9,0.0,1.5,167.2,False,10,3,True
2021-03-15 00:00:00,2021-03-15,0,1,83,77,72,72,76,0,8.4,84,1.7,0.0,1.5,167.2,False,11,4,True
2021-03-15 01:00:00,2021-03-15,1,1,100,110,115,116,110,0,8.1,85,1.2,0.0,1.5,167.2,False,11,4,True
2021-03-15 02:00:00,2021-03-15,2,1,114,117,121,117,117,0,7.8,85,0.9,0.0,1.5,167.2,False,11,4,True
2021-03-15 03:00:00,2021-03-15,3,1,104,119,117,123,116,0,7.6,86,1.6,0.0,1.5,167.2,False,11,4,True
2021-03-15 04:00:00,2021-03-15,4,1,122,111,100,106,110,0,7.1,88,1.9,0.0,1.5,167.2,False,11,4,True
2021-03-15 05:00:00,2021-03-15,5,1,94,87,96,112,97,0,5.8,92,0.7,0.0,1.5,167.2,False,11,4,True
2021-03-15 06:00:00,2021-03-15,6,1,121,118,117,117,118,0,6.0,91,0.3,0.0,1.5,167.2,False,11,4,True
2021-03-15 07:00:00,2021-03-15,7,1,116,119,144,150,132,0,6.1,95,0.3,0.0,1.5,167.2,False,11,4,True
2021-03-15 08:00:00,2021-03-15,8,1,176,196,198,181,188,1007,8.0,90,0.1,0.0,1.5,167.2,False,11,4,True
2021-03-15 09:00:00,2021-03-15,9,1,184,195,176,188,186,1074,11.0,76,0.5,0.0,1.0,167.2,False,11,4,True
2021-03-15 10:00:00,2021-03-15,10,1,138,174,181,164,164,686,13.6,64,1.8,0.0,1.0,167.2,False,11,4,True
2021-03-15 11:00:00,2021-03-15,11,1,162,180,167,184,173,1661,16.0,51,3.2,0.0,1.0,167.2,False,11,4,True
2021-03-15 12:00:00,2021-03-15,12,1,128,105,92,122,112,5207,16.6,43,4.2,0.0,1.0,167.2,False,11,4,True
2021-03-15 13:00:00,2021-03-15,13,1,168,177,170,170,171,1059,17.0,33,4.6,0.0,1.0,167.2,False,11,4,True
2021-03-15 14:00:00,2021-03-15,14,1,182,181,173,172,177,635,17.6,34,3.6,0.0,1.0,167.2,False,11,4,True
2021-03-15 15:00:00,2021-03-15,15,1,137,168,171,176,163,564,17.6,34,3.5,0.0,1.0,167.2,False,11,4,True
2021-03-15 16:00:00,2021-03-15,16,1,166,172,181,160,170,1163,17.2,31,4.0,0.0,1.0,167.2,False,11,4,True
2021-03-15 17:00:00,2021-03-15,17,1,118,108,149,159,134,387,17.1,40,3.8,0.0,1.0,167.2,False,11,4,True
2021-03-15 18:00:00,2021-03-15,18,1,161,161,153,170,161,1401,15.5,48,3.5,0.0,1.5,167.2,False,11,4,True
2021-03-15 19:00:00,2021-03-15,19,1,162,159,154,147,156,1123,14.4,59,3.3,0.0,1.5,167.2,False,11,4,True
2021-03-15 20:00:00,2021-03-15,20,1,133,131,127,120,128,13,13.8,63,2.1,0.0,1.5,167.2,False,11,4,True
2021-03-15 21:00:00,2021-03-15,21,1,124,131,129,124,127,19,13.8,65,3.5,0.0,1.5,167.2,False,11,4,True
2021-03-15 22:00:00,2021-03-15,22,1,108,111,116,123,115,336,13.9,69,1.5,0.0,1.5,167.2,False,11,4,True
2021-03-15 23:00:00,2021-03-15,23,1,116,120,110,85,108,38,14.0,73,2.9,0.0,1.5,167.2,False,11,4,True
2021-03-16 00:00:00,2021-03-16,0,2,76,73,71,72,73,42,14.1,76,2.3,0.0,1.5,167.2,False,30,3,True
2021-03-16 01:00:00,2021-03-16,1,2,100,115,120,109,111,570,14.3,78,1.7,0.0,1.5,167.2,False,30,3,True
2021-03-16 02:00:00,2021-03-16,2,2,106,117,116,117,114,472,14.5,80,2.1,0.0,1.5,167.2,False,30,3,True
2021-03-16 03:00:00,2021-03-16,3,2,106,113,114,113,112,243,13.7,91,1.7,0.0,1.5,167.2,False,30,3,True
2021-03-16 04:00:00,2021-03-16,4,2,118,115,113,102,112,246,13.2,98,1.1,0.1,1.5,167.2,False,30,3,True
2021-03-16 05:00:00,2021-03-16,5,2,79,75,102,111,92,904,13.2,98,0.9,0.4,1.5,167.2,False,30,3,True
2021-03-16 06:00:00,2021-03-16,6,2,114,119,121,105,115,53,12.9,98,1.5,0.5,1.5,167.2,False,30,3,True
2021-03-16 07:00:00,2021-03-16,7,2,96,116,148,161,130,546,12.8,98,2.4,0.5,1.5,167.2,False,30,3,True
2021-03-16 08:00:00,2021-03-16,8,2,170,185,180,173,177,931,13.4,98,1.5,0.5,1.5,167.2,False,30,3,True
2021-03-16 09:00:00,2021-03-16,9,2,171,168,187,192,180,818,16.5,73,1.6,0.5,1.0,167.2,False,30,3,True
2021-03-16 10:00:00,2021-03-16,10,2,150,179,193,190,178,951,17.4,59,3.5,0.5,1.0,167.2,False,30,3,True
2021-03-16 11:00:00,2021-03-16,11,2,186,172,175,170,176,1316,19.0,47,2.6,0.5,1.0,167.2,False,30,3,True
2021-03-16 12:00:00,2021-03-16,12,2,120,104,95,116,109,1512,20.1,35,3.1,0.5,1.0,167.2,False,30,3,True
2021-03-16 13:00:00,2021-03-16,13,2,158,175,172,171,169,1250,20.3,25,3.7,0.5,1.0,167.2,False,30,3,True
2021-03-16 14:00:00,2021-03-16,14,2,167,169,172,174,171,891,21.1,20,2.8,0.5,1.0,167.2,False,30,3,True
2021-03-16 15:00:00,2021-03-16,15,2,138,177,180,157,163,1848,21.2,9,4.1,0.5,1.0,167.2,False,30,3,True
2021-03-16 16:00:00,2021-03-16,16,2,165,171,177,160,168,1117,21.0,8,3.4,0.5,1.0,167.2,False,30,3,True
2021-03-16 17:00:00,2021-03-16,17,2,133,139,166,177,154,486,20.7,9,2.0,0.5,1.0,167.2,False,30,3,True
2021-03-16 18:00:00,2021-03-16,18,2,177,169,163,162,168,2767,18.8,11,1.8,0.5,1.5,167.2,False,30,3,True
2021-03-16 19:00:00,2021-03-16,19,2,152,145,142,117,139,2234,13.5,67,2.5,0.5,1.5,167.2,False,30,3,True
2021-03-16 20:00:00,2021-03-16,20,2,108,112,120,115,114,61,11.3,80,2.8,0.5,1.5,167.2,False,30,3,True
2021-03-16 21:00:00,2021-03-16,21,2,110,120,117,123,118,12,10.7,81,1.8,0.5,1.5,167.2,False,30,3,True
2021-03-16 22:00:00,2021-03-16,22,2,102,102,99,107,103,15,9.8,83,1.9,0.5,1.5,167.2,False,30,3,True
2021-03-16 23:00:00,2021-03-16,23,2,107,119,111,85,106,156,9.2,86,1.5,0.5,1.5,167.2,False,30,3,True
2021-03-17 00:00:00,2021-03-17,0,3,72,72,72,71,72,96,8.7,88,1.1,0.5,1.5,167.2,False,13,4,True
2021-03-17 01:00:00,2021-03-17,1,3,96,104,108,118,107,162,8.1,88,1.7,0.0,1.5,167.2,False,13,4,True
2021-03-17 02:00:00,2021-03-17,2,3,115,117,107,110,112,116,8.0,85,2.3,0.0,1.5,167.2,False,13,4,True
2021-03-17 03:00:00,2021-03-17,3,3,112,118,120,115,116,213,7.8,86,2.7,0.0,1.5,167.2,False,13,4,True
2021-03-17 04:00:00,2021-03-17,4,3,111,110,114,115,113,118,7.4,86,1.8,0.0,1.5,167.2,False,13,4,True
2021-03-17 05:00:00,2021-03-17,5,3,98,83,96,112,97,9,6.9,89,2.1,0.0,1.5,167.2,False,13,4,True
2021-03-17 06:00:00,2021-03-17,6,3,118,116,126,122,121,567,6.6,92,1.8,0.0,1.5,167.2,False,13,4,True
2021-03-17 07:00:00,2021-03-17,7,3,120,124,162,158,141,334,5.7,96,1.2,0.0,1.5,167.2,False,13,4,True
2021-03-17 08:00:00,2021-03-17,8,3,178,193,197,193,190,258,8.1,91,1.4,0.0,1.5,167.2,False,13,4,True
2021-03-17 09:00:00,2021-03-17,9,3,188,180,173,179,180,561,10.5,77,1.1,0.0,1.0,167.2,False,13,4,True
2021-03-17 10:00:00,2021-03-17,10,3,142,170,177,175,166,512,12.2,63,1.7,0.0,1.0,167.2,False,13,4,True
2021-03-17 11:00:00,2021-03-17,11,3,188,190,177,177,183,1685,13.2,57,3.0,0.0,1.0,167.2,False,13,4,True
2021-03-17 12:00:00,2021-03-17,12,3,116,88,85,123,103,0,13.3,57,3.3,0.0,1.0,167.2,False,13,4,True
2021-03-17 13:00:00,2021-03-17,13,3,169,188,192,182,183,1088,13.6,56,3.7,0.0,1.0,167.2,False,13,4,True
2021-03-17 14:00:00,2021-03-17,14,3,171,179,176,189,179,636,13.1,58,4.4,0.0,1.0,167.2,False,13,4,True
2021-03-17 15:00:00,2021-03-17,15,3,147,179,179,174,170,4218,13.1,62,4.1,0.0,1.0,167.2,False,13,4,True
2021-03-17 16:00:00,2021-03-17,16,3,166,164,170,174,169,1929,12.3,63,4.1,0.0,1.0,167.2,False,13,4,True
2021-03-17 17:00:00,2021-03-17,17,3,132,118,144,158,138,970,11.5,65,3.2,0.0,1.0,167.2,False,13,4,True
2021-03-17 18:00:00,2021-03-17,18,3,171,166,177,167,170,1414,10.9,68,2.4,0.0,1.5,167.2,False,13,4,True
2021-03-17 19:00:00,2021-03-17,19,3,160,160,169,147,159,516,10.4,70,1.9,0.0,1.5,167.2,False,13,4,True
2021-03-17 20:00:00,2021-03-17,20,3,133,143,143,135,139,81,10.1,73,1.6,0.0,1.5,167.2,False,13,4,True
2021-03-17 21:00:00,2021-03-17,21,3,125,134,125,123,127,159,9.3,75,1.0,0.0,1.5,167.2,False,13,4,True
2021-03-17 22:00:00,2021-03-17,22,3,119,128,126,127,125,93,9.5,75,1.5,0.0,1.5,167.2,False,13,4,True
2021-03-17 23:00:00,2021-03-17,23,3,125,120,105,94,111,72,9.1,75,0.8,0.0,1.5,167.2,False,13,4,True
2021-03-18 00:00:00,2021-03-18,0,4,90,82,75,73,80,160,8.7,76,1.4,0.0,1.5,167.2,False,14,4,True
2021-03-18 01:00:00,2021-03-18,1,4,98,117,117,115,112,108,7.7,83,1.2,0.0,1.5,167.2,False,14,4,True
2021-03-18 02:00:00,2021-03-18,2,4,117,121,117,105,115,260,7.9,82,2.3,0.0,1.5,167.2,False,14,4,True
2021-03-18 03:00:00,2021-03-18,3,4,101,118,126,111,114,128,6.8,87,1.4,0.0,1.5,167.2,False,14,4,True
2021-03-18 04:00:00,2021-03-18,4,4,104,110,117,115,112,22,6.9,88,1.6,0.0,1.5,167.2,False,14,4,True
2021-03-18 05:00:00,2021-03-18,5,4,96,90,100,120,102,335,5.8,88,1.2,0.0,1.5,167.2,False,14,4,True
2021-03-18 06:00:00,2021-03-18,6,4,123,122,123,114,121,244,5.5,94,0.8,0.0,1.5,167.2,False,14,4,True
2021-03-18 07:00:00,2021-03-18,7,4,112,125,138,157,133,453,6.3,94,1.3,0.0,1.5,167.2,False,14,4,True
2021-03-18 08:00:00,2021-03-18,8,4,166,153,150,177,162,309,7.7,87,1.5,0.0,1.5,167.2,False,14,4,True
2021-03-18 09:00:00,2021-03-18,9,4,168,162,166,186,171,2626,10.0,79,1.2,0.0,1.0,167.2,False,14,4,True
2021-03-18 10:00:00,2021-03-18,10,4,156,179,168,156,165,597,12.6,66,2.2,0.0,1.0,167.2,False,14,4,True
2021-03-18 11:00:00,2021-03-18,11,4,165,185,182,177,177,644,12.7,57,4.4,0.0,1.0,167.2,False,14,4,True
2021-03-18 12:00:00,2021-03-18,12,4,104,88,90,124,102,203,13.2,60,3.9,0.0,1.0,167.2,False,14,4,True
2021-03-18 13:00:00,2021-03-18,13,4,170,180,176,171,174,3045,13.0,59,4.1,0.0,1.0,167.2,False,14,4,True
2021-03-18 14:00:00,2021-03-18,14,4,170,166,153,165,164,1120,13.6,59,3.7,0.0,1.0,167.2,False,14,4,True
2021-03-18 15:00:00,2021-03-18,15,4,130,170,168,154,156,225,12.6,61,4.7,0.0,1.0,167.2,False,14,4,True
2021-03-18 16:00:00,2021-03-18,16,4,156,161,174,156,162,1290,12.1,64,4.3,0.0,1.0,167.2,False,14,4,True
2021-03-18 17:00:00,2021-03-18,17,4,140,133,153,164,148,224,11.5,66,3.9,0.0,1.0,167.2,False,14,4,True
2021-03-18 18:00:00,2021-03-18,18,4,154,146,150,151,150,2472,10.9,68,2.5,0.0,1.5,167.2,False,14,4,True
2021-03-18 19:00:00,2021-03-18,19,4,139,138,142,131,138,932,10.1,71,2.5,0.0,1.5,167.2,False,14,4,True
2021-03-18 20:00:00,2021-03-18,20,4,119,124,114,112,117,0,9.8,73,2.1,0.0,1.5,167.2,False,14,4,True
2021-03-18 21:00:00,2021-03-18,21,4,108,115,110,121,114,431,9.8,74,2.0,0.0,1.5,167.2,False,14,4,True
2021-03-18 22:00:00,2021-03-18,22,4,117,115,116,108,114,104,9.8,73,2.6,0.0,1.5,167.2,False,14,4,True
2021-03-18 23:00:00,2021-03-18,23,4,116,120,109,80,106,7,9.7,73,1.8,0.0,1.5,167.2,False,14,4,True
2021-03-19 00:00:00,2021-03-19,0,5,22,22,26,26,24,0,9.8,72,2.4,0.0,1.5,167.2,False,4,15,True
2021-03-19 01:00:00,2021-03-19,1,5,21,21,21,22,21,0,9.3,73,1.4,0.0,1.5,167.2,False,4,15,True
2021-03-19 02:00:00,2021-03-19,2,5,21,21,21,22,21,0,9.5,73,2.0,0.0,1.5,167.2,False,4,15,True
2021-03-19 03:00:00,2021-03-19,3,5,22,22,22,24,23,0,9.4,73,2.2,0.0,1.5,167.2,False,4,15,True
2021-03-19 04:00:00,2021-03-19,4,5,26,24,22,21,23,0,9.7,71,2.4,0.0,1.5,167.2,False,4,15,True
2021-03-19 05:00:00,2021-03-19,5,5,21,21,21,22,21,0,9.8,70,1.6,0.0,1.5,167.2,False,4,15,True
2021-03-19 06:00:00,2021-03-19,6,5,22,21,21,21,21,0,10.0,70,1.2,0.0,1.5,167.2,False,4,15,True
2021-03-19 07:00:00,2021-03-19,7,5,21,26,26,22,24,0,10.4,68,2.2,0.0,1.5,167.2,False,4,15,True
2021-03-19 08:00:00,2021-03-19,8,5,21,21,21,21,21,0,10.8,69,3.2,0.0,1.5,167.2,False,4,15,True
2021-03-19 09:00:00,2021-03-19,9,5,21,21,21,21,21,0,11.5,66,2.7,0.0,1.0,167.2,False,4,15,True
2021-03-19 10:00:00,2021-03-19,10,5,21,21,22,26,23,0,13.3,57,4.3,0.0,1.0,167.2,False,4,15,True
2021-03-19 11:00:00,2021-03-19,11,5,25,21,21,21,22,0,13.6,57,4.6,0.0,1.0,167.2,False,4,15,True
2021-03-19 12:00:00,2021-03-19,12,5,21,21,21,21,21,0,12.5,67,4.7,0.0,1.0,167.2,False,4,15,True
2021-03-19 13:00:00,2021-03-19,13,5,21,21,21,21,21,0,12.5,64,4.6,0.0,1.0,167.2,False,4,15,True
2021-03-19 14:00:00,2021-03-19,14,5,24,25,21,21,23,0,12.8,65,4.5,0.0,1.0,167.2,False,4,15,True
2021-03-19 15:00:00,2021-03-19,15,5,21,21,21,21,21,0,12.9,63,3.5,0.0,1.0,167.2,False,4,15,True
2021-03-19 16:00:00,2021-03-19,16,5,21,21,21,21,21,0,12.1,63,3.7,0.0,1.0,167.2,False,4,15,True
2021-03-19 17:00:00,2021-03-19,17,5,24,26,22,21,23,0,11.8,64,2.9,0.0,1.0,167.2,False,4,15,True
2021-03-19 18:00:00,2021-03-19,18,5,21,21,21,21,21,0,11.0,69,3.2,0.0,1.5,167.2,False,4,15,True
2021-03-19 19:00:00,2021-03-19,19,5,21,21,21,21,21,0,10.5,70,2.2,0.0,1.5,167.2,False,4,15,True
2021-03-19 20:00:00,2021-03-19,20,5,22,26,24,21,23,0,10.1,71,2.1,0.0,1.5,167.2,False,4,15,True
2021-03-19 21:00:00,2021-03-19,21,5,21,21,21,22,21,0,10.1,71,2.5,0.0,1.5,167.2,False,4,15,True
2021-03-19 22:00:00,2021-03-19,22,5,21,21,21,21,21,0,10.2,72,1.8,0.0,1.5,167.2,False,4,15,True
2021-03-19 23:00:00,2021-03-19,23,5,21,24,26,25,24,0,10.1,74,1.7,0.0,1.5,167.2,False,4,15,True
2021-03-20 00:00:00,2021-03-20,0,6,63,63,64,63,63,24,10.1,76,1.8,0.0,1.5,167.2,False,1,7,True
2021-03-20 01:00:00,2021-03-20,1,6,96,93,116,113,105,108,10.1,73,1.4,0.0,1.5,167.2,False,1,7,True
2021-03-20 02:00:00,2021-03-20,2,6,106,96,106,107,104,0,10.1,76,1.9,0.0,1.5,167.2,False,1,7,True
2021-03-20 03:00:00,2021-03-20,3,6,92,110,110,109,105,192,10.3,77,2.0,0.0,1.5,167.2,False,1,7,True
2021-03-20 04:00:00,2021-03-20,4,6,108,105,106,108,107,24,10.5,78,1.2,0.0,1.5,167.2,False,1,7,True
2021-03-20 05:00:00,2021-03-20,5,6,89,83,99,98,92,56,10.3,80,2.1,0.0,1.5,167.2,False,1,7,True
2021-03-20 06:00:00,2021-03-20,6,6,102,111,110,103,107,220,9.2,93,2.0,0.9,1.5,167.2,False,1,7,True
2021-03-20 07:00:00,2021-03-20,7,6,92,75,48,29,61,673,9.2,98,0.9,1.6,1.5,167.2,False,1,7,True
2021-03-20 08:00:00,2021-03-20,8,6,27,25,22,22,24,0,9.5,98,1.5,1.8,1.5,167.2,False,1,7,True
2021-03-20 09:00:00,2021-03-20,9,6,22,22,22,22,22,0,9.6,98,2.1,1.9,1.0,167.2,False,1,7,True
2021-03-20 10:00:00,2021-03-20,10,6,22,22,22,22,22,0,9.7,98,2.4,2.1,1.0,167.2,False,1,7,True
2021-03-20 11:00:00,2021-03-20,11,6,22,23,28,27,25,0,10.1,98,0.8,2.4,1.0,167.2,False,1,7,True
2021-03-20 12:00:00,2021-03-20,12,6,22,23,22,22,22,0,10.4,98,1.6,3.1,1.0,167.2,False,1,7,True
2021-03-20 13:00:00,2021-03-20,13,6,22,23,22,22,22,0,10.7,98,1.6,3.6,1.0,167.2,False,1,7,True
2021-03-20 14:00:00,2021-03-20,14,6,22,23,22,23,23,0,11.1,98,2.1,3.8,1.0,167.2,False,1,7,True
2021-03-20 15:00:00,2021-03-20,15,6,28,26,23,22,25,0,11.2,98,2.5,3.9,1.0,167.2,False,1,7,True
2021-03-20 16:00:00,2021-03-20,16,6,23,23,22,23,23,0,11.7,98,3.2,4.1,1.0,167.2,False,1,7,True
2021-03-20 17:00:00,2021-03-20,17,6,22,22,22,23,22,0,11.0,98,3.3,4.1,1.0,167.2,False,1,7,True
2021-03-20 18:00:00,2021-03-20,18,6,22,23,27,27,25,0,11.0,98,2.5,4.1,1.5,167.2,False,1,7,True
2021-03-20 19:00:00,2021-03-20,19,6,22,22,22,22,22,0,10.9,98,1.8,4.1,1.5,167.2,False,1,7,True
2021-03-20 20:00:00,2021-03-20,20,6,22,22,22,22,22,0,10.7,95,2.4,4.1,1.5,167.2,False,1,7,True
2021-03-20 21:00:00,2021-03-20,21,6,23,22,22,27,24,0,10.7,93,2.7,4.1,1.5,167.2,False,1,7,True
2021-03-20 22:00:00,2021-03-20,22,6,26,22,22,22,23,0,10.5,94,3.2,4.1,1.5,167.2,False,1,7,True
2021-03-20 23:00:00,2021-03-20,23,6,22,22,22,22,22,0,10.4,95,2.5,4.1,1.5,167.2,False,1,7,True
2021-03-21 00:00:00,2021-03-21,0,7,23,22,23,25,23,0,10.3,93,1.4,4.1,1.5,167.2,False,34,1,False
2021-03-21 01:00:00,2021-03-21,1,7,28,23,22,22,24,0,9.5,98,1.7,0.4,1.5,167.2,False,34,1,False
2021-03-21 02:00:00,2021-03-21,2,7,23,22,22,22,22,0,9.7,98,0.8,0.4,1.5,167.2,False,34,1,False
2021-03-21 03:00:00,2021-03-21,3,7,23,22,23,22,23,0,9.5,98,1.1,0.4,1.5,167.2,False,34,1,False
2021-03-21 04:00:00,2021-03-21,4,7,24,27,24,23,25,0,9.4,92,2.2,0.4,1.5,167.2,False,34,1,False
2021-03-21 05:00:00,2021-03-21,5,7,23,22,22,22,22,0,9.8,88,2.3,0.4,1.5,167.2,False,34,1,False
2021-03-21 06:00:00,2021-03-21,6,7,22,22,22,22,22,0,10.1,78,2.5,0.4,1.5,167.2,False,34,1,False
2021-03-21 07:00:00,2021-03-21,7,7,21,23,26,25,24,0,9.2,76,3.1,0.4,1.5,167.2,False,34,1,False
2021-03-21 08:00:00,2021-03-21,8,7,148,196,208,206,190,0,8.8,71,4.8,0.4,1.5,167.2,False,34,1,False
2021-03-21 09:00:00,2021-03-21,9,7,192,194,184,187,189,0,9.9,71,2.5,0.4,1.0,167.2,False,34,1,False
2021-03-21 10:00:00,2021-03-21,10,7,164,202,196,178,185,0,10.9,59,3.7,0.4,1.0,167.2,False,34,1,False
2021-03-21 11:00:00,2021-03-21,11,7,174,170,191,189,181,0,11.5,49,3.4,0.4,1.0,167.2,False,34,1,False
2021-03-21 12:00:00,2021-03-21,12,7,132,102,98,126,115,0,12.3,42,4.2,0.4,1.0,167.2,False,34,1,False
2021-03-21 13:00:00,2021-03-21,13,7,178,190,191,199,190,0,12.3,38,5.2,0.4,1.0,167.2,False,34,1,False
2021-03-21 14:00:00,2021-03-21,14,7,178,182,201,196,189,0,12.3,38,4.8,0.4,1.0,167.2,False,34,1,False
2021-03-21 15:00:00,2021-03-21,15,7,151,174,184,165,169,0,12.0,41,4.4,0.4,1.0,167.2,False,34,1,False
2021-03-21 16:00:00,2021-03-21,16,7,164,154,160,162,160,0,11.2,39,4.2,0.4,1.0,167.2,False,34,1,False
2021-03-21 17:00:00,2021-03-21,17,7,117,109,148,162,134,0,11.1,40,2.5,0.4,1.0,167.2,False,34,1,False
2021-03-21 18:00:00,2021-03-21,18,7,155,156,157,157,156,0,10.3,36,4.0,0.4,1.5,167.2,False,34,1,False
2021-03-21 19:00:00,2021-03-21,19,7,145,159,150,119,143,0,9.8,36,2.6,0.4,1.5,167.2,False,34,1,False
2021-03-21 20:00:00,2021-03-21,20,7,115,133,134,125,127,0,9.1,34,4.0,0.4,1.5,167.2,False,34,1,False
2021-03-21 21:00:00,2021-03-21,21,7,121,122,133,131,127,0,7.9,36,3.4,0.4,1.5,167.2,False,34,1,False
2021-03-21 22:00:00,2021-03-21,22,7,100,118,117,121,114,0,6.7,41,2.6,0.4,1.5,167.2,False,34,1,False
2021-03-21 23:00:00,2021-03-21,23,7,124,130,113,82,112,0,5.8,47,3.7,0.4,1.5,167.2,False,34,1,False
2021-03-22 00:00:00,2021-03-22,0,1,69,71,74,71,71,0,5.5,50,4.0,0.0,1.5,167.2,False,16,4,True
2021-03-22 01:00:00,2021-03-22,1,1,93,112,109,118,108,0,5.2,52,5.5,0.0,1.5,167.2,False,16,4,True
2021-03-22 02:00:00,2021-03-22,2,1,118,110,103,120,113,0,4.9,54,5.3,0.0,1.5,167.2,False,16,4,True
2021-03-22 03:00:00,2021-03-22,3,1,96,123,117,116,113,0,4.8,54,4.9,0.0,1.5,167.2,False,16,4,True
2021-03-22 04:00:00,2021-03-22,4,1,113,112,121,120,117,0,4.6,53,5.3,0.0,1.5,167.2,False,16,4,True
2021-03-22 05:00:00,2021-03-22,5,1,86,76,100,112,94,0,4.3,54,6.0,0.0,1.5,167.2,False,16,4,True
2021-03-22 06:00:00,2021-03-22,6,1,117,117,114,108,114,0,4.0,54,6.2,0.0,1.5,167.2,False,16,4,True
2021-03-22 07:00:00,2021-03-22,7,1,105,128,162,159,139,0,3.7,52,5.9,0.0,1.5,167.2,False,16,4,True
2021-03-22 08:00:00,2021-03-22,8,1,165,167,174,178,171,855,4.5,45,5.3,0.0,1.5,167.2,False,16,4,True
2021-03-22 09:00:00,2021-03-22,9,1,170,176,160,160,167,710,5.6,39,5.5,0.0,1.0,167.2,False,16,4,True
2021-03-22 10:00:00,2021-03-22,10,1,140,175,189,185,172,2924,7.0,34,5.3,0.0,1.0,167.2,False,16,4,True
2021-03-22 11:00:00,2021-03-22,11,1,169,172,180,168,172,1318,8.6,31,4.8,0.0,1.0,167.2,False,16,4,True
2021-03-22 12:00:00,2021-03-22,12,1,116,104,101,122,111,1133,9.5,27,5.4,0.0,1.0,167.2,False,16,4,True
2021-03-22 13:00:00,2021-03-22,13,1,156,155,168,186,166,781,10.7,25,4.7,0.0,1.0,167.2,False,16,4,True
2021-03-22 14:00:00,2021-03-22,14,1,172,151,140,163,157,3513,11.6,22,4.9,0.0,1.0,167.2,False,16,4,True
2021-03-22 15:00:00,2021-03-22,15,1,125,171,168,161,156,1272,11.8,20,4.4,0.0,1.0,167.2,False,16,4,True
2021-03-22 16:00:00,2021-03-22,16,1,148,175,162,154,160,1557,12.6,21,3.6,0.0,1.0,167.2,False,16,4,True
2021-03-22 17:00:00,2021-03-22,17,1,104,87,129,159,120,1143,12.1,25,3.1,0.0,1.0,167.2,False,16,4,True
2021-03-22 18:00:00,2021-03-22,18,1,164,150,147,149,153,2718,11.0,27,2.3,0.0,1.5,167.2,False,16,4,True
2021-03-22 19:00:00,2021-03-22,19,1,153,142,174,154,156,2545,9.8,31,2.1,0.0,1.5,167.2,False,16,4,True
2021-03-22 20:00:00,2021-03-22,20,1,133,134,129,134,133,221,9.1,34,2.4,0.0,1.5,167.2,False,16,4,True
2021-03-22 21:00:00,2021-03-22,21,1,123,128,128,123,126,101,8.7,34,1.5,0.0,1.5,167.2,False,16,4,True
2021-03-22 22:00:00,2021-03-22,22,1,98,122,118,116,114,41,7.8,36,2.0,0.0,1.5,167.2,False,16,4,True
2021-03-22 23:00:00,2021-03-22,23,1,131,120,114,88,113,37,7.3,35,1.3,0.0,1.5,167.2,False,16,4,True
2021-03-23 00:00:00,2021-03-23,0,2,70,69,69,68,69,74,6.5,36,1.0,0.0,1.5,167.2,False,17,4,True
2021-03-23 01:00:00,2021-03-23,1,2,97,105,102,106,103,166,6.8,33,1.9,0.0,1.5,167.2,False,17,4,True
2021-03-23 02:00:00,2021-03-23,2,2,119,123,123,113,120,115,6.7,35,2.0,0.0,1.5,167.2,False,17,4,True
2021-03-23 03:00:00,2021-03-23,3,2,92,99,108,113,103,65,6.5,37,2.5,0.0,1.5,167.2,False,17,4,True
2021-03-23 04:00:00,2021-03-23,4,2,116,111,109,111,112,195,7.1,35,3.3,0.0,1.5,167.2,False,17,4,True
2021-03-23 05:00:00,2021-03-23,5,2,86,72,98,125,95,154,6.7,37,2.4,0.0,1.5,167.2,False,17,4,True
2021-03-23 06:00:00,2021-03-23,6,2,125,115,108,119,117,24,4.3,48,0.4,0.0,1.5,167.2,False,17,4,True
2021-03-23 07:00:00,2021-03-23,7,2,120,134,158,149,140,783,4.9,47,0.5,0.0,1.5,167.2,False,17,4,True
2021-03-23 08:00:00,2021-03-23,8,2,151,174,165,160,163,429,7.3,44,0.8,0.0,1.5,167.2,False,17,4,True
2021-03-23 09:00:00,2021-03-23,9,2,162,160,161,156,160,1010,9.7,32,1.3,0.0,1.0,167.2,False,17,4,True
2021-03-23 10:00:00,2021-03-23,10,2,127,149,156,160,148,170,12.0,26,2.3,0.0,1.0,167.2,False,17,4,True
2021-03-23 11:00:00,2021-03-23,11,2,166,152,152,153,156,2543,13.8,19,2.0,0.0,1.0,167.2,False,17,4,True
2021-03-23 12:00:00,2021-03-23,12,2,97,85,86,104,93,141,15.5,17,2.8,0.0,1.0,167.2,False,17,4,True
2021-03-23 13:00:00,2021-03-23,13,2,153,149,150,161,153,1052,16.4,17,3.1,0.0,1.0,167.2,False,17,4,True
2021-03-23 14:00:00,2021-03-23,14,2,149,146,156,153,151,9830,17.2,18,3.3,0.0,1.0,167.2,False,17,4,True
2021-03-23 15:00:00,2021-03-23,15,2,132,165,161,142,150,553,17.5,20,4.0,0.0,1.0,167.2,False,17,4,True
2021-03-23 16:00:00,2021-03-23,16,2,142,165,168,163,160,1358,17.7,23,3.8,0.0,1.0,167.2,False,17,4,True
2021-03-23 17:00:00,2021-03-23,17,2,102,98,142,170,128,926,17.3,25,3.9,0.0,1.0,167.2,False,17,4,True
2021-03-23 18:00:00,2021-03-23,18,2,166,161,161,158,162,1369,16.3,29,4.3,0.0,1.5,167.2,False,17,4,True
2021-03-23 19:00:00,2021-03-23,19,2,146,141,143,117,137,40,14.6,43,4.0,0.0,1.5,167.2,False,17,4,True
2021-03-23 20:00:00,2021-03-23,20,2,126,123,125,136,128,1,13.7,49,3.8,0.0,1.5,167.2,False,17,4,True
2021-03-23 21:00:00,2021-03-23,21,2,126,124,127,126,126,8,12.8,55,3.8,0.0,1.5,167.2,False,17,4,True
2021-03-23 22:00:00,2021-03-23,22,2,91,120,123,122,114,395,12.5,56,3.9,0.0,1.5,167.2,False,17,4,True
2021-03-23 23:00:00,2021-03-23,23,2,103,120,116,101,110,17,12.0,57,2.1,0.0,1.5,167.2,False,17,4,True
2021-03-24 00:00:00,2021-03-24,0,3,73,70,69,69,70,136,11.7,57,1.8,0.0,1.5,167.2,False,18,4,True
2021-03-24 01:00:00,2021-03-24,1,3,98,106,119,121,111,54,10.8,60,1.0,0.0,1.5,167.2,False,18,4,True
2021-03-24 02:00:00,2021-03-24,2,3,126,120,113,113,118,157,10.0,60,1.7,0.0,1.5,167.2,False,18,4,True
2021-03-24 03:00:00,2021-03-24,3,3,106,117,121,123,117,154,8.4,65,1.1,0.0,1.5,167.2,False,18,4,True
2021-03-24 04:00:00,2021-03-24,4,3,118,114,121,112,116,36,9.1,57,0.7,0.0,1.5,167.2,False,18,4,True
2021-03-24 05:00:00,2021-03-24,5,3,99,83,106,116,101,226,9.5,48,2.0,0.0,1.5,167.2,False,18,4,True
2021-03-24 06:00:00,2021-03-24,6,3,124,122,112,113,118,0,7.7,55,0.4,0.0,1.5,167.2,False,18,4,True
2021-03-24 07:00:00,2021-03-24,7,3,120,136,169,172,149,969,9.1,52,1.3,0.0,1.5,167.2,False,18,4,True
2021-03-24 08:00:00,2021-03-24,8,3,171,188,185,184,182,524,9.8,57,0.5,0.0,1.5,167.2,False,18,4,True
2021-03-24 09:00:00,2021-03-24,9,3,154,165,172,156,162,1343,11.6,52,1.0,0.0,1.0,167.2,False,18,4,True
2021-03-24 10:00:00,2021-03-24,10,3,123,154,168,171,154,742,13.0,38,1.6,0.0,1.0,167.2,False,18,4,True
2021-03-24 11:00:00,2021-03-24,11,3,163,165,170,156,164,536,15.9,28,1.9,0.0,1.0,167.2,False,18,4,True
2021-03-24 12:00:00,2021-03-24,12,3,113,93,99,116,105,89,16.5,23,3.4,0.0,1.0,167.2,False,18,4,True
2021-03-24 13:00:00,2021-03-24,13,3,147,163,182,190,171,1998,16.4,21,4.5,0.0,1.0,167.2,False,18,4,True
2021-03-24 14:00:00,2021-03-24,14,3,175,169,151,158,163,2394,17.3,29,2.7,0.0,1.0,167.2,False,18,4,True
2021-03-24 15:00:00,2021-03-24,15,3,114,141,166,180,150,1070,17.5,29,2.9,0.0,1.0,167.2,False,18,4,True
2021-03-24 16:00:00,2021-03-24,16,3,163,157,165,164,162,1332,16.7,33,3.7,0.0,1.0,167.2,False,18,4,True
2021-03-24 17:00:00,2021-03-24,17,3,123,107,145,164,135,335,16.9,34,2.5,0.0,1.0,167.2,False,18,4,True
2021-03-24 18:00:00,2021-03-24,18,3,152,146,142,159,150,1729,15.8,45,3.2,0.0,1.5,167.2,False,18,4,True
2021-03-24 19:00:00,2021-03-24,19,3,160,154,168,155,159,1932,15.0,50,2.1,0.0,1.5,167.2,False,18,4,True
2021-03-24 20:00:00,2021-03-24,20,3,128,131,141,142,136,0,14.6,58,3.6,0.0,1.5,167.2,False,18,4,True
2021-03-24 21:00:00,2021-03-24,21,3,140,142,122,120,131,335,14.3,59,3.6,0.0,1.5,167.2,False,18,4,True
2021-03-24 22:00:00,2021-03-24,22,3,104,124,122,135,121,0,14.1,66,4.2,0.0,1.5,167.2,False,18,4,True
2021-03-24 23:00:00,2021-03-24,23,3,129,122,119,89,115,193,14.0,67,3.1,0.0,1.5,167.2,False,18,4,True
2021-03-25 00:00:00,2021-03-25,0,4,74,70,70,70,71,0,13.5,69,2.1,0.0,1.5,167.2,False,19,4,True
2021-03-25 01:00:00,2021-03-25,1,4,104,123,128,121,119,166,12.5,73,1.4,0.0,1.5,167.2,False,19,4,True
2021-03-25 02:00:00,2021-03-25,2,4,125,126,102,115,117,21,12.5,73,1.4,0.0,1.5,167.2,False,19,4,True
2021-03-25 03:00:00,2021-03-25,3,4,98,124,127,128,119,9,10.4,81,1.0,0.0,1.5,167.2,False,19,4,True
2021-03-25 04:00:00,2021-03-25,4,4,116,116,122,119,118,458,10.3,77,2.0,0.0,1.5,167.2,False,19,4,True
2021-03-25 05:00:00,2021-03-25,5,4,105,93,112,114,106,0,9.8,75,2.0,0.0,1.5,167.2,False,19,4,True
2021-03-25 06:00:00,2021-03-25,6,4,108,107,120,122,114,93,9.7,66,2.2,0.0,1.5,167.2,False,19,4,True
2021-03-25 07:00:00,2021-03-25,7,4,122,124,152,142,135,916,10.4,62,2.2,0.0,1.5,167.2,False,19,4,True
2021-03-25 08:00:00,2021-03-25,8,4,135,154,166,168,156,615,11.1,64,1.4,0.0,1.5,167.2,False,19,4,True
2021-03-25 09:00:00,2021-03-25,9,4,162,170,178,169,170,866,13.3,53,2.4,0.0,1.0,167.2,False,19,4,True
2021-03-25 10:00:00,2021-03-25,10,4,151,176,178,182,172,1223,15.2,46,2.2,0.0,1.0,167.2,False,19,4,True
2021-03-25 11:00:00,2021-03-25,11,4,184,177,177,183,180,727,16.4,35,3.1,0.0,1.0,167.2,False,19,4,True
2021-03-25 12:00:00,2021-03-25,12,4,136,112,105,134,122,0,18.2,29,3.0,0.0,1.0,167.2,False,19,4,True
2021-03-25 13:00:00,2021-03-25,13,4,185,184,174,174,179,1322,19.0,26,2.8,0.0,1.0,167.2,False,19,4,True
2021-03-25 14:00:00,2021-03-25,14,4,184,177,169,178,177,6064,18.7,26,3.2,0.0,1.0,167.2,False,19,4,True
2021-03-25 15:00:00,2021-03-25,15,4,152,182,186,178,175,2397,17.8,29,3.2,0.0,1.0,167.2,False,19,4,True
2021-03-25 16:00:00,2021-03-25,16,4,165,155,169,176,166,635,17.5,32,3.2,0.0,1.0,167.2,False,19,4,True
2021-03-25 17:00:00,2021-03-25,17,4,126,104,154,180,141,396,16.5,41,2.0,0.0,1.0,167.2,False,19,4,True
2021-03-25 18:00:00,2021-03-25,18,4,164,148,130,124,142,1411,14.6,46,2.9,0.0,1.5,167.2,False,19,4,True
2021-03-25 19:00:00,2021-03-25,19,4,127,111,107,96,110,986,13.7,53,2.0,0.0,1.5,167.2,False,19,4,True
2021-03-25 20:00:00,2021-03-25,20,4,100,109,111,115,109,1,13.2,50,2.4,0.0,1.5,167.2,False,19,4,True
2021-03-25 21:00:00,2021-03-25,21,4,121,118,118,108,116,125,12.7,53,1.0,0.0,1.5,167.2,False,19,4,True
2021-03-25 22:00:00,2021-03-25,22,4,108,116,136,132,123,378,13.1,53,3.3,0.0,1.5,167.2,False,19,4,True
2021-03-25 23:00:00,2021-03-25,23,4,122,107,94,84,102,58,11.9,60,1.3,0.0,1.5,167.2,False,19,4,True
2021-03-26 00:00:00,2021-03-26,0,5,22,22,26,26,24,0,11.5,60,2.2,0.0,1.5,167.2,False,4,15,True
2021-03-26 01:00:00,2021-03-26,1,5,21,21,21,22,21,0,11.8,55,1.4,0.0,1.5,167.2,False,4,15,True
2021-03-26 02:00:00,2021-03-26,2,5,21,21,21,22,21,0,11.9,55,0.9,0.0,1.5,167.2,False,4,15,True
2021-03-26 03:00:00,2021-03-26,3,5,22,22,22,24,23,0,12.4,52,2.0,0.0,1.5,167.2,False,4,15,True
2021-03-26 04:00:00,2021-03-26,4,5,26,24,22,21,23,0,12.5,53,2.4,0.0,1.5,167.2,False,4,15,True
2021-03-26 05:00:00,2021-03-26,5,5,21,21,21,22,21,0,12.1,58,2.1,0.0,1.5,167.2,False,4,15,True
2021-03-26 06:00:00,2021-03-26,6,5,22,21,21,21,21,0,11.6,60,1.5,0.0,1.5,167.2,False,4,15,True
2021-03-26 07:00:00,2021-03-26,7,5,21,26,26,22,24,0,11.6,65,0.3,0.0,1.5,167.2,False,4,15,True
2021-03-26 08:00:00,2021-03-26,8,5,21,21,21,21,21,0,14.3,51,1.1,0.0,1.5,167.2,False,4,15,True
2021-03-26 09:00:00,2021-03-26,9,5,21,21,21,21,21,0,16.3,35,1.7,0.0,1.0,167.2,False,4,15,True
2021-03-26 10:00:00,2021-03-26,10,5,21,21,22,26,23,0,18.9,27,1.4,0.0,1.0,167.2,False,4,15,True
2021-03-26 11:00:00,2021-03-26,11,5,25,21,21,21,22,0,20.6,18,1.6,0.0,1.0,167.2,False,4,15,True
2021-03-26 12:00:00,2021-03-26,12,5,21,21,21,21,21,0,18.9,32,3.7,0.0,1.0,167.2,False,4,15,True
2021-03-26 13:00:00,2021-03-26,13,5,21,21,21,21,21,0,19.1,41,3.5,0.0,1.0,167.2,False,4,15,True
2021-03-26 14:00:00,2021-03-26,14,5,24,25,21,21,23,0,18.3,39,3.5,0.0,1.0,167.2,False,4,15,True
2021-03-26 15:00:00,2021-03-26,15,5,21,21,21,21,21,0,17.3,40,3.1,0.0,1.0,167.2,False,4,15,True
2021-03-26 16:00:00,2021-03-26,16,5,21,21,21,21,21,0,16.8,44,2.7,0.0,1.0,167.2,False,4,15,True
2021-03-26 17:00:00,2021-03-26,17,5,24,26,22,21,23,0,16.3,49,3.1,0.0,1.0,167.2,False,4,15,True
2021-03-26 18:00:00,2021-03-26,18,5,21,21,21,21,21,0,15.5,58,2.8,0.0,1.5,167.2,False,4,15,True
2021-03-26 19:00:00,2021-03-26,19,5,21,21,21,21,21,0,14.9,57,3.0,0.0,1.5,167.2,False,4,15,True
2021-03-26 20:00:00,2021-03-26,20,5,22,26,24,21,23,0,14.3,57,2.2,0.0,1.5,167.2,False,4,15,True
2021-03-26 21:00:00,2021-03-26,21,5,21,21,21,22,21,0,13.5,63,1.4,0.0,1.5,167.2,False,4,15,True
2021-03-26 22:00:00,2021-03-26,22,5,21,21,21,21,21,0,12.5,71,0.4,0.0,1.5,167.2,False,4,15,True
2021-03-26 23:00:00,2021-03-26,23,5,21,24,26,25,24,0,11.8,75,0.4,0.0,1.5,167.2,False,4,15,True
2021-03-27 00:00:00,2021-03-27,0,6,63,63,64,63,63,0,11.5,76,0.2,0.0,1.5,167.2,False,1,7,True
2021-03-27 01:00:00,2021-03-27,1,6,96,93,116,113,105,390,11.2,79,0.3,0.0,1.5,167.2,False,1,7,True
2021-03-27 02:00:00,2021-03-27,2,6,106,96,106,107,104,60,10.6,83,0.5,0.0,1.5,167.2,False,1,7,True
2021-03-27 03:00:00,2021-03-27,3,6,92,110,110,109,105,4,9.2,88,0.0,0.0,1.5,167.2,False,1,7,True
2021-03-27 04:00:00,2021-03-27,4,6,108,105,106,108,107,678,9.0,91,0.2,0.0,1.5,167.2,False,1,7,True
2021-03-27 05:00:00,2021-03-27,5,6,89,83,99,98,92,44,8.5,94,0.0,0.0,1.5,167.2,False,1,7,True
2021-03-27 06:00:00,2021-03-27,6,6,102,111,110,103,107,31,8.3,94,0.7,0.0,1.5,167.2,False,1,7,True
2021-03-27 07:00:00,2021-03-27,7,6,92,75,48,29,61,760,9.0,94,0.2,0.0,1.5,167.2,False,1,7,True
2021-03-27 08:00:00,2021-03-27,8,6,27,25,22,22,24,0,10.4,86,0.5,0.0,1.5,167.2,False,1,7,True
2021-03-27 09:00:00,2021-03-27,9,6,22,22,22,22,22,0,11.8,84,1.2,0.0,1.0,167.2,False,1,7,True
2021-03-27 10:00:00,2021-03-27,10,6,22,22,22,22,22,0,13.5,76,1.0,0.0,1.0,167.2,False,1,7,True
2021-03-27 11:00:00,2021-03-27,11,6,22,23,28,27,25,0,15.2,72,1.9,0.0,1.0,167.2,False,1,7,True
2021-03-27 12:00:00,2021-03-27,12,6,22,23,22,22,22,0,15.9,79,2.9,0.0,1.0,167.2,False,1,7,True
2021-03-27 13:00:00,2021-03-27,13,6,22,23,22,22,22,0,17.1,79,3.4,0.0,1.0,167.2,False,1,7,True
2021-03-27 14:00:00,2021-03-27,14,6,22,23,22,23,23,0,16.3,77,3.3,0.0,1.0,167.2,False,1,7,True
2021-03-27 15:00:00,2021-03-27,15,6,28,26,23,22,25,0,16.7,75,2.9,0.0,1.0,167.2,False,1,7,True
2021-03-27 16:00:00,2021-03-27,16,6,23,23,22,23,23,0,17.2,74,2.7,0.0,1.0,167.2,False,1,7,True
2021-03-27 17:00:00,2021-03-27,17,6,22,22,22,23,22,0,16.8,72,3.4,0.0,1.0,167.2,False,1,7,True
2021-03-27 18:00:00,2021-03-27,18,6,22,23,27,27,25,0,16.6,71,4.2,0.0,1.5,167.2,False,1,7,True
2021-03-27 19:00:00,2021-03-27,19,6,22,22,22,22,22,0,16.2,78,2.8,0.0,1.5,167.2,False,1,7,True
2021-03-27 20:00:00,2021-03-27,20,6,22,22,22,22,22,0,15.1,97,3.7,1.3,1.5,167.2,False,1,7,True
2021-03-27 21:00:00,2021-03-27,21,6,23,22,22,27,24,0,14.3,98,5.1,7.8,1.5,167.2,False,1,7,True
2021-03-27 22:00:00,2021-03-27,22,6,26,22,22,22,23,0,14.4,98,4.0,15.0,1.5,167.2,False,1,7,True
2021-03-27 23:00:00,2021-03-27,23,6,22,22,22,22,22,0,14.8,98,4.0,20.9,1.5,167.2,False,1,7,True
2021-03-28 00:00:00,2021-03-28,0,7,24,23,24,24,24,0,15.0,98,4.9,23.6,1.5,167.2,False,35,1,False
2021-03-28 01:00:00,2021-03-28,1,7,23,26,28,25,26,0,15.0,98,3.7,5.5,1.5,167.2,False,35,1,False
2021-03-28 02:00:00,2021-03-28,2,7,22,22,22,22,22,0,15.8,98,5.0,9.4,1.5,167.2,False,35,1,False
2021-03-28 03:00:00,2021-03-28,3,7,23,24,24,23,24,0,16.1,98,4.8,10.4,1.5,167.2,False,35,1,False
2021-03-28 04:00:00,2021-03-28,4,7,24,24,26,28,26,0,15.6,98,3.0,11.1,1.5,167.2,False,35,1,False
2021-03-28 05:00:00,2021-03-28,5,7,22,22,22,22,22,0,15.9,98,3.3,11.2,1.5,167.2,False,35,1,False
2021-03-28 06:00:00,2021-03-28,6,7,23,23,23,23,23,0,15.4,98,2.9,11.2,1.5,167.2,False,35,1,False
2021-03-28 07:00:00,2021-03-28,7,7,21,23,26,25,24,0,15.5,98,2.2,11.2,1.5,167.2,False,35,1,False
2021-03-28 08:00:00,2021-03-28,8,7,144,167,190,198,175,0,16.4,94,1.9,11.2,1.5,167.2,False,35,1,False
2021-03-28 09:00:00,2021-03-28,9,7,185,182,174,172,178,0,17.0,83,1.5,11.2,1.0,167.2,False,35,1,False
2021-03-28 10:00:00,2021-03-28,10,7,135,184,182,168,167,0,17.7,57,3.2,11.2,1.0,167.2,False,35,1,False
2021-03-28 11:00:00,2021-03-28,11,7,176,178,193,184,183,0,18.6,52,3.8,11.2,1.0,167.2,False,35,1,False
2021-03-28 12:00:00,2021-03-28,12,7,131,112,107,135,121,0,19.3,49,3.7,11.2,1.0,167.2,False,35,1,False
2021-03-28 13:00:00,2021-03-28,13,7,169,189,191,191,185,0,20.4,49,3.6,11.2,1.0,167.2,False,35,1,False
2021-03-28 14:00:00,2021-03-28,14,7,183,171,178,189,180,0,20.7,49,3.1,11.2,1.0,167.2,False,35,1,False
2021-03-28 15:00:00,2021-03-28,15,7,155,188,194,189,182,0,21.0,46,2.8,11.2,1.0,167.2,False,35,1,False
2021-03-28 16:00:00,2021-03-28,16,7,172,163,164,172,168,0,21.1,46,2.6,11.2,1.0,167.2,False,35,1,False
2021-03-28 17:00:00,2021-03-28,17,7,132,123,166,179,150,0,21.0,42,2.8,11.2,1.0,167.2,False,35,1,False
2021-03-28 18:00:00,2021-03-28,18,7,183,185,168,171,177,0,20.3,42,2.6,11.2,1.5,167.2,False,35,1,False
2021-03-28 19:00:00,2021-03-28,19,7,158,169,163,121,153,0,18.2,51,1.1,11.2,1.5,167.2,False,35,1,False
2021-03-28 20:00:00,2021-03-28,20,7,110,113,111,113,112,0,17.3,56,2.4,11.2,1.5,167.2,False,35,1,False
2021-03-28 21:00:00,2021-03-28,21,7,115,120,123,113,118,0,16.1,59,1.4,11.2,1.5,167.2,False,35,1,False
2021-03-28 22:00:00,2021-03-28,22,7,102,104,111,119,109,0,15.5,60,1.1,11.2,1.5,167.2,False,35,1,False
2021-03-28 23:00:00,2021-03-28,23,7,126,111,111,81,107,0,14.3,61,0.8,11.2,1.5,167.2,False,35,1,False
2021-03-29 00:00:00,2021-03-29,0,1,67,66,66,66,66,0,14.1,63,2.1,11.2,1.5,167.2,False,21,3,True
2021-03-29 01:00:00,2021-03-29,1,1,94,101,112,110,104,0,14.4,64,2.9,0.0,1.5,167.2,False,21,3,True
2021-03-29 02:00:00,2021-03-29,2,1,124,124,107,95,113,0,14.9,55,3.1,0.0,1.5,167.2,False,21,3,True
2021-03-29 03:00:00,2021-03-29,3,1,90,100,109,115,104,0,16.0,58,2.5,0.0,1.5,167.2,False,21,3,True
2021-03-29 04:00:00,2021-03-29,4,1,112,114,114,99,110,0,16.0,60,2.5,0.0,1.5,167.2,False,21,3,True
2021-03-29 05:00:00,2021-03-29,5,1,76,72,102,110,90,0,15.0,65,2.1,0.0,1.5,167.2,False,21,3,True
2021-03-29 06:00:00,2021-03-29,6,1,119,113,108,112,113,0,15.7,52,1.6,0.0,1.5,167.2,False,21,3,True
2021-03-29 07:00:00,2021-03-29,7,1,113,120,154,160,137,10,14.1,66,1.6,0.0,1.5,167.2,False,21,3,True
2021-03-29 08:00:00,2021-03-29,8,1,190,222,207,189,202,1644,14.0,72,2.1,0.0,1.5,167.2,False,21,3,True
2021-03-29 09:00:00,2021-03-29,9,1,183,179,179,176,179,1648,15.6,45,2.6,0.0,1.0,167.2,False,21,3,True
2021-03-29 10:00:00,2021-03-29,10,1,139,169,175,168,163,720,16.7,32,1.7,0.0,1.0,167.2,False,21,3,True
2021-03-29 11:00:00,2021-03-29,11,1,182,191,200,200,193,1059,17.3,25,3.1,0.0,1.0,167.2,False,21,3,True
2021-03-29 12:00:00,2021-03-29,12,1,134,104,100,133,118,52,17.8,23,3.6,0.0,1.0,167.2,False,21,3,True
2021-03-29 13:00:00,2021-03-29,13,1,179,194,186,187,187,669,18.6,25,3.4,0.0,1.0,167.2,False,21,3,True
2021-03-29 14:00:00,2021-03-29,14,1,168,181,183,177,177,1152,19.1,25,2.7,0.0,1.0,167.2,False,21,3,True
2021-03-29 15:00:00,2021-03-29,15,1,139,179,170,165,163,271,19.4,34,2.5,0.0,1.0,167.2,False,21,3,True
2021-03-29 16:00:00,2021-03-29,16,1,167,167,157,164,164,2375,18.2,39,2.1,0.0,1.0,167.2,False,21,3,True
2021-03-29 17:00:00,2021-03-29,17,1,122,99,136,153,128,294,18.2,44,1.2,0.0,1.0,167.2,False,21,3,True
2021-03-29 18:00:00,2021-03-29,18,1,160,163,164,175,166,1408,17.1,53,0.8,0.0,1.5,167.2,False,21,3,True
2021-03-29 19:00:00,2021-03-29,19,1,177,173,154,137,160,3513,16.3,52,1.4,0.0,1.5,167.2,False,21,3,True
2021-03-29 20:00:00,2021-03-29,20,1,132,134,137,135,135,370,15.8,43,2.1,0.0,1.5,167.2,False,21,3,True
2021-03-29 21:00:00,2021-03-29,21,1,125,126,125,119,124,62,14.8,43,1.8,0.0,1.5,167.2,False,21,3,True
2021-03-29 22:00:00,2021-03-29,22,1,105,108,121,116,113,204,14.0,44,1.2,0.0,1.5,167.2,False,21,3,True
2021-03-29 23:00:00,2021-03-29,23,1,110,113,109,82,104,51,13.9,45,3.0,0.0,1.5,167.2,False,21,3,True
2021-03-30 00:00:00,2021-03-30,0,2,69,67,67,65,67,252,13.9,41,2.5,0.0,1.5,167.2,False,22,3,True
2021-03-30 01:00:00,2021-03-30,1,2,90,102,112,112,104,24,13.4,39,3.0,0.0,1.5,167.2,False,22,3,True
2021-03-30 02:00:00,2021-03-30,2,2,118,110,108,103,110,272,12.8,37,3.3,0.0,1.5,167.2,False,22,3,True
2021-03-30 03:00:00,2021-03-30,3,2,101,110,120,117,112,1796,12.1,38,0.9,0.0,1.5,167.2,False,22,3,True
2021-03-30 04:00:00,2021-03-30,4,2,116,114,103,103,109,358,11.6,38,1.3,0.0,1.5,167.2,False,22,3,True
2021-03-30 05:00:00,2021-03-30,5,2,93,82,103,115,98,775,11.2,38,2.1,0.0,1.5,167.2,False,22,3,True
2021-03-30 06:00:00,2021-03-30,6,2,113,111,115,118,114,144,11.1,36,1.6,0.0,1.5,167.2,False,22,3,True
2021-03-30 07:00:00,2021-03-30,7,2,116,125,142,143,132,534,11.1,36,2.1,0.0,1.5,167.2,False,22,3,True
2021-03-30 08:00:00,2021-03-30,8,2,164,177,185,193,180,736,11.6,38,2.4,0.0,1.5,167.2,False,22,3,True
2021-03-30 09:00:00,2021-03-30,9,2,184,187,173,171,179,1209,12.0,36,3.5,0.0,1.0,167.2,False,22,3,True
2021-03-30 10:00:00,2021-03-30,10,2,142,171,169,152,159,1037,13.1,31,3.8,0.0,1.0,167.2,False,22,3,True
2021-03-30 11:00:00,2021-03-30,11,2,146,139,141,150,144,1193,13.9,31,3.0,0.0,1.0,167.2,False,22,3,True
2021-03-30 12:00:00,2021-03-30,12,2,119,104,99,109,108,7208,16.2,27,2.1,0.0,1.0,167.2,False,22,3,True
2021-03-30 13:00:00,2021-03-30,13,2,145,166,171,184,167,946,18.3,21,1.4,0.0,1.0,167.2,False,22,3,True
2021-03-30 14:00:00,2021-03-30,14,2,177,160,161,165,166,904,18.8,21,2.6,0.0,1.0,167.2,False,22,3,True
2021-03-30 15:00:00,2021-03-30,15,2,133,175,178,168,164,61,18.6,28,2.9,0.0,1.0,167.2,False,22,3,True
2021-03-30 16:00:00,2021-03-30,16,2,163,165,152,162,161,1290,16.7,37,4.3,0.0,1.0,167.2,False,22,3,True
2021-03-30 17:00:00,2021-03-30,17,2,133,144,181,167,156,1514,16.2,41,2.3,0.0,1.0,167.2,False,22,3,True
2021-03-30 18:00:00,2021-03-30,18,2,153,156,164,165,160,984,14.2,45,2.8,0.0,1.5,167.2,False,22,3,True
2021-03-30 19:00:00,2021-03-30,19,2,162,155,141,107,141,2347,12.4,52,0.7,0.0,1.5,167.2,False,22,3,True
2021-03-30 20:00:00,2021-03-30,20,2,100,109,115,112,109,15,11.5,59,0.1,0.0,1.5,167.2,False,22,3,True
2021-03-30 21:00:00,2021-03-30,21,2,113,117,113,108,113,187,11.0,63,0.5,0.0,1.5,167.2,False,22,3,True
2021-03-30 22:00:00,2021-03-30,22,2,88,103,114,118,106,26,11.2,66,1.1,0.0,1.5,167.2,False,22,3,True
2021-03-30 23:00:00,2021-03-30,23,2,120,116,103,77,104,400,10.1,71,0.0,0.0,1.5,167.2,False,22,3,True
2021-03-31 00:00:00,2021-03-31,0,3,22,22,26,26,24,0,9.6,73,1.7,0.0,1.5,167.2,False,4,15,True
2021-03-31 01:00:00,2021-03-31,1,3,21,21,21,22,21,0,8.9,75,0.5,0.0,1.5,167.2,False,4,15,True
2021-03-31 02:00:00,2021-03-31,2,3,21,21,21,22,21,0,8.3,78,0.4,0.0,1.5,167.2,False,4,15,True
2021-03-31 03:00:00,2021-03-31,3,3,22,22,22,24,23,0,7.8,80,0.1,0.0,1.5,167.2,False,4,15,True
2021-03-31 04:00:00,2021-03-31,4,3,26,24,22,21,23,0,7.2,81,0.6,0.0,1.5,167.2,False,4,15,True
2021-03-31 05:00:00,2021-03-31,5,3,21,21,21,22,21,0,7.2,84,2.1,0.0,1.5,167.2,False,4,15,True
2021-03-31 06:00:00,2021-03-31,6,3,22,21,21,21,21,0,6.7,87,0.1,0.0,1.5,167.2,False,4,15,True
2021-03-31 07:00:00,2021-03-31,7,3,21,26,26,22,24,0,7.6,88,0.1,0.0,1.5,167.2,False,4,15,True
2021-03-31 08:00:00,2021-03-31,8,3,21,21,21,21,21,0,10.9,76,0.3,0.0,1.5,167.2,False,4,15,True
2021-03-31 09:00:00,2021-03-31,9,3,21,21,21,21,21,0,12.8,68,1.1,0.0,1.0,167.2,False,4,15,True
2021-03-31 10:00:00,2021-03-31,10,3,21,21,22,26,23,0,15.1,46,1.6,0.0,1.0,167.2,False,4,15,True
2021-03-31 11:00:00,2021-03-31,11,3,25,21,21,21,22,0,17.3,41,2.6,0.0,1.0,167.2,False,4,15,True
2021-03-31 12:00:00,2021-03-31,12,3,21,21,21,21,21,0,17.5,43,2.7,0.0,1.0,167.2,False,4,15,True
2021-03-31 13:00:00,2021-03-31,13,3,21,21,21,21,21,0,18.0,45,2.9,0.0,1.0,167.2,False,4,15,True
2021-03-31 14:00:00,2021-03-31,14,3,24,25,21,21,23,0,18.1,42,2.4,0.0,1.0,167.2,False,4,15,True
2021-03-31 15:00:00,2021-03-31,15,3,21,21,21,21,21,0,17.7,40,3.4,0.0,1.0,167.2,False,4,15,True
2021-03-31 16:00:00,2021-03-31,16,3,21,21,21,21,21,0,16.3,55,3.7,0.0,1.0,167.2,False,4,15,True
2021-03-31 17:00:00,2021-03-31,17,3,24,26,22,21,23,0,14.5,62,3.1,0.0,1.0,167.2,False,4,15,True
2021-03-31 18:00:00,2021-03-31,18,3,21,21,21,21,21,0,13.5,69,3.6,0.0,1.5,167.2,False,4,15,True
2021-03-31 19:00:00,2021-03-31,19,3,21,21,21,21,21,0,12.8,72,2.0,0.0,1.5,167.2,False,4,15,True
2021-03-31 20:00:00,2021-03-31,20,3,22,26,24,21,23,0,12.1,73,0.7,0.0,1.5,167.2,False,4,15,True
2021-03-31 21:00:00,2021-03-31,21,3,21,21,21,22,21,0,12.1,72,1.4,0.0,1.5,167.2,False,4,15,True
2021-03-31 22:00:00,2021-03-31,22,3,21,21,21,21,21,0,11.5,74,1.4,0.0,1.5,167.2,False,4,15,True
2021-03-31 23:00:00,2021-03-31,23,3,21,24,26,25,24,0,11.6,77,1.8,0.0,1.5,167.2,False,4,15,True
2021-04-01 00:00:00,2021-04-01,0,4,26,23,21,21,23,0,11.2,77,1.6,0.0,1.5,167.2,False,36,3,False
2021-04-01 01:00:00,2021-04-01,1,4,21,21,21,21,21,332,10.8,79,2.6,0.0,1.5,167.2,False,36,3,False
2021-04-01 02:00:00,2021-04-01,2,4,21,21,21,21,21,77,10.6,79,1.8,0.0,1.5,167.2,False,36,3,False
2021-04-01 03:00:00,2021-04-01,3,4,24,26,22,21,23,682,10.5,78,2.1,0.0,1.5,167.2,False,36,3,False
2021-04-01 04:00:00,2021-04-01,4,4,21,21,21,21,21,0,10.7,83,1.4,0.0,1.5,167.2,False,36,3,False
2021-04-01 05:00:00,2021-04-01,5,4,21,21,21,21,21,48,11.1,85,1.8,0.0,1.5,167.2,False,36,3,False
2021-04-01 06:00:00,2021-04-01,6,4,23,25,24,21,23,71,11.8,86,2.5,0.0,1.5,167.2,False,36,3,False
2021-04-01 07:00:00,2021-04-01,7,4,22,40,76,97,59,1231,12.2,83,3.0,0.0,1.5,167.2,False,36,3,False
2021-04-01 08:00:00,2021-04-01,8,4,153,184,183,179,175,398,13.7,73,2.6,0.0,1.5,167.2,False,36,3,False
2021-04-01 09:00:00,2021-04-01,9,4,181,178,164,157,170,802,14.7,68,3.5,0.0,1.0,167.2,False,36,3,False
2021-04-01 10:00:00,2021-04-01,10,4,125,141,164,164,149,298,15.6,62,3.6,0.0,1.0,167.2,False,36,3,False
2021-04-01 11:00:00,2021-04-01,11,4,173,170,173,179,174,823,16.2,60,3.6,0.0,1.0,167.2,False,36,3,False
2021-04-01 12:00:00,2021-04-01,12,4,105,93,93,134,106,35,16.0,55,4.9,0.0,1.0,167.2,False,36,3,False
2021-04-01 13:00:00,2021-04-01,13,4,177,177,182,179,179,529,16.4,53,4.4,0.0,1.0,167.2,False,36,3,False
2021-04-01 14:00:00,2021-04-01,14,4,170,168,164,167,167,1062,14.9,57,4.4,0.0,1.0,167.2,False,36,3,False
2021-04-01 15:00:00,2021-04-01,15,4,125,165,160,167,154,392,15.3,55,4.4,0.0,1.0,167.2,False,36,3,False
2021-04-01 16:00:00,2021-04-01,16,4,162,145,146,136,147,4140,15.0,49,3.5,0.0,1.0,167.2,False,36,3,False
2021-04-01 17:00:00,2021-04-01,17,4,98,99,131,146,119,206,14.3,53,4.9,0.0,1.0,167.2,False,36,3,False
2021-04-01 18:00:00,2021-04-01,18,4,128,130,138,141,134,1652,13.7,56,4.1,0.0,1.5,167.2,False,36,3,False
2021-04-01 19:00:00,2021-04-01,19,4,133,130,119,106,122,1634,13.1,61,4.5,0.0,1.5,167.2,False,36,3,False
2021-04-01 20:00:00,2021-04-01,20,4,108,101,117,113,110,105,12.8,65,3.5,0.0,1.5,167.2,False,36,3,False
2021-04-01 21:00:00,2021-04-01,21,4,100,105,102,110,104,21,12.7,63,2.6,0.0,1.5,167.2,False,36,3,False
2021-04-01 22:00:00,2021-04-01,22,4,92,110,106,110,105,253,12.8,61,2.8,0.0,1.5,167.2,False,36,3,False
2021-04-01 23:00:00,2021-04-01,23,4,103,114,104,73,99,30,12.8,64,3.7,0.0,1.5,167.2,False,36,3,False
2021-04-02 00:00:00,2021-04-02,0,5,68,63,65,64,65,30,12.7,67,3.7,0.0,1.5,167.2,False,37,3,False
2021-04-02 01:00:00,2021-04-02,1,5,97,106,117,113,108,0,12.6,68,2.8,0.0,1.5,167.2,False,37,3,False
2021-04-02 02:00:00,2021-04-02,2,5,120,117,116,112,116,634,12.6,73,3.9,0.0,1.5,167.2,False,37,3,False
2021-04-02 03:00:00,2021-04-02,3,5,90,108,104,113,104,102,12.5,75,2.8,0.0,1.5,167.2,False,37,3,False
2021-04-02 04:00:00,2021-04-02,4,5,101,98,108,97,101,89,12.5,76,3.9,0.0,1.5,167.2,False,37,3,False
2021-04-02 05:00:00,2021-04-02,5,5,79,76,90,94,85,45,12.4,77,2.7,0.0,1.5,167.2,False,37,3,False
2021-04-02 06:00:00,2021-04-02,6,5,109,110,112,111,111,62,12.4,79,2.3,0.0,1.5,167.2,False,37,3,False
2021-04-02 07:00:00,2021-04-02,7,5,108,115,142,139,126,1172,12.5,80,2.9,0.0,1.5,167.2,False,37,3,False
2021-04-02 08:00:00,2021-04-02,8,5,162,181,167,175,171,0,12.9,78,2.9,0.0,1.5,167.2,False,37,3,False
2021-04-02 09:00:00,2021-04-02,9,5,169,155,177,172,168,0,13.8,75,2.9,0.0,1.0,167.2,False,37,3,False
2021-04-02 10:00:00,2021-04-02,10,5,129,170,169,174,161,0,14.4,74,3.4,0.0,1.0,167.2,False,37,3,False
2021-04-02 11:00:00,2021-04-02,11,5,178,169,170,173,173,0,14.8,74,3.0,0.0,1.0,167.2,False,37,3,False
2021-04-02 12:00:00,2021-04-02,12,5,105,89,91,129,104,0,14.8,76,3.4,0.0,1.0,167.2,False,37,3,False
2021-04-02 13:00:00,2021-04-02,13,5,170,166,165,160,165,0,15.7,71,2.7,0.0,1.0,167.2,False,37,3,False
2021-04-02 14:00:00,2021-04-02,14,5,161,163,161,180,166,0,17.0,67,3.0,0.0,1.0,167.2,False,37,3,False
2021-04-02 15:00:00,2021-04-02,15,5,133,173,177,153,159,0,17.6,64,2.7,0.0,1.0,167.2,False,37,3,False
2021-04-02 16:00:00,2021-04-02,16,5,161,164,162,157,161,0,18.3,61,1.3,0.0,1.0,167.2,False,37,3,False
2021-04-02 17:00:00,2021-04-02,17,5,110,90,139,153,123,0,16.6,67,2.7,0.0,1.0,167.2,False,37,3,False
2021-04-02 18:00:00,2021-04-02,18,5,150,169,169,162,163,0,15.3,72,2.4,0.0,1.5,167.2,False,37,3,False
2021-04-02 19:00:00,2021-04-02,19,5,159,164,172,138,158,0,13.8,77,1.9,0.0,1.5,167.2,False,37,3,False
2021-04-02 20:00:00,2021-04-02,20,5,122,125,118,129,124,0,13.2,81,1.8,0.0,1.5,167.2,False,37,3,False
2021-04-02 21:00:00,2021-04-02,21,5,125,134,122,117,125,0,12.7,82,1.6,0.0,1.5,167.2,False,37,3,False
2021-04-02 22:00:00,2021-04-02,22,5,98,100,115,105,105,0,12.5,81,1.6,0.0,1.5,167.2,False,37,3,False
2021-04-02 23:00:00,2021-04-02,23,5,106,103,98,73,95,0,12.4,84,2.1,0.0,1.5,167.2,False,37,3,False
2021-04-03 00:00:00,2021-04-03,0,6,76,68,72,65,70,0,11.9,87,1.6,0.0,1.5,167.2,False,38,2,False
2021-04-03 01:00:00,2021-04-03,1,6,95,103,115,116,107,0,11.6,90,0.8,0.0,1.5,167.2,False,38,2,False
2021-04-03 02:00:00,2021-04-03,2,6,118,112,107,97,109,0,11.1,93,1.8,0.0,1.5,167.2,False,38,2,False
2021-04-03 03:00:00,2021-04-03,3,6,89,105,100,104,100,0,11.0,94,1.1,0.0,1.5,167.2,False,38,2,False
2021-04-03 04:00:00,2021-04-03,4,6,101,107,100,99,102,0,11.1,95,2.4,0.0,1.5,167.2,False,38,2,False
2021-04-03 05:00:00,2021-04-03,5,6,82,79,91,92,86,0,10.7,97,0.9,0.0,1.5,167.2,False,38,2,False
2021-04-03 06:00:00,2021-04-03,6,6,103,102,103,97,101,0,11.3,97,0.5,0.0,1.5,167.2,False,38,2,False
2021-04-03 07:00:00,2021-04-03,7,6,97,92,68,30,72,56,12.7,94,0.3,0.0,1.5,167.2,False,38,2,False
2021-04-03 08:00:00,2021-04-03,8,6,21,25,25,21,23,0,13.8,88,0.1,0.0,1.5,167.2,False,38,2,False
2021-04-03 09:00:00,2021-04-03,9,6,21,21,20,20,21,0,14.7,84,0.2,0.0,1.0,167.2,False,38,2,False
2021-04-03 10:00:00,2021-04-03,10,6,21,21,20,21,21,0,16.1,83,0.5,0.0,1.0,167.2,False,38,2,False
2021-04-03 11:00:00,2021-04-03,11,6,21,21,24,26,23,0,16.1,83,0.5,0.0,1.0,167.2,False,38,2,False
2021-04-03 12:00:00,2021-04-03,12,6,24,21,21,21,22,0,19.6,74,2.4,0.0,1.0,167.2,False,38,2,False
2021-04-03 13:00:00,2021-04-03,13,6,21,21,21,21,21,0,18.7,78,2.7,0.0,1.0,167.2,False,38,2,False
2021-04-03 14:00:00,2021-04-03,14,6,20,21,21,21,21,0,18.3,84,2.8,0.0,1.0,167.2,False,38,2,False
2021-04-03 15:00:00,2021-04-03,15,6,25,26,21,21,23,0,16.6,98,2.2,1.7,1.0,167.2,False,38,2,False
2021-04-03 16:00:00,2021-04-03,16,6,21,21,21,21,21,0,16.1,98,1.6,2.8,1.0,167.2,False,38,2,False
2021-04-03 17:00:00,2021-04-03,17,6,21,21,21,21,21,0,15.5,98,0.4,8.2,1.0,167.2,False,38,2,False
2021-04-03 18:00:00,2021-04-03,18,6,21,25,25,21,23,0,15.5,98,1.1,12.2,1.5,167.2,False,38,2,False
2021-04-03 19:00:00,2021-04-03,19,6,20,20,21,21,21,0,15.5,98,1.2,13.9,1.5,167.2,False,38,2,False
2021-04-03 20:00:00,2021-04-03,20,6,20,20,21,21,21,0,15.6,98,0.4,18.3,1.5,167.2,False,38,2,False
2021-04-03 21:00:00,2021-04-03,21,6,22,23,26,25,24,0,15.6,98,0.3,24.1,1.5,167.2,False,38,2,False
2021-04-03 22:00:00,2021-04-03,22,6,21,21,22,21,21,0,15.5,98,1.4,29.0,1.5,167.2,False,38,2,False
2021-04-03 23:00:00,2021-04-03,23,6,21,21,21,21,21,0,14.6,98,1.2,30.2,1.5,167.2,False,38,2,False
2021-04-04 00:00:00,2021-04-04,0,7,21,21,21,22,21,0,13.4,98,1.9,32.5,1.5,167.2,False,39,2,False
2021-04-04 01:00:00,2021-04-04,1,7,25,24,21,20,23,0,12.1,98,2.4,3.0,1.5,167.2,False,39,2,False
2021-04-04 02:00:00,2021-04-04,2,7,21,21,21,21,21,0,11.9,98,1.4,5.4,1.5,167.2,False,39,2,False
2021-04-04 03:00:00,2021-04-04,3,7,21,21,21,21,21,0,11.4,98,1.8,8.5,1.5,167.2,False,39,2,False
2021-04-04 04:00:00,2021-04-04,4,7,23,26,24,21,24,0,11.2,98,2.3,9.5,1.5,167.2,False,39,2,False
2021-04-04 05:00:00,2021-04-04,5,7,21,21,21,21,21,0,11.0,98,2.2,9.9,1.5,167.2,False,39,2,False
2021-04-04 06:00:00,2021-04-04,6,7,21,21,21,21,21,0,11.0,98,3.1,14.2,1.5,167.2,False,39,2,False
2021-04-04 07:00:00,2021-04-04,7,7,21,25,25,23,24,0,11.0,98,3.6,15.4,1.5,167.2,False,39,2,False
2021-04-04 08:00:00,2021-04-04,8,7,21,20,21,21,21,0,10.7,97,3.6,16.6,1.5,167.2,False,39,2,False
2021-04-04 09:00:00,2021-04-04,9,7,21,20,21,20,21,0,10.4,97,3.0,18.0,1.0,167.2,False,39,2,False
2021-04-04 10:00:00,2021-04-04,10,7,21,20,22,26,22,0,10.4,96,3.3,18.0,1.0,167.2,False,39,2,False
2021-04-04 11:00:00,2021-04-04,11,7,24,21,21,21,22,0,9.7,94,4.0,18.0,1.0,167.2,False,39,2,False
2021-04-04 12:00:00,2021-04-04,12,7,21,21,21,21,21,0,10.0,87,4.0,18.0,1.0,167.2,False,39,2,False
2021-04-04 13:00:00,2021-04-04,13,7,21,20,20,24,21,0,9.9,86,4.1,18.0,1.0,167.2,False,39,2,False
2021-04-04 14:00:00,2021-04-04,14,7,26,23,21,21,23,0,9.5,85,4.3,18.0,1.0,167.2,False,39,2,False
2021-04-04 15:00:00,2021-04-04,15,7,20,20,21,21,21,0,9.5,78,4.6,18.0,1.0,167.2,False,39,2,False
2021-04-04 16:00:00,2021-04-04,16,7,20,20,20,20,20,0,9.6,71,3.6,18.0,1.0,167.2,False,39,2,False
2021-04-04 17:00:00,2021-04-04,17,7,22,25,25,21,23,0,9.6,66,3.1,18.0,1.0,167.2,False,39,2,False
2021-04-04 18:00:00,2021-04-04,18,7,20,21,20,20,20,0,9.6,62,3.6,18.0,1.5,167.2,False,39,2,False
2021-04-04 19:00:00,2021-04-04,19,7,20,20,20,21,20,0,9.2,67,2.7,18.0,1.5,167.2,False,39,2,False
2021-04-04 20:00:00,2021-04-04,20,7,20,21,25,26,23,0,9.1,69,3.8,18.0,1.5,167.2,False,39,2,False
2021-04-04 21:00:00,2021-04-04,21,7,22,21,22,21,22,0,8.9,69,3.1,18.0,1.5,167.2,False,39,2,False
2021-04-04 22:00:00,2021-04-04,22,7,21,21,21,21,21,0,8.7,67,2.4,18.0,1.5,167.2,False,39,2,False
2021-04-04 23:00:00,2021-04-04,23,7,21,21,21,25,22,0,8.6,68,3.0,18.0,1.5,167.2,False,39,2,False
2021-04-05 00:00:00,2021-04-05,0,1,26,23,21,21,23,0,8.2,70,2.6,18.0,1.5,167.2,False,36,3,True
2021-04-05 01:00:00,2021-04-05,1,1,21,21,21,21,21,0,7.0,73,3.0,0.0,1.5,167.2,False,36,3,True
2021-04-05 02:00:00,2021-04-05,2,1,21,21,21,21,21,0,6.4,75,2.7,0.0,1.5,167.2,False,36,3,True
2021-04-05 03:00:00,2021-04-05,3,1,24,26,22,21,23,0,6.0,75,2.6,0.0,1.5,167.2,False,36,3,True
2021-04-05 04:00:00,2021-04-05,4,1,21,21,21,21,21,0,6.4,64,3.9,0.0,1.5,167.2,False,36,3,True
2021-04-05 05:00:00,2021-04-05,5,1,21,21,21,21,21,0,6.2,61,3.5,0.0,1.5,167.2,False,36,3,True
2021-04-05 06:00:00,2021-04-05,6,1,23,25,24,21,23,0,6.1,65,2.1,0.0,1.5,167.2,False,36,3,True
2021-04-05 07:00:00,2021-04-05,7,1,22,40,76,97,59,0,7.0,64,3.4,0.0,1.5,167.2,False,36,3,True
2021-04-05 08:00:00,2021-04-05,8,1,153,184,183,179,175,1029,8.9,58,3.6,0.0,1.5,167.2,False,36,3,True
2021-04-05 09:00:00,2021-04-05,9,1,181,178,164,157,170,940,11.2,50,4.0,0.0,1.0,167.2,False,36,3,True
2021-04-05 10:00:00,2021-04-05,10,1,125,141,164,164,149,1371,11.9,45,4.6,0.0,1.0,167.2,False,36,3,True
2021-04-05 11:00:00,2021-04-05,11,1,173,170,173,179,174,2272,12.6,41,3.8,0.0,1.0,167.2,False,36,3,True
2021-04-05 12:00:00,2021-04-05,12,1,105,93,93,134,106,72,13.1,39,4.3,0.0,1.0,167.2,False,36,3,True
2021-04-05 13:00:00,2021-04-05,13,1,177,177,182,179,179,1267,13.7,39,4.2,0.0,1.0,167.2,False,36,3,True
2021-04-05 14:00:00,2021-04-05,14,1,170,168,164,167,167,607,14.1,41,3.8,0.0,1.0,167.2,False,36,3,True
2021-04-05 15:00:00,2021-04-05,15,1,125,165,160,167,154,4275,14.0,44,3.7,0.0,1.0,167.2,False,36,3,True
2021-04-05 16:00:00,2021-04-05,16,1,162,145,146,136,147,1158,13.9,45,3.2,0.0,1.0,167.2,False,36,3,True
2021-04-05 17:00:00,2021-04-05,17,1,98,99,131,146,119,771,13.3,40,2.6,0.0,1.0,167.2,False,36,3,True
2021-04-05 18:00:00,2021-04-05,18,1,128,130,138,141,134,1184,12.0,43,2.6,0.0,1.5,167.2,False,36,3,True
2021-04-05 19:00:00,2021-04-05,19,1,133,130,119,106,122,2358,10.6,54,2.4,0.0,1.5,167.2,False,36,3,True
2021-04-05 20:00:00,2021-04-05,20,1,108,101,117,113,110,102,10.0,57,2.2,0.0,1.5,167.2,False,36,3,True
2021-04-05 21:00:00,2021-04-05,21,1,100,105,102,110,104,10,9.5,61,2.3,0.0,1.5,167.2,False,36,3,True
2021-04-05 22:00:00,2021-04-05,22,1,92,110,106,110,105,269,9.1,64,2.6,0.0,1.5,167.2,False,36,3,True
2021-04-05 23:00:00,2021-04-05,23,1,103,114,104,73,99,24,9.7,59,2.3,0.0,1.5,167.2,False,36,3,True
2021-04-06 00:00:00,2021-04-06,0,2,68,63,65,64,65,156,8.6,65,1.3,0.0,1.5,167.2,False,37,3,True
2021-04-06 01:00:00,2021-04-06,1,2,97,106,117,113,108,212,6.6,76,0.9,0.0,1.5,167.2,False,37,3,True
2021-04-06 02:00:00,2021-04-06,2,2,120,117,116,112,116,5,6.3,78,0.9,0.0,1.5,167.2,False,37,3,True
2021-04-06 03:00:00,2021-04-06,3,2,90,108,104,113,104,37,6.5,77,2.4,0.0,1.5,167.2,False,37,3,True
2021-04-06 04:00:00,2021-04-06,4,2,101,98,108,97,101,13,5.5,82,1.0,0.0,1.5,167.2,False,37,3,True
2021-04-06 05:00:00,2021-04-06,5,2,79,76,90,94,85,319,5.3,83,1.0,0.0,1.5,167.2,False,37,3,True
2021-04-06 06:00:00,2021-04-06,6,2,109,110,112,111,111,182,4.8,86,0.2,0.0,1.5,167.2,False,37,3,True
2021-04-06 07:00:00,2021-04-06,7,2,108,115,142,139,126,531,6.3,79,1.7,0.0,1.5,167.2,False,37,3,True
2021-04-06 08:00:00,2021-04-06,8,2,162,181,167,175,171,1007,8.5,72,2.7,0.0,1.5,167.2,False,37,3,True
2021-04-06 09:00:00,2021-04-06,9,2,169,155,177,172,168,984,11.3,62,1.7,0.0,1.0,167.2,False,37,3,True
2021-04-06 10:00:00,2021-04-06,10,2,129,170,169,174,161,927,13.4,51,0.9,0.0,1.0,167.2,False,37,3,True
2021-04-06 11:00:00,2021-04-06,11,2,178,169,170,173,173,1223,15.6,46,0.9,0.0,1.0,167.2,False,37,3,True
2021-04-06 12:00:00,2021-04-06,12,2,105,89,91,129,104,3566,16.0,39,1.2,0.0,1.0,167.2,False,37,3,True
2021-04-06 13:00:00,2021-04-06,13,2,170,166,165,160,165,960,17.1,33,1.7,0.0,1.0,167.2,False,37,3,True
2021-04-06 14:00:00,2021-04-06,14,2,161,163,161,180,166,1218,17.9,45,2.5,0.0,1.0,167.2,False,37,3,True
2021-04-06 15:00:00,2021-04-06,15,2,133,173,177,153,159,1342,16.4,46,3.3,0.0,1.0,167.2,False,37,3,True
2021-04-06 16:00:00,2021-04-06,16,2,161,164,162,157,161,868,16.0,56,3.0,0.0,1.0,167.2,False,37,3,True
2021-04-06 17:00:00,2021-04-06,17,2,110,90,139,153,123,218,15.4,61,2.6,0.0,1.0,167.2,False,37,3,True
2021-04-06 18:00:00,2021-04-06,18,2,150,169,169,162,163,1330,14.9,55,2.0,0.0,1.5,167.2,False,37,3,True
2021-04-06 19:00:00,2021-04-06,19,2,159,164,172,138,158,2259,13.5,65,0.9,0.0,1.5,167.2,False,37,3,True
2021-04-06 20:00:00,2021-04-06,20,2,122,125,118,129,124,101,11.9,76,0.2,0.0,1.5,167.2,False,37,3,True
2021-04-06 21:00:00,2021-04-06,21,2,125,134,122,117,125,18,11.3,77,0.8,0.0,1.5,167.2,False,37,3,True
2021-04-06 22:00:00,2021-04-06,22,2,98,100,115,105,105,68,11.2,70,1.7,0.0,1.5,167.2,False,37,3,True
2021-04-06 23:00:00,2021-04-06,23,2,106,103,98,73,95,516,11.3,62,1.0,0.0,1.5,167.2,False,37,3,True
2021-04-07 00:00:00,2021-04-07,0,3,21,21,21,21,21,0,13.1,44,1.5,0.0,1.5,167.2,False,40,2,False
2021-04-07 01:00:00,2021-04-07,1,3,21,21,21,21,21,182,14.3,41,2.9,0.0,1.5,167.2,False,40,2,False
2021-04-07 02:00:00,2021-04-07,2,3,21,21,23,26,23,250,14.1,39,2.5,0.0,1.5,167.2,False,40,2,False
2021-04-07 03:00:00,2021-04-07,3,3,24,21,21,21,22,10,11.9,46,1.4,0.0,1.5,167.2,False,40,2,False
2021-04-07 04:00:00,2021-04-07,4,3,21,21,21,21,21,151,12.3,44,2.7,0.0,1.5,167.2,False,40,2,False
2021-04-07 05:00:00,2021-04-07,5,3,21,21,21,25,22,283,11.8,46,2.9,0.0,1.5,167.2,False,40,2,False
2021-04-07 06:00:00,2021-04-07,6,3,26,23,21,21,23,136,12.0,45,2.8,0.0,1.5,167.2,False,40,2,False
2021-04-07 07:00:00,2021-04-07,7,3,21,39,67,95,56,593,12.6,46,0.9,0.0,1.5,167.2,False,40,2,False
2021-04-07 08:00:00,2021-04-07,8,3,160,191,190,199,185,669,13.6,43,3.2,0.0,1.5,167.2,False,40,2,False
2021-04-07 09:00:00,2021-04-07,9,3,185,187,186,187,186,892,15.4,39,3.7,0.0,1.0,167.2,False,40,2,False
2021-04-07 10:00:00,2021-04-07,10,3,144,172,165,177,165,1027,17.3,39,3.2,0.0,1.0,167.2,False,40,2,False
2021-04-07 11:00:00,2021-04-07,11,3,164,173,179,169,171,1113,18.4,34,3.0,0.0,1.0,167.2,False,40,2,False
2021-04-07 12:00:00,2021-04-07,12,3,108,87,86,123,101,2836,18.8,36,3.4,0.0,1.0,167.2,False,40,2,False
2021-04-07 13:00:00,2021-04-07,13,3,173,170,163,159,166,427,18.3,36,3.9,0.0,1.0,167.2,False,40,2,False
2021-04-07 14:00:00,2021-04-07,14,3,154,167,164,156,160,1325,18.1,38,3.7,0.0,1.0,167.2,False,40,2,False
2021-04-07 15:00:00,2021-04-07,15,3,126,156,163,173,155,1691,18.0,38,3.1,0.0,1.0,167.2,False,40,2,False
2021-04-07 16:00:00,2021-04-07,16,3,149,160,163,163,159,579,17.8,38,2.9,0.0,1.0,167.2,False,40,2,False
2021-04-07 17:00:00,2021-04-07,17,3,107,95,142,155,125,567,16.4,38,2.7,0.0,1.0,167.2,False,40,2,False
2021-04-07 18:00:00,2021-04-07,18,3,140,127,123,111,125,1427,15.3,45,2.2,0.0,1.5,167.2,False,40,2,False
2021-04-07 19:00:00,2021-04-07,19,3,124,112,108,117,115,1745,14.7,50,3.6,0.0,1.5,167.2,False,40,2,False
2021-04-07 20:00:00,2021-04-07,20,3,120,123,138,130,128,13,14.3,61,3.3,0.0,1.5,167.2,False,40,2,False
2021-04-07 21:00:00,2021-04-07,21,3,128,122,115,117,121,460,13.9,62,2.9,0.0,1.5,167.2,False,40,2,False
2021-04-07 22:00:00,2021-04-07,22,3,104,120,116,114,114,70,12.9,64,1.7,0.0,1.5,167.2,False,40,2,False
2021-04-07 23:00:00,2021-04-07,23,3,99,118,109,78,101,110,12.6,61,1.2,0.0,1.5,167.2,False,40,2,False
2021-04-08 00:00:00,2021-04-08,0,4,72,69,63,62,67,0,11.9,61,1.4,0.0,1.5,167.2,False,41,2,False
2021-04-08 01:00:00,2021-04-08,1,4,93,100,109,112,104,131,11.8,57,0.9,0.0,1.5,167.2,False,41,2,False
2021-04-08 02:00:00,2021-04-08,2,4,106,100,102,98,102,112,11.1,65,1.9,0.0,1.5,167.2,False,41,2,False
2021-04-08 03:00:00,2021-04-08,3,4,97,108,113,101,105,48,10.8,65,1.5,0.0,1.5,167.2,False,41,2,False
2021-04-08 04:00:00,2021-04-08,4,4,96,96,102,99,98,70,12.0,52,2.2,0.0,1.5,167.2,False,41,2,False
2021-04-08 05:00:00,2021-04-08,5,4,81,72,95,109,89,316,12.5,46,3.1,0.0,1.5,167.2,False,41,2,False
2021-04-08 06:00:00,2021-04-08,6,4,115,111,105,97,107,350,12.3,44,3.2,0.0,1.5,167.2,False,41,2,False
2021-04-08 07:00:00,2021-04-08,7,4,101,110,134,127,118,826,12.3,44,1.2,0.0,1.5,167.2,False,41,2,False
2021-04-08 08:00:00,2021-04-08,8,4,153,172,180,181,172,458,13.4,45,0.8,0.0,1.5,167.2,False,41,2,False
2021-04-08 09:00:00,2021-04-08,9,4,172,174,163,171,170,1501,15.8,34,2.0,0.0,1.0,167.2,False,41,2,False
2021-04-08 10:00:00,2021-04-08,10,4,127,166,166,174,158,474,16.5,31,2.7,0.0,1.0,167.2,False,41,2,False
2021-04-08 11:00:00,2021-04-08,11,4,167,161,167,159,164,702,18.1,38,2.7,0.0,1.0,167.2,False,41,2,False
2021-04-08 12:00:00,2021-04-08,12,4,103,94,95,130,106,938,15.9,57,4.7,0.0,1.0,167.2,False,41,2,False
2021-04-08 13:00:00,2021-04-08,13,4,174,164,172,159,167,825,15.4,61,4.3,0.0,1.0,167.2,False,41,2,False
2021-04-08 14:00:00,2021-04-08,14,4,149,152,158,153,153,1241,14.9,59,4.9,0.0,1.0,167.2,False,41,2,False
2021-04-08 15:00:00,2021-04-08,15,4,107,134,144,146,133,2328,14.8,62,4.1,0.0,1.0,167.2,False,41,2,False
2021-04-08 16:00:00,2021-04-08,16,4,137,153,138,151,145,825,13.8,61,3.5,0.0,1.0,167.2,False,41,2,False
2021-04-08 17:00:00,2021-04-08,17,4,111,104,140,124,120,386,13.2,64,3.9,0.0,1.0,167.2,False,41,2,False
2021-04-08 18:00:00,2021-04-08,18,4,110,107,105,111,108,1904,12.7,69,3.4,0.0,1.5,167.2,False,41,2,False
2021-04-08 19:00:00,2021-04-08,19,4,106,102,97,93,100,1058,11.7,73,1.2,0.0,1.5,167.2,False,41,2,False
2021-04-08 20:00:00,2021-04-08,20,4,102,99,110,102,103,171,11.3,74,1.1,0.0,1.5,167.2,False,41,2,False
2021-04-08 21:00:00,2021-04-08,21,4,107,99,102,100,102,110,10.9,77,0.9,0.0,1.5,167.2,False,41,2,False
2021-04-08 22:00:00,2021-04-08,22,4,91,107,101,102,100,0,10.5,78,1.6,0.0,1.5,167.2,False,41,2,False
2021-04-08 23:00:00,2021-04-08,23,4,101,93,86,60,85,294,10.1,82,1.5,0.0,1.5,167.2,False,41,2,False
2021-04-09 00:00:00,2021-04-09,0,5,23,22,22,23,23,27,10.1,81,1.9,0.0,1.5,167.2,False,42,3,False
2021-04-09 01:00:00,2021-04-09,1,5,22,23,23,23,23,60,9.6,85,2.3,0.0,1.5,167.2,False,42,3,False
2021-04-09 02:00:00,2021-04-09,2,5,23,22,27,27,25,243,8.6,90,1.8,0.0,1.5,167.2,False,42,3,False
2021-04-09 03:00:00,2021-04-09,3,5,23,22,23,22,23,279,8.0,93,1.0,0.0,1.5,167.2,False,42,3,False
2021-04-09 04:00:00,2021-04-09,4,5,23,22,23,23,23,2,7.0,97,0.4,0.0,1.5,167.2,False,42,3,False
2021-04-09 05:00:00,2021-04-09,5,5,22,23,23,26,24,118,6.9,97,0.6,0.0,1.5,167.2,False,42,3,False
2021-04-09 06:00:00,2021-04-09,6,5,27,24,23,22,24,123,7.9,95,2.1,0.0,1.5,167.2,False,42,3,False
2021-04-09 07:00:00,2021-04-09,7,5,26,34,63,131,64,440,8.6,93,2.2,0.0,1.5,167.2,False,42,3,False
2021-04-09 08:00:00,2021-04-09,8,5,160,180,182,184,177,342,10.7,84,1.4,0.0,1.5,167.2,False,42,3,False
2021-04-09 09:00:00,2021-04-09,9,5,164,163,156,149,158,411,12.8,68,2.4,0.0,1.0,167.2,False,42,3,False
2021-04-09 10:00:00,2021-04-09,10,5,128,169,163,168,157,663,12.1,68,4.1,0.0,1.0,167.2,False,42,3,False
2021-04-09 11:00:00,2021-04-09,11,5,173,157,172,153,164,1501,11.3,71,2.7,0.0,1.0,167.2,False,42,3,False
2021-04-09 12:00:00,2021-04-09,12,5,110,91,96,126,106,160,9.4,94,2.3,0.9,1.0,167.2,False,42,3,False
2021-04-09 13:00:00,2021-04-09,13,5,155,158,158,159,158,2943,9.4,98,3.2,4.4,1.0,167.2,False,42,3,False
2021-04-09 14:00:00,2021-04-09,14,5,149,152,163,153,154,1731,9.0,95,2.8,5.1,1.0,167.2,False,42,3,False
2021-04-09 15:00:00,2021-04-09,15,5,125,144,151,145,141,1514,9.1,91,2.0,5.1,1.0,167.2,False,42,3,False
2021-04-09 16:00:00,2021-04-09,16,5,147,151,155,157,153,1633,9.7,73,2.7,5.1,1.0,167.2,False,42,3,False
2021-04-09 17:00:00,2021-04-09,17,5,110,102,153,146,128,325,9.7,65,2.8,5.1,1.0,167.2,False,42,3,False
2021-04-09 18:00:00,2021-04-09,18,5,153,165,158,160,159,983,9.5,62,3.1,5.1,1.5,167.2,False,42,3,False
2021-04-09 19:00:00,2021-04-09,19,5,155,147,147,117,142,2300,9.2,60,2.9,5.1,1.5,167.2,False,42,3,False
2021-04-09 20:00:00,2021-04-09,20,5,111,114,103,114,111,39,8.2,65,1.5,5.1,1.5,167.2,False,42,3,False
2021-04-09 21:00:00,2021-04-09,21,5,121,121,120,117,120,8,8.2,65,2.1,5.1,1.5,167.2,False,42,3,False
2021-04-09 22:00:00,2021-04-09,22,5,92,117,118,122,112,50,7.9,66,2.1,5.1,1.5,167.2,False,42,3,False
2021-04-09 23:00:00,2021-04-09,23,5,110,105,104,84,101,0,7.4,69,1.7,5.1,1.5,167.2,False,42,3,False
2021-04-10 00:00:00,2021-04-10,0,6,60,60,63,60,61,25,7.0,71,1.6,5.1,1.5,167.2,False,43,3,False
2021-04-10 01:00:00,2021-04-10,1,6,95,97,108,115,104,34,5.6,78,1.2,0.0,1.5,167.2,False,43,3,False
2021-04-10 02:00:00,2021-04-10,2,6,105,104,94,110,103,917,5.2,80,1.6,0.0,1.5,167.2,False,43,3,False
2021-04-10 03:00:00,2021-04-10,3,6,92,111,108,100,103,0,4.4,87,1.5,0.0,1.5,167.2,False,43,3,False
2021-04-10 04:00:00,2021-04-10,4,6,114,110,106,95,106,30,3.9,90,1.2,0.0,1.5,167.2,False,43,3,False
2021-04-10 05:00:00,2021-04-10,5,6,78,75,96,99,87,0,3.4,92,1.6,0.0,1.5,167.2,False,43,3,False
2021-04-10 06:00:00,2021-04-10,6,6,114,108,102,90,104,692,3.3,90,1.1,0.0,1.5,167.2,False,43,3,False
2021-04-10 07:00:00,2021-04-10,7,6,88,79,50,33,63,1351,5.5,86,1.7,0.0,1.5,167.2,False,43,3,False
2021-04-10 08:00:00,2021-04-10,8,6,22,26,27,22,24,6,7.9,75,1.8,0.0,1.5,167.2,False,43,3,False
2021-04-10 09:00:00,2021-04-10,9,6,23,22,22,22,22,0,10.5,63,2.0,0.0,1.0,167.2,False,43,3,False
2021-04-10 10:00:00,2021-04-10,10,6,22,22,22,22,22,0,12.2,55,2.4,0.0,1.0,167.2,False,43,3,False
2021-04-10 11:00:00,2021-04-10,11,6,22,25,27,26,25,0,12.8,54,3.1,0.0,1.0,167.2,False,43,3,False
2021-04-10 12:00:00,2021-04-10,12,6,22,23,23,22,23,0,12.8,49,3.4,0.0,1.0,167.2,False,43,3,False
2021-04-10 13:00:00,2021-04-10,13,6,22,22,22,22,22,0,12.9,52,2.5,0.0,1.0,167.2,False,43,3,False
2021-04-10 14:00:00,2021-04-10,14,6,22,22,23,26,23,0,13.1,50,3.1,0.0,1.0,167.2,False,43,3,False
2021-04-10 15:00:00,2021-04-10,15,6,27,23,22,22,24,0,13.7,51,3.2,0.0,1.0,167.2,False,43,3,False
2021-04-10 16:00:00,2021-04-10,16,6,22,22,23,23,23,0,12.8,54,3.4,0.0,1.0,167.2,False,43,3,False
2021-04-10 17:00:00,2021-04-10,17,6,23,22,22,22,22,0,12.5,53,3.2,0.0,1.0,167.2,False,43,3,False
2021-04-10 18:00:00,2021-04-10,18,6,25,27,22,22,24,0,11.1,56,2.1,0.0,1.5,167.2,False,43,3,False
2021-04-10 19:00:00,2021-04-10,19,6,22,22,22,22,22,0,10.2,62,1.2,0.0,1.5,167.2,False,43,3,False
2021-04-10 20:00:00,2021-04-10,20,6,22,22,22,22,22,0,9.2,67,0.9,0.0,1.5,167.2,False,43,3,False
2021-04-10 21:00:00,2021-04-10,21,6,25,28,24,23,25,0,8.4,72,0.0,0.0,1.5,167.2,False,43,3,False
2021-04-10 22:00:00,2021-04-10,22,6,23,23,22,23,23,0,7.7,76,0.5,0.0,1.5,167.2,False,43,3,False
2021-04-10 23:00:00,2021-04-10,23,6,22,22,23,23,23,0,7.6,77,1.8,0.0,1.5,167.2,False,43,3,False
2021-04-11 00:00:00,2021-04-11,0,7,20,20,20,20,20,0,7.0,80,1.4,0.0,1.5,167.2,False,44,4,False
2021-04-11 01:00:00,2021-04-11,1,7,24,25,21,20,23,0,7.1,80,2.1,0.0,1.5,167.2,False,44,4,False
2021-04-11 02:00:00,2021-04-11,2,7,20,20,20,20,20,0,6.7,83,1.4,0.0,1.5,167.2,False,44,4,False
2021-04-11 03:00:00,2021-04-11,3,7,20,20,20,20,20,0,6.0,88,0.7,0.0,1.5,167.2,False,44,4,False
2021-04-11 04:00:00,2021-04-11,4,7,20,20,24,25,22,0,5.9,93,1.2,0.0,1.5,167.2,False,44,4,False
2021-04-11 05:00:00,2021-04-11,5,7,20,20,20,20,20,0,5.5,93,1.0,0.0,1.5,167.2,False,44,4,False
2021-04-11 06:00:00,2021-04-11,6,7,20,20,20,20,20,0,5.7,96,1.0,0.0,1.5,167.2,False,44,4,False
2021-04-11 07:00:00,2021-04-11,7,7,19,19,20,23,20,0,7.1,92,0.3,0.0,1.5,167.2,False,44,4,False
2021-04-11 08:00:00,2021-04-11,8,7,24,19,20,20,21,0,9.6,82,0.9,0.0,1.5,167.2,False,44,4,False
2021-04-11 09:00:00,2021-04-11,9,7,20,20,20,20,20,0,12.2,69,1.3,0.0,1.0,167.2,False,44,4,False
2021-04-11 10:00:00,2021-04-11,10,7,20,20,20,23,21,0,14.3,65,1.7,0.0,1.0,167.2,False,44,4,False
2021-04-11 11:00:00,2021-04-11,11,7,24,20,20,20,21,0,15.9,57,1.8,0.0,1.0,167.2,False,44,4,False
2021-04-11 12:00:00,2021-04-11,12,7,20,20,20,20,20,0,17.1,46,2.8,0.0,1.0,167.2,False,44,4,False
2021-04-11 13:00:00,2021-04-11,13,7,20,20,20,20,20,0,17.8,46,2.6,0.0,1.0,167.2,False,44,4,False
2021-04-11 14:00:00,2021-04-11,14,7,25,24,20,20,22,0,18.3,22,2.4,0.0,1.0,167.2,False,44,4,False
2021-04-11 15:00:00,2021-04-11,15,7,20,20,20,20,20,0,17.8,30,2.0,0.0,1.0,167.2,False,44,4,False
2021-04-11 16:00:00,2021-04-11,16,7,20,20,20,20,20,0,17.9,32,2.4,0.0,1.0,167.2,False,44,4,False
2021-04-11 17:00:00,2021-04-11,17,7,21,25,25,20,23,0,17.2,31,1.7,0.0,1.0,167.2,False,44,4,False
2021-04-11 18:00:00,2021-04-11,18,7,20,19,19,19,19,0,15.6,29,0.8,0.0,1.5,167.2,False,44,4,False
2021-04-11 19:00:00,2021-04-11,19,7,19,19,20,20,20,0,12.7,51,0.8,0.0,1.5,167.2,False,44,4,False
2021-04-11 20:00:00,2021-04-11,20,7,19,19,20,25,21,0,12.2,64,0.7,0.0,1.5,167.2,False,44,4,False
2021-04-11 21:00:00,2021-04-11,21,7,24,20,21,20,21,0,11.9,69,1.0,0.0,1.5,167.2,False,44,4,False
2021-04-11 22:00:00,2021-04-11,22,7,20,20,20,20,20,0,11.4,73,0.1,0.0,1.5,167.2,False,44,4,False
2021-04-11 23:00:00,2021-04-11,23,7,20,20,20,22,21,0,11.4,76,0.4,0.0,1.5,167.2,False,44,4,False
2021-04-12 00:00:00,2021-04-12,0,1,71,65,58,60,64,0,10.4,77,1.3,0.0,1.5,167.2,False,45,6,False
2021-04-12 01:00:00,2021-04-12,1,1,85,96,97,93,93,0,9.7,81,0.7,0.0,1.5,167.2,False,45,6,False
2021-04-12 02:00:00,2021-04-12,2,1,91,93,96,94,94,0,9.8,84,0.9,0.0,1.5,167.2,False,45,6,False
2021-04-12 03:00:00,2021-04-12,3,1,74,91,90,96,88,0,10.3,84,1.3,0.0,1.5,167.2,False,45,6,False
2021-04-12 04:00:00,2021-04-12,4,1,91,84,84,79,85,0,10.2,87,1.1,0.0,1.5,167.2,False,45,6,False
2021-04-12 05:00:00,2021-04-12,5,1,67,62,88,105,81,0,9.6,89,0.7,0.0,1.5,167.2,False,45,6,False
2021-04-12 06:00:00,2021-04-12,6,1,102,94,94,90,95,0,10.0,90,0.7,0.0,1.5,167.2,False,45,6,False
2021-04-12 07:00:00,2021-04-12,7,1,94,100,134,130,115,0,10.4,90,0.0,0.0,1.5,167.2,False,45,6,False
2021-04-12 08:00:00,2021-04-12,8,1,160,172,167,179,170,1007,11.8,86,0.1,0.0,1.5,167.2,False,45,6,False
2021-04-12 09:00:00,2021-04-12,9,1,166,169,172,175,171,876,12.3,83,0.1,0.0,1.0,167.2,False,45,6,False
2021-04-12 10:00:00,2021-04-12,10,1,133,163,172,169,159,1032,12.7,87,0.1,0.0,1.0,167.2,False,45,6,False
2021-04-12 11:00:00,2021-04-12,11,1,164,166,166,172,167,4888,13.0,91,1.4,0.4,1.0,167.2,False,45,6,False
2021-04-12 12:00:00,2021-04-12,12,1,101,81,83,130,99,305,13.5,93,1.5,0.6,1.0,167.2,False,45,6,False
2021-04-12 13:00:00,2021-04-12,13,1,182,178,177,169,177,580,14.4,95,1.2,1.1,1.0,167.2,False,45,6,False
2021-04-12 14:00:00,2021-04-12,14,1,159,166,169,173,167,431,14.4,90,0.7,1.7,1.0,167.2,False,45,6,False
2021-04-12 15:00:00,2021-04-12,15,1,126,174,179,170,162,880,14.9,93,0.9,2.0,1.0,167.2,False,45,6,False
2021-04-12 16:00:00,2021-04-12,16,1,163,156,145,150,154,690,14.6,98,2.0,2.9,1.0,167.2,False,45,6,False
2021-04-12 17:00:00,2021-04-12,17,1,102,89,142,138,118,1920,14.1,98,3.1,4.0,1.0,167.2,False,45,6,False
2021-04-12 18:00:00,2021-04-12,18,1,146,147,144,145,146,740,13.5,98,2.0,5.1,1.5,167.2,False,45,6,False
2021-04-12 19:00:00,2021-04-12,19,1,154,154,146,122,144,2676,13.5,98,1.5,5.8,1.5,167.2,False,45,6,False
2021-04-12 20:00:00,2021-04-12,20,1,108,118,119,115,115,6,14.9,98,3.2,6.8,1.5,167.2,False,45,6,False
2021-04-12 21:00:00,2021-04-12,21,1,113,113,114,109,112,0,15.2,98,3.6,9.5,1.5,167.2,False,45,6,False
2021-04-12 22:00:00,2021-04-12,22,1,92,94,107,106,100,28,15.7,98,4.8,12.5,1.5,167.2,False,45,6,False
2021-04-12 23:00:00,2021-04-12,23,1,104,103,92,74,93,67,15.7,98,4.4,14.4,1.5,167.2,False,45,6,False
2021-04-13 00:00:00,2021-04-13,0,2,71,65,58,60,64,0,15.7,98,4.6,15.4,1.5,167.2,False,45,6,True
2021-04-13 01:00:00,2021-04-13,1,2,85,96,97,93,93,0,15.6,98,3.9,0.5,1.5,167.2,False,45,6,True
2021-04-13 02:00:00,2021-04-13,2,2,91,93,96,94,94,134,15.4,98,3.7,1.4,1.5,167.2,False,45,6,True
2021-04-13 03:00:00,2021-04-13,3,2,74,91,90,96,88,0,15.9,98,4.1,2.3,1.5,167.2,False,45,6,True
2021-04-13 04:00:00,2021-04-13,4,2,91,84,84,79,85,172,16.0,98,3.0,2.8,1.5,167.2,False,45,6,True
2021-04-13 05:00:00,2021-04-13,5,2,67,62,88,105,81,0,16.6,98,3.8,0.0,1.5,167.2,False,45,6,True
2021-04-13 06:00:00,2021-04-13,6,2,102,94,94,90,95,84,16.8,98,3.6,0.0,1.5,167.2,False,45,6,True
2021-04-13 07:00:00,2021-04-13,7,2,94,100,134,130,115,474,17.0,94,1.8,0.0,1.5,167.2,False,45,6,True
2021-04-13 08:00:00,2021-04-13,8,2,160,172,167,179,170,889,19.0,84,0.7,0.0,1.5,167.2,False,45,6,True
2021-04-13 09:00:00,2021-04-13,9,2,166,169,172,175,171,1381,18.6,75,1.4,0.0,1.0,167.2,False,45,6,True
2021-04-13 10:00:00,2021-04-13,10,2,133,163,172,169,159,938,19.6,65,3.4,0.0,1.0,167.2,False,45,6,True
2021-04-13 11:00:00,2021-04-13,11,2,164,166,166,172,167,1241,20.5,56,3.5,0.0,1.0,167.2,False,45,6,True
2021-04-13 12:00:00,2021-04-13,12,2,101,81,83,130,99,44,20.2,53,4.0,0.0,1.0,167.2,False,45,6,True
2021-04-13 13:00:00,2021-04-13,13,2,182,178,177,169,177,1208,19.4,55,4.0,0.0,1.0,167.2,False,45,6,True
2021-04-13 14:00:00,2021-04-13,14,2,159,166,169,173,167,1086,19.9,50,3.8,0.0,1.0,167.2,False,45,6,True
2021-04-13 15:00:00,2021-04-13,15,2,126,174,179,170,162,1368,20.6,50,3.0,0.0,1.0,167.2,False,45,6,True
2021-04-13 16:00:00,2021-04-13,16,2,163,156,145,150,154,2151,20.5,42,2.8,0.0,1.0,167.2,False,45,6,True
2021-04-13 17:00:00,2021-04-13,17,2,102,89,142,138,118,5156,20.4,43,2.0,0.0,1.0,167.2,False,45,6,True
2021-04-13 18:00:00,2021-04-13,18,2,146,147,144,145,146,1023,19.0,46,2.0,0.0,1.5,167.2,False,45,6,True
2021-04-13 19:00:00,2021-04-13,19,2,154,154,146,122,144,2808,17.5,48,1.8,0.0,1.5,167.2,False,45,6,True
2021-04-13 20:00:00,2021-04-13,20,2,108,118,119,115,115,14,15.8,50,1.7,0.0,1.5,167.2,False,45,6,True
2021-04-13 21:00:00,2021-04-13,21,2,113,113,114,109,112,340,14.2,53,1.8,0.0,1.5,167.2,False,45,6,True
2021-04-13 22:00:00,2021-04-13,22,2,92,94,107,106,100,150,12.8,51,3.1,0.0,1.5,167.2,False,45,6,True
2021-04-13 23:00:00,2021-04-13,23,2,104,103,92,74,93,189,11.3,53,3.1,0.0,1.5,167.2,False,45,6,True
2021-04-14 00:00:00,2021-04-14,0,3,71,65,58,60,64,0,10.1,56,3.8,0.0,1.5,167.2,False,45,6,True
2021-04-14 01:00:00,2021-04-14,1,3,85,96,97,93,93,66,9.3,55,3.9,0.0,1.5,167.2,False,45,6,True
2021-04-14 02:00:00,2021-04-14,2,3,91,93,96,94,94,719,8.3,57,4.3,0.0,1.5,167.2,False,45,6,True
2021-04-14 03:00:00,2021-04-14,3,3,74,91,90,96,88,36,7.5,57,4.5,0.0,1.5,167.2,False,45,6,True
2021-04-14 04:00:00,2021-04-14,4,3,91,84,84,79,85,10,6.8,63,1.3,0.0,1.5,167.2,False,45,6,True
2021-04-14 05:00:00,2021-04-14,5,3,67,62,88,105,81,549,6.9,59,3.4,0.0,1.5,167.2,False,45,6,True
2021-04-14 06:00:00,2021-04-14,6,3,102,94,94,90,95,226,6.7,60,3.2,0.0,1.5,167.2,False,45,6,True
2021-04-14 07:00:00,2021-04-14,7,3,94,100,134,130,115,692,6.8,60,2.2,0.0,1.5,167.2,False,45,6,True
2021-04-14 08:00:00,2021-04-14,8,3,160,172,167,179,170,982,7.3,59,4.0,0.0,1.5,167.2,False,45,6,True
2021-04-14 09:00:00,2021-04-14,9,3,166,169,172,175,171,1260,8.5,51,2.4,0.0,1.0,167.2,False,45,6,True
2021-04-14 10:00:00,2021-04-14,10,3,133,163,172,169,159,1193,9.4,48,3.9,0.0,1.0,167.2,False,45,6,True
2021-04-14 11:00:00,2021-04-14,11,3,164,166,166,172,167,1227,11.3,42,3.9,0.0,1.0,167.2,False,45,6,True
2021-04-14 12:00:00,2021-04-14,12,3,101,81,83,130,99,532,13.5,35,3.1,0.0,1.0,167.2,False,45,6,True
2021-04-14 13:00:00,2021-04-14,13,3,182,178,177,169,177,1032,14.5,26,3.9,0.0,1.0,167.2,False,45,6,True
2021-04-14 14:00:00,2021-04-14,14,3,159,166,169,173,167,2635,15.3,24,2.7,0.0,1.0,167.2,False,45,6,True
2021-04-14 15:00:00,2021-04-14,15,3,126,174,179,170,162,960,16.0,22,2.7,0.0,1.0,167.2,False,45,6,True
2021-04-14 16:00:00,2021-04-14,16,3,163,156,145,150,154,2275,16.1,24,3.0,0.0,1.0,167.2,False,45,6,True
2021-04-14 17:00:00,2021-04-14,17,3,102,89,142,138,118,351,14.9,39,2.4,0.0,1.0,167.2,False,45,6,True
2021-04-14 18:00:00,2021-04-14,18,3,146,147,144,145,146,842,13.3,47,2.1,0.0,1.5,167.2,False,45,6,True
2021-04-14 19:00:00,2021-04-14,19,3,154,154,146,122,144,1789,12.1,53,3.0,0.0,1.5,167.2,False,45,6,True
2021-04-14 20:00:00,2021-04-14,20,3,108,118,119,115,115,30,11.3,56,3.2,0.0,1.5,167.2,False,45,6,True
2021-04-14 21:00:00,2021-04-14,21,3,113,113,114,109,112,104,10.1,61,0.9,0.0,1.5,167.2,False,45,6,True
2021-04-14 22:00:00,2021-04-14,22,3,92,94,107,106,100,123,10.3,57,1.1,0.0,1.5,167.2,False,45,6,True
2021-04-14 23:00:00,2021-04-14,23,3,104,103,92,74,93,78,8.9,62,1.0,0.0,1.5,167.2,False,45,6,True
2021-04-15 00:00:00,2021-04-15,0,4,71,65,58,60,64,240,7.4,60,1.3,0.0,1.5,167.2,False,45,6,True
2021-04-15 01:00:00,2021-04-15,1,4,85,96,97,93,93,219,9.1,44,2.3,0.0,1.5,167.2,False,45,6,True
2021-04-15 02:00:00,2021-04-15,2,4,91,93,96,94,94,116,6.6,62,1.1,0.0,1.5,167.2,False,45,6,True
2021-04-15 03:00:00,2021-04-15,3,4,74,91,90,96,88,0,6.7,54,1.2,0.0,1.5,167.2,False,45,6,True
2021-04-15 04:00:00,2021-04-15,4,4,91,84,84,79,85,1,8.0,47,2.5,0.0,1.5,167.2,False,45,6,True
2021-04-15 05:00:00,2021-04-15,5,4,67,62,88,105,81,82,6.3,54,2.0,0.0,1.5,167.2,False,45,6,True
2021-04-15 06:00:00,2021-04-15,6,4,102,94,94,90,95,0,6.8,53,2.4,0.0,1.5,167.2,False,45,6,True
2021-04-15 07:00:00,2021-04-15,7,4,94,100,134,130,115,1477,7.1,54,2.3,0.0,1.5,167.2,False,45,6,True
2021-04-15 08:00:00,2021-04-15,8,4,160,172,167,179,170,766,9.4,47,2.9,0.0,1.5,167.2,False,45,6,True
2021-04-15 09:00:00,2021-04-15,9,4,166,169,172,175,171,1672,11.4,40,2.6,0.0,1.0,167.2,False,45,6,True
2021-04-15 10:00:00,2021-04-15,10,4,133,163,172,169,159,492,12.9,35,2.2,0.0,1.0,167.2,False,45,6,True
2021-04-15 11:00:00,2021-04-15,11,4,164,166,166,172,167,1021,14.5,32,1.5,0.0,1.0,167.2,False,45,6,True
2021-04-15 12:00:00,2021-04-15,12,4,101,81,83,130,99,21,15.9,33,1.5,0.0,1.0,167.2,False,45,6,True
2021-04-15 13:00:00,2021-04-15,13,4,182,178,177,169,177,1022,15.6,38,2.8,0.0,1.0,167.2,False,45,6,True
2021-04-15 14:00:00,2021-04-15,14,4,159,166,169,173,167,1613,15.7,35,2.5,0.0,1.0,167.2,False,45,6,True
2021-04-15 15:00:00,2021-04-15,15,4,126,174,179,170,162,662,15.4,37,2.2,0.0,1.0,167.2,False,45,6,True
2021-04-15 16:00:00,2021-04-15,16,4,163,156,145,150,154,1543,14.8,40,2.3,0.0,1.0,167.2,False,45,6,True
2021-04-15 17:00:00,2021-04-15,17,4,102,89,142,138,118,653,14.4,42,2.4,0.0,1.0,167.2,False,45,6,True
2021-04-15 18:00:00,2021-04-15,18,4,146,147,144,145,146,1531,14.1,47,2.1,0.0,1.5,167.2,False,45,6,True
2021-04-15 19:00:00,2021-04-15,19,4,154,154,146,122,144,2318,12.8,58,1.5,0.0,1.5,167.2,False,45,6,True
2021-04-15 20:00:00,2021-04-15,20,4,108,118,119,115,115,10,11.5,63,1.8,0.0,1.5,167.2,False,45,6,True
2021-04-15 21:00:00,2021-04-15,21,4,113,113,114,109,112,102,11.2,59,1.9,0.0,1.5,167.2,False,45,6,True
2021-04-15 22:00:00,2021-04-15,22,4,92,94,107,106,100,572,11.5,55,2.4,0.0,1.5,167.2,False,45,6,True
2021-04-15 23:00:00,2021-04-15,23,4,104,103,92,74,93,69,9.0,67,1.0,0.0,1.5,167.2,False,45,6,True
2021-04-16 00:00:00,2021-04-16,0,5,71,65,58,60,64,0,8.9,68,0.2,0.0,1.5,167.2,False,45,6,True
2021-04-16 01:00:00,2021-04-16,1,5,85,96,97,93,93,304,8.0,73,0.2,0.0,1.5,167.2,False,45,6,True
2021-04-16 02:00:00,2021-04-16,2,5,91,93,96,94,94,243,7.6,76,1.4,0.0,1.5,167.2,False,45,6,True
2021-04-16 03:00:00,2021-04-16,3,5,74,91,90,96,88,40,6.8,83,0.5,0.0,1.5,167.2,False,45,6,True
2021-04-16 04:00:00,2021-04-16,4,5,91,84,84,79,85,140,7.9,78,0.9,0.0,1.5,167.2,False,45,6,True
2021-04-16 05:00:00,2021-04-16,5,5,67,62,88,105,81,35,6.4,84,0.6,0.0,1.5,167.2,False,45,6,True
2021-04-16 06:00:00,2021-04-16,6,5,102,94,94,90,95,48,7.0,88,1.1,0.0,1.5,167.2,False,45,6,True
2021-04-16 07:00:00,2021-04-16,7,5,94,100,134,130,115,1429,8.2,87,0.0,0.0,1.5,167.2,False,45,6,True
2021-04-16 08:00:00,2021-04-16,8,5,160,172,167,179,170,459,10.9,79,0.3,0.0,1.5,167.2,False,45,6,True
2021-04-16 09:00:00,2021-04-16,9,5,166,169,172,175,171,780,13.5,65,2.5,0.0,1.0,167.2,False,45,6,True
2021-04-16 10:00:00,2021-04-16,10,5,133,163,172,169,159,961,15.6,56,1.5,0.0,1.0,167.2,False,45,6,True
2021-04-16 11:00:00,2021-04-16,11,5,164,166,166,172,167,3628,17.8,53,3.8,0.0,1.0,167.2,False,45,6,True
2021-04-16 12:00:00,2021-04-16,12,5,101,81,83,130,99,3130,18.6,50,4.8,0.0,1.0,167.2,False,45,6,True
2021-04-16 13:00:00,2021-04-16,13,5,182,178,177,169,177,1657,18.9,52,4.5,0.0,1.0,167.2,False,45,6,True
2021-04-16 14:00:00,2021-04-16,14,5,159,166,169,173,167,1804,19.7,52,4.5,0.0,1.0,167.2,False,45,6,True
2021-04-16 15:00:00,2021-04-16,15,5,126,174,179,170,162,621,20.2,52,3.2,0.0,1.0,167.2,False,45,6,True
2021-04-16 16:00:00,2021-04-16,16,5,163,156,145,150,154,1025,19.4,56,4.1,0.0,1.0,167.2,False,45,6,True
2021-04-16 17:00:00,2021-04-16,17,5,102,89,142,138,118,720,20.1,53,3.0,0.0,1.0,167.2,False,45,6,True
2021-04-16 18:00:00,2021-04-16,18,5,146,147,144,145,146,877,17.8,73,3.6,0.0,1.5,167.2,False,45,6,True
2021-04-16 19:00:00,2021-04-16,19,5,154,154,146,122,144,1519,16.9,77,3.6,0.0,1.5,167.2,False,45,6,True
2021-04-16 20:00:00,2021-04-16,20,5,108,118,119,115,115,98,16.5,77,2.7,0.0,1.5,167.2,False,45,6,True
2021-04-16 21:00:00,2021-04-16,21,5,113,113,114,109,112,58,16.0,79,2.8,0.0,1.5,167.2,False,45,6,True
2021-04-16 22:00:00,2021-04-16,22,5,92,94,107,106,100,141,16.0,80,2.0,0.0,1.5,167.2,False,45,6,True
2021-04-16 23:00:00,2021-04-16,23,5,104,103,92,74,93,36,15.3,85,1.6,0.0,1.5,167.2,False,45,6,True
2021-04-17 00:00:00,2021-04-17,0,6,60,60,63,60,61,239,14.9,89,1.6,0.0,1.5,167.2,False,43,3,True
2021-04-17 01:00:00,2021-04-17,1,6,95,97,108,115,104,325,14.5,91,1.6,0.0,1.5,167.2,False,43,3,True
2021-04-17 02:00:00,2021-04-17,2,6,105,104,94,110,103,117,14.1,75,2.0,0.0,1.5,167.2,False,43,3,True
2021-04-17 03:00:00,2021-04-17,3,6,92,111,108,100,103,151,13.3,77,2.1,0.0,1.5,167.2,False,43,3,True
2021-04-17 04:00:00,2021-04-17,4,6,114,110,106,95,106,292,13.1,73,3.6,0.0,1.5,167.2,False,43,3,True
2021-04-17 05:00:00,2021-04-17,5,6,78,75,96,99,87,20,12.6,71,2.7,0.0,1.5,167.2,False,43,3,True
2021-04-17 06:00:00,2021-04-17,6,6,114,108,102,90,104,144,12.4,68,1.1,0.0,1.5,167.2,False,43,3,True
2021-04-17 07:00:00,2021-04-17,7,6,88,79,50,33,63,1690,12.3,64,2.0,0.0,1.5,167.2,False,43,3,True
2021-04-17 08:00:00,2021-04-17,8,6,22,26,27,22,24,0,13.2,60,1.3,0.0,1.5,167.2,False,43,3,True
2021-04-17 09:00:00,2021-04-17,9,6,23,22,22,22,22,0,14.3,57,0.9,0.0,1.0,167.2,False,43,3,True
2021-04-17 10:00:00,2021-04-17,10,6,22,22,22,22,22,0,16.0,51,1.1,0.0,1.0,167.2,False,43,3,True
2021-04-17 11:00:00,2021-04-17,11,6,22,25,27,26,25,0,17.6,49,1.4,0.0,1.0,167.2,False,43,3,True
2021-04-17 12:00:00,2021-04-17,12,6,22,23,23,22,23,0,19.0,46,2.7,0.0,1.0,167.2,False,43,3,True
2021-04-17 13:00:00,2021-04-17,13,6,22,22,22,22,22,0,18.2,62,2.8,0.0,1.0,167.2,False,43,3,True
2021-04-17 14:00:00,2021-04-17,14,6,22,22,23,26,23,0,17.7,71,2.4,0.0,1.0,167.2,False,43,3,True
2021-04-17 15:00:00,2021-04-17,15,6,27,23,22,22,24,0,17.0,72,1.9,0.0,1.0,167.2,False,43,3,True
2021-04-17 16:00:00,2021-04-17,16,6,22,22,23,23,23,0,16.5,28,4.1,0.0,1.0,167.2,False,43,3,True
2021-04-17 17:00:00,2021-04-17,17,6,23,22,22,22,22,0,15.9,27,4.8,0.0,1.0,167.2,False,43,3,True
2021-04-17 18:00:00,2021-04-17,18,6,25,27,22,22,24,0,15.2,22,4.2,0.0,1.5,167.2,False,43,3,True
2021-04-17 19:00:00,2021-04-17,19,6,22,22,22,22,22,0,13.8,26,3.8,0.0,1.5,167.2,False,43,3,True
2021-04-17 20:00:00,2021-04-17,20,6,22,22,22,22,22,0,12.6,30,3.2,0.0,1.5,167.2,False,43,3,True
2021-04-17 21:00:00,2021-04-17,21,6,25,28,24,23,25,0,10.7,44,1.8,0.0,1.5,167.2,False,43,3,True
2021-04-17 22:00:00,2021-04-17,22,6,23,23,22,23,23,0,9.8,45,1.2,0.0,1.5,167.2,False,43,3,True
2021-04-17 23:00:00,2021-04-17,23,6,22,22,23,23,23,0,10.3,34,3.8,0.0,1.5,167.2,False,43,3,True
2021-04-18 00:00:00,2021-04-18,0,7,20,20,20,20,20,0,9.6,34,3.3,0.0,1.5,167.2,False,44,4,True
2021-04-18 01:00:00,2021-04-18,1,7,24,25,21,20,23,0,9.1,35,3.0,0.0,1.5,167.2,False,44,4,True
2021-04-18 02:00:00,2021-04-18,2,7,20,20,20,20,20,0,8.5,37,2.6,0.0,1.5,167.2,False,44,4,True
2021-04-18 03:00:00,2021-04-18,3,7,20,20,20,20,20,0,7.9,40,2.0,0.0,1.5,167.2,False,44,4,True
2021-04-18 04:00:00,2021-04-18,4,7,20,20,24,25,22,0,7.8,43,2.2,0.0,1.5,167.2,False,44,4,True
2021-04-18 05:00:00,2021-04-18,5,7,20,20,20,20,20,0,7.9,52,3.1,0.0,1.5,167.2,False,44,4,True
2021-04-18 06:00:00,2021-04-18,6,7,20,20,20,20,20,0,7.8,56,3.0,0.0,1.5,167.2,False,44,4,True
2021-04-18 07:00:00,2021-04-18,7,7,19,19,20,23,20,0,8.3,58,2.9,0.0,1.5,167.2,False,44,4,True
2021-04-18 08:00:00,2021-04-18,8,7,24,19,20,20,21,0,9.5,54,3.6,0.0,1.5,167.2,False,44,4,True
2021-04-18 09:00:00,2021-04-18,9,7,20,20,20,20,20,0,10.7,50,4.4,0.0,1.0,167.2,False,44,4,True
2021-04-18 10:00:00,2021-04-18,10,7,20,20,20,23,21,0,11.7,46,3.5,0.0,1.0,167.2,False,44,4,True
2021-04-18 11:00:00,2021-04-18,11,7,24,20,20,20,21,0,12.5,43,3.4,0.0,1.0,167.2,False,44,4,True
2021-04-18 12:00:00,2021-04-18,12,7,20,20,20,20,20,0,14.1,41,3.9,0.0,1.0,167.2,False,44,4,True
2021-04-18 13:00:00,2021-04-18,13,7,20,20,20,20,20,0,15.1,37,2.1,0.0,1.0,167.2,False,44,4,True
2021-04-18 14:00:00,2021-04-18,14,7,25,24,20,20,22,0,15.8,34,2.8,0.0,1.0,167.2,False,44,4,True
2021-04-18 15:00:00,2021-04-18,15,7,20,20,20,20,20,0,16.7,31,2.8,0.0,1.0,167.2,False,44,4,True
2021-04-18 16:00:00,2021-04-18,16,7,20,20,20,20,20,0,16.4,40,2.6,0.0,1.0,167.2,False,44,4,True
2021-04-18 17:00:00,2021-04-18,17,7,21,25,25,20,23,0,15.0,45,2.9,0.0,1.0,167.2,False,44,4,True
2021-04-18 18:00:00,2021-04-18,18,7,20,19,19,19,19,0,14.5,48,1.5,0.0,1.5,167.2,False,44,4,True
2021-04-18 19:00:00,2021-04-18,19,7,19,19,20,20,20,0,13.4,59,1.1,0.0,1.5,167.2,False,44,4,True
2021-04-18 20:00:00,2021-04-18,20,7,19,19,20,25,21,0,11.5,71,0.4,0.0,1.5,167.2,False,44,4,True
2021-04-18 21:00:00,2021-04-18,21,7,24,20,21,20,21,0,12.1,61,0.8,0.0,1.5,167.2,False,44,4,True
2021-04-18 22:00:00,2021-04-18,22,7,20,20,20,20,20,0,10.8,70,0.7,0.0,1.5,167.2,False,44,4,True
2021-04-18 23:00:00,2021-04-18,23,7,20,20,20,22,21,0,11.7,47,2.5,0.0,1.5,167.2,False,44,4,True
2021-04-19 00:00:00,2021-04-19,0,1,21,20,20,20,20,0,10.7,48,1.7,0.0,1.5,167.2,False,46,3,False
2021-04-19 01:00:00,2021-04-19,1,1,23,25,22,20,23,0,11.5,45,2.8,0.0,1.5,167.2,False,46,3,False
2021-04-19 02:00:00,2021-04-19,2,1,20,20,20,21,20,0,10.1,51,1.6,0.0,1.5,167.2,False,46,3,False
2021-04-19 03:00:00,2021-04-19,3,1,21,20,20,20,20,0,10.4,50,2.8,0.0,1.5,167.2,False,46,3,False
2021-04-19 04:00:00,2021-04-19,4,1,21,23,25,22,23,0,10.9,42,3.4,0.0,1.5,167.2,False,46,3,False
2021-04-19 05:00:00,2021-04-19,5,1,20,20,20,20,20,0,9.8,43,2.0,0.0,1.5,167.2,False,46,3,False
2021-04-19 06:00:00,2021-04-19,6,1,20,20,20,20,20,0,10.4,33,2.2,0.0,1.5,167.2,False,46,3,False
2021-04-19 07:00:00,2021-04-19,7,1,26,31,58,101,54,0,11.3,36,0.9,0.0,1.5,167.2,False,46,3,False
2021-04-19 08:00:00,2021-04-19,8,1,146,152,172,171,160,1040,13.7,29,2.2,0.0,1.5,167.2,False,46,3,False
2021-04-19 09:00:00,2021-04-19,9,1,167,157,165,162,163,854,15.5,24,2.9,0.0,1.0,167.2,False,46,3,False
2021-04-19 10:00:00,2021-04-19,10,1,132,162,165,159,155,913,17.2,23,2.8,0.0,1.0,167.2,False,46,3,False
2021-04-19 11:00:00,2021-04-19,11,1,168,158,163,168,164,1984,18.3,21,4.2,0.0,1.0,167.2,False,46,3,False
2021-04-19 12:00:00,2021-04-19,12,1,114,89,89,123,104,400,20.0,20,3.2,0.0,1.0,167.2,False,46,3,False
2021-04-19 13:00:00,2021-04-19,13,1,147,159,160,152,155,718,20.8,19,2.8,0.0,1.0,167.2,False,46,3,False
2021-04-19 14:00:00,2021-04-19,14,1,153,159,160,164,159,4151,22.3,20,3.2,0.0,1.0,167.2,False,46,3,False
2021-04-19 15:00:00,2021-04-19,15,1,132,165,162,157,154,1195,23.1,17,2.1,0.0,1.0,167.2,False,46,3,False
2021-04-19 16:00:00,2021-04-19,16,1,152,144,141,150,147,1100,23.1,16,3.0,0.0,1.0,167.2,False,46,3,False
2021-04-19 17:00:00,2021-04-19,17,1,106,99,147,163,129,408,23.0,18,2.6,0.0,1.0,167.2,False,46,3,False
2021-04-19 18:00:00,2021-04-19,18,1,152,147,148,140,147,444,22.1,18,2.9,0.0,1.5,167.2,False,46,3,False
2021-04-19 19:00:00,2021-04-19,19,1,131,146,134,110,130,1383,20.0,21,1.8,0.0,1.5,167.2,False,46,3,False
2021-04-19 20:00:00,2021-04-19,20,1,102,108,110,104,106,0,19.1,24,2.2,0.0,1.5,167.2,False,46,3,False
2021-04-19 21:00:00,2021-04-19,21,1,106,109,107,103,106,29,18.5,27,2.5,0.0,1.5,167.2,False,46,3,False
2021-04-19 22:00:00,2021-04-19,22,1,82,112,109,115,105,195,17.0,33,2.3,0.0,1.5,167.2,False,46,3,False
2021-04-19 23:00:00,2021-04-19,23,1,112,104,99,77,98,0,16.2,35,2.0,0.0,1.5,167.2,False,46,3,False
2021-04-20 00:00:00,2021-04-20,0,2,21,20,20,20,20,0,16.7,32,2.5,0.0,1.5,167.2,False,46,3,True
2021-04-20 01:00:00,2021-04-20,1,2,23,25,22,20,23,386,15.3,35,2.5,0.0,1.5,167.2,False,46,3,True
2021-04-20 02:00:00,2021-04-20,2,2,20,20,20,21,20,591,14.5,37,1.4,0.0,1.5,167.2,False,46,3,True
2021-04-20 03:00:00,2021-04-20,3,2,21,20,20,20,20,13,14.3,38,2.7,0.0,1.5,167.2,False,46,3,True
2021-04-20 04:00:00,2021-04-20,4,2,21,23,25,22,23,30,13.5,41,2.3,0.0,1.5,167.2,False,46,3,True
2021-04-20 05:00:00,2021-04-20,5,2,20,20,20,20,20,2,13.5,39,2.9,0.0,1.5,167.2,False,46,3,True
2021-04-20 06:00:00,2021-04-20,6,2,20,20,20,20,20,125,13.0,39,1.9,0.0,1.5,167.2,False,46,3,True
2021-04-20 07:00:00,2021-04-20,7,2,26,31,58,101,54,602,14.4,35,3.2,0.0,1.5,167.2,False,46,3,True
2021-04-20 08:00:00,2021-04-20,8,2,146,152,172,171,160,69,16.3,32,2.4,0.0,1.5,167.2,False,46,3,True
2021-04-20 09:00:00,2021-04-20,9,2,167,157,165,162,163,426,18.7,27,2.6,0.0,1.0,167.2,False,46,3,True
2021-04-20 10:00:00,2021-04-20,10,2,132,162,165,159,155,1218,20.4,25,3.5,0.0,1.0,167.2,False,46,3,True
2021-04-20 11:00:00,2021-04-20,11,2,168,158,163,168,164,862,22.1,23,3.2,0.0,1.0,167.2,False,46,3,True
2021-04-20 12:00:00,2021-04-20,12,2,114,89,89,123,104,332,24.2,21,1.8,0.0,1.0,167.2,False,46,3,True
2021-04-20 13:00:00,2021-04-20,13,2,147,159,160,152,155,1455,23.7,20,5.1,0.0,1.0,167.2,False,46,3,True
2021-04-20 14:00:00,2021-04-20,14,2,153,159,160,164,159,1351,23.4,21,4.2,0.0,1.0,167.2,False,46,3,True
2021-04-20 15:00:00,2021-04-20,15,2,132,165,162,157,154,1183,22.4,21,4.1,0.0,1.0,167.2,False,46,3,True
2021-04-20 16:00:00,2021-04-20,16,2,152,144,141,150,147,2180,21.4,26,4.1,0.0,1.0,167.2,False,46,3,True
2021-04-20 17:00:00,2021-04-20,17,2,106,99,147,163,129,2080,19.7,37,3.4,0.0,1.0,167.2,False,46,3,True
2021-04-20 18:00:00,2021-04-20,18,2,152,147,148,140,147,514,18.7,39,2.4,0.0,1.5,167.2,False,46,3,True
2021-04-20 19:00:00,2021-04-20,19,2,131,146,134,110,130,1890,17.6,47,1.4,0.0,1.5,167.2,False,46,3,True
2021-04-20 20:00:00,2021-04-20,20,2,102,108,110,104,106,100,16.5,59,1.2,0.0,1.5,167.2,False,46,3,True
2021-04-20 21:00:00,2021-04-20,21,2,106,109,107,103,106,45,15.3,72,1.5,0.0,1.5,167.2,False,46,3,True
2021-04-20 22:00:00,2021-04-20,22,2,82,112,109,115,105,80,14.7,74,1.6,0.0,1.5,167.2,False,46,3,True
2021-04-20 23:00:00,2021-04-20,23,2,112,104,99,77,98,113,13.4,75,0.2,0.0,1.5,167.2,False,46,3,True
2021-04-21 00:00:00,2021-04-21,0,3,62,58,56,57,58,0,13.6,65,2.0,0.0,1.5,167.2,False,47,5,False
2021-04-21 01:00:00,2021-04-21,1,3,82,106,104,104,99,72,12.6,67,0.2,0.0,1.5,167.2,False,47,5,False
2021-04-21 02:00:00,2021-04-21,2,3,98,107,104,95,101,0,12.4,72,0.5,0.0,1.5,167.2,False,47,5,False
2021-04-21 03:00:00,2021-04-21,3,3,81,104,103,103,98,0,12.2,71,1.3,0.0,1.5,167.2,False,47,5,False
2021-04-21 04:00:00,2021-04-21,4,3,91,106,111,107,104,547,11.8,74,0.4,0.0,1.5,167.2,False,47,5,False
2021-04-21 05:00:00,2021-04-21,5,3,80,69,97,110,89,42,11.3,72,1.6,0.0,1.5,167.2,False,47,5,False
2021-04-21 06:00:00,2021-04-21,6,3,112,108,102,103,106,0,10.6,78,0.4,0.0,1.5,167.2,False,47,5,False
2021-04-21 07:00:00,2021-04-21,7,3,104,108,137,140,122,705,13.1,71,0.3,0.0,1.5,167.2,False,47,5,False
2021-04-21 08:00:00,2021-04-21,8,3,162,174,164,153,163,724,16.1,65,0.8,0.0,1.5,167.2,False,47,5,False
2021-04-21 09:00:00,2021-04-21,9,3,163,143,152,152,153,638,17.3,55,1.5,0.0,1.0,167.2,False,47,5,False
2021-04-21 10:00:00,2021-04-21,10,3,125,173,172,172,161,1219,20.1,43,1.1,0.0,1.0,167.2,False,47,5,False
2021-04-21 11:00:00,2021-04-21,11,3,165,161,155,143,156,1473,23.4,32,1.2,0.0,1.0,167.2,False,47,5,False
2021-04-21 12:00:00,2021-04-21,12,3,102,77,77,110,92,167,23.8,39,2.0,0.0,1.0,167.2,False,47,5,False
2021-04-21 13:00:00,2021-04-21,13,3,145,146,154,158,151,1402,24.4,41,2.3,0.0,1.0,167.2,False,47,5,False
2021-04-21 14:00:00,2021-04-21,14,3,156,167,163,158,161,2161,24.8,34,2.7,0.0,1.0,167.2,False,47,5,False
2021-04-21 15:00:00,2021-04-21,15,3,123,151,161,156,148,856,24.7,31,2.1,0.0,1.0,167.2,False,47,5,False
2021-04-21 16:00:00,2021-04-21,16,3,155,155,152,142,151,2815,22.8,32,2.6,0.0,1.0,167.2,False,47,5,False
2021-04-21 17:00:00,2021-04-21,17,3,107,85,120,134,112,747,21.5,38,2.0,0.0,1.0,167.2,False,47,5,False
2021-04-21 18:00:00,2021-04-21,18,3,130,146,138,148,141,1177,19.5,44,1.6,0.0,1.5,167.2,False,47,5,False
2021-04-21 19:00:00,2021-04-21,19,3,138,139,131,113,130,420,17.9,53,0.6,0.0,1.5,167.2,False,47,5,False
2021-04-21 20:00:00,2021-04-21,20,3,106,108,127,136,119,0,16.7,57,0.0,0.0,1.5,167.2,False,47,5,False
2021-04-21 21:00:00,2021-04-21,21,3,122,124,117,113,119,0,16.4,54,1.0,0.0,1.5,167.2,False,47,5,False
2021-04-21 22:00:00,2021-04-21,22,3,85,118,113,108,106,345,16.1,53,0.1,0.0,1.5,167.2,False,47,5,False
2021-04-21 23:00:00,2021-04-21,23,3,117,113,94,77,100,144,14.7,63,1.3,0.0,1.5,167.2,False,47,5,False
2021-04-22 00:00:00,2021-04-22,0,4,62,58,56,57,58,0,14.0,69,0.6,0.0,1.5,167.2,False,47,5,True
2021-04-22 01:00:00,2021-04-22,1,4,82,106,104,104,99,100,13.9,77,1.2,0.0,1.5,167.2,False,47,5,True
2021-04-22 02:00:00,2021-04-22,2,4,98,107,104,95,101,7,13.7,86,0.3,0.0,1.5,167.2,False,47,5,True
2021-04-22 03:00:00,2021-04-22,3,4,81,104,103,103,98,300,13.5,78,0.7,0.0,1.5,167.2,False,47,5,True
2021-04-22 04:00:00,2021-04-22,4,4,91,106,111,107,104,54,13.9,76,2.2,0.0,1.5,167.2,False,47,5,True
2021-04-22 05:00:00,2021-04-22,5,4,80,69,97,110,89,0,13.3,77,2.3,0.0,1.5,167.2,False,47,5,True
2021-04-22 06:00:00,2021-04-22,6,4,112,108,102,103,106,11,13.9,75,1.6,0.0,1.5,167.2,False,47,5,True
2021-04-22 07:00:00,2021-04-22,7,4,104,108,137,140,122,1582,14.7,72,2.0,0.0,1.5,167.2,False,47,5,True
2021-04-22 08:00:00,2021-04-22,8,4,162,174,164,153,163,728,15.3,65,1.5,0.0,1.5,167.2,False,47,5,True
2021-04-22 09:00:00,2021-04-22,9,4,163,143,152,152,153,712,19.0,40,2.4,0.0,1.0,167.2,False,47,5,True
2021-04-22 10:00:00,2021-04-22,10,4,125,173,172,172,161,1196,21.7,28,1.5,0.0,1.0,167.2,False,47,5,True
2021-04-22 11:00:00,2021-04-22,11,4,165,161,155,143,156,1131,22.9,26,1.5,0.0,1.0,167.2,False,47,5,True
2021-04-22 12:00:00,2021-04-22,12,4,102,77,77,110,92,450,24.3,24,2.1,0.0,1.0,167.2,False,47,5,True
2021-04-22 13:00:00,2021-04-22,13,4,145,146,154,158,151,1674,24.8,24,3.3,0.0,1.0,167.2,False,47,5,True
2021-04-22 14:00:00,2021-04-22,14,4,156,167,163,158,161,1547,24.2,25,2.2,0.0,1.0,167.2,False,47,5,True
2021-04-22 15:00:00,2021-04-22,15,4,123,151,161,156,148,1086,22.3,29,3.1,0.0,1.0,167.2,False,47,5,True
2021-04-22 16:00:00,2021-04-22,16,4,155,155,152,142,151,1599,20.2,46,3.3,0.0,1.0,167.2,False,47,5,True
2021-04-22 17:00:00,2021-04-22,17,4,107,85,120,134,112,634,20.0,42,1.0,0.0,1.0,167.2,False,47,5,True
2021-04-22 18:00:00,2021-04-22,18,4,130,146,138,148,141,2731,19.1,44,1.6,0.0,1.5,167.2,False,47,5,True
2021-04-22 19:00:00,2021-04-22,19,4,138,139,131,113,130,1545,18.6,42,1.3,0.0,1.5,167.2,False,47,5,True
2021-04-22 20:00:00,2021-04-22,20,4,106,108,127,136,119,132,18.0,46,1.0,0.0,1.5,167.2,False,47,5,True
2021-04-22 21:00:00,2021-04-22,21,4,122,124,117,113,119,60,17.0,49,1.1,0.0,1.5,167.2,False,47,5,True
2021-04-22 22:00:00,2021-04-22,22,4,85,118,113,108,106,72,17.8,43,3.1,0.0,1.5,167.2,False,47,5,True
2021-04-22 23:00:00,2021-04-22,23,4,117,113,94,77,100,10,17.3,48,1.7,0.0,1.5,167.2,False,47,5,True
2021-04-23 00:00:00,2021-04-23,0,5,62,58,56,57,58,0,16.4,51,1.5,0.0,1.5,167.2,False,47,5,True
2021-04-23 01:00:00,2021-04-23,1,5,82,106,104,104,99,504,16.5,49,2.5,0.0,1.5,167.2,False,47,5,True
2021-04-23 02:00:00,2021-04-23,2,5,98,107,104,95,101,41,16.3,50,2.8,0.0,1.5,167.2,False,47,5,True
2021-04-23 03:00:00,2021-04-23,3,5,81,104,103,103,98,0,16.3,47,2.2,0.0,1.5,167.2,False,47,5,True
2021-04-23 04:00:00,2021-04-23,4,5,91,106,111,107,104,58,16.3,46,2.2,0.0,1.5,167.2,False,47,5,True
2021-04-23 05:00:00,2021-04-23,5,5,80,69,97,110,89,0,15.7,53,3.4,0.0,1.5,167.2,False,47,5,True
2021-04-23 06:00:00,2021-04-23,6,5,112,108,102,103,106,48,15.0,61,2.6,0.0,1.5,167.2,False,47,5,True
2021-04-23 07:00:00,2021-04-23,7,5,104,108,137,140,122,941,14.7,64,1.8,0.0,1.5,167.2,False,47,5,True
2021-04-23 08:00:00,2021-04-23,8,5,162,174,164,153,163,572,14.6,69,3.5,0.0,1.5,167.2,False,47,5,True
2021-04-23 09:00:00,2021-04-23,9,5,163,143,152,152,153,1287,15.4,64,3.7,0.0,1.0,167.2,False,47,5,True
2021-04-23 10:00:00,2021-04-23,10,5,125,173,172,172,161,172,17.0,53,3.2,0.0,1.0,167.2,False,47,5,True
2021-04-23 11:00:00,2021-04-23,11,5,165,161,155,143,156,1538,18.1,50,2.0,0.0,1.0,167.2,False,47,5,True
2021-04-23 12:00:00,2021-04-23,12,5,102,77,77,110,92,262,17.7,53,3.2,0.0,1.0,167.2,False,47,5,True
2021-04-23 13:00:00,2021-04-23,13,5,145,146,154,158,151,743,17.6,59,3.6,0.0,1.0,167.2,False,47,5,True
2021-04-23 14:00:00,2021-04-23,14,5,156,167,163,158,161,464,17.6,62,3.4,0.0,1.0,167.2,False,47,5,True
2021-04-23 15:00:00,2021-04-23,15,5,123,151,161,156,148,2170,17.1,58,4.0,0.0,1.0,167.2,False,47,5,True
2021-04-23 16:00:00,2021-04-23,16,5,155,155,152,142,151,1743,16.6,56,2.9,0.0,1.0,167.2,False,47,5,True
2021-04-23 17:00:00,2021-04-23,17,5,107,85,120,134,112,2106,15.4,63,3.5,0.0,1.0,167.2,False,47,5,True
2021-04-23 18:00:00,2021-04-23,18,5,130,146,138,148,141,104,14.7,69,3.8,0.0,1.5,167.2,False,47,5,True
2021-04-23 19:00:00,2021-04-23,19,5,138,139,131,113,130,762,14.5,61,3.3,0.0,1.5,167.2,False,47,5,True
2021-04-23 20:00:00,2021-04-23,20,5,106,108,127,136,119,100,14.2,60,3.6,0.0,1.5,167.2,False,47,5,True
2021-04-23 21:00:00,2021-04-23,21,5,122,124,117,113,119,103,14.0,70,3.1,0.0,1.5,167.2,False,47,5,True
2021-04-23 22:00:00,2021-04-23,22,5,85,118,113,108,106,35,13.9,73,3.1,0.0,1.5,167.2,False,47,5,True
2021-04-23 23:00:00,2021-04-23,23,5,117,113,94,77,100,100,13.7,71,3.1,0.0,1.5,167.2,False,47,5,True
2021-04-24 00:00:00,2021-04-24,0,6,57,56,60,61,59,0,13.0,74,1.7,0.0,1.5,167.2,False,48,2,False
2021-04-24 01:00:00,2021-04-24,1,6,91,104,105,103,101,291,13.2,79,1.7,0.0,1.5,167.2,False,48,2,False
2021-04-24 02:00:00,2021-04-24,2,6,100,99,88,95,96,410,13.3,79,2.2,0.0,1.5,167.2,False,48,2,False
2021-04-24 03:00:00,2021-04-24,3,6,83,104,104,103,99,125,13.3,79,2.2,0.0,1.5,167.2,False,48,2,False
2021-04-24 04:00:00,2021-04-24,4,6,100,105,104,96,101,300,12.7,82,1.8,0.0,1.5,167.2,False,48,2,False
2021-04-24 05:00:00,2021-04-24,5,6,72,62,95,107,84,20,13.0,82,2.3,0.0,1.5,167.2,False,48,2,False
2021-04-24 06:00:00,2021-04-24,6,6,112,105,98,93,102,675,12.6,85,1.7,0.0,1.5,167.2,False,48,2,False
2021-04-24 07:00:00,2021-04-24,7,6,82,72,43,28,56,1083,13.5,82,1.7,0.0,1.5,167.2,False,48,2,False
2021-04-24 08:00:00,2021-04-24,8,6,21,20,20,20,20,0,14.2,78,2.9,0.0,1.5,167.2,False,48,2,False
2021-04-24 09:00:00,2021-04-24,9,6,20,20,20,21,20,0,15.7,69,2.7,0.0,1.0,167.2,False,48,2,False
2021-04-24 10:00:00,2021-04-24,10,6,21,21,25,24,23,0,17.3,63,3.2,0.0,1.0,167.2,False,48,2,False
2021-04-24 11:00:00,2021-04-24,11,6,21,21,21,21,21,0,17.3,66,3.7,0.0,1.0,167.2,False,48,2,False
2021-04-24 12:00:00,2021-04-24,12,6,20,21,20,20,20,0,18.1,63,4.3,0.0,1.0,167.2,False,48,2,False
2021-04-24 13:00:00,2021-04-24,13,6,20,20,23,25,22,0,17.5,63,5.0,0.0,1.0,167.2,False,48,2,False
2021-04-24 14:00:00,2021-04-24,14,6,22,20,20,21,21,0,17.8,63,4.5,0.0,1.0,167.2,False,48,2,False
2021-04-24 15:00:00,2021-04-24,15,6,20,20,20,20,20,0,17.3,65,4.4,0.0,1.0,167.2,False,48,2,False
2021-04-24 16:00:00,2021-04-24,16,6,20,20,21,23,21,0,17.2,71,4.1,0.0,1.0,167.2,False,48,2,False
2021-04-24 17:00:00,2021-04-24,17,6,25,21,20,21,22,0,16.5,74,2.9,0.0,1.0,167.2,False,48,2,False
2021-04-24 18:00:00,2021-04-24,18,6,20,20,20,20,20,0,15.7,72,2.2,0.0,1.5,167.2,False,48,2,False
2021-04-24 19:00:00,2021-04-24,19,6,20,20,20,20,20,0,14.7,74,1.3,0.0,1.5,167.2,False,48,2,False
2021-04-24 20:00:00,2021-04-24,20,6,24,24,21,21,23,0,14.1,74,1.1,0.0,1.5,167.2,False,48,2,False
2021-04-24 21:00:00,2021-04-24,21,6,21,21,20,20,21,0,13.1,81,0.7,0.0,1.5,167.2,False,48,2,False
2021-04-24 22:00:00,2021-04-24,22,6,20,20,20,20,20,0,12.8,81,1.0,0.0,1.5,167.2,False,48,2,False
2021-04-24 23:00:00,2021-04-24,23,6,20,21,25,24,23,0,12.1,74,1.1,0.0,1.5,167.2,False,48,2,False
2021-04-25 00:00:00,2021-04-25,0,7,20,20,20,20,20,0,11.7,77,1.9,0.0,1.5,167.2,False,44,4,True
2021-04-25 01:00:00,2021-04-25,1,7,24,25,21,20,23,0,11.4,81,0.9,0.0,1.5,167.2,False,44,4,True
2021-04-25 02:00:00,2021-04-25,2,7,20,20,20,20,20,0,12.2,78,0.9,0.0,1.5,167.2,False,44,4,True
2021-04-25 03:00:00,2021-04-25,3,7,20,20,20,20,20,0,12.4,76,1.9,0.0,1.5,167.2,False,44,4,True
2021-04-25 04:00:00,2021-04-25,4,7,20,20,24,25,22,0,12.4,76,1.6,0.0,1.5,167.2,False,44,4,True
2021-04-25 05:00:00,2021-04-25,5,7,20,20,20,20,20,0,12.5,78,2.0,0.0,1.5,167.2,False,44,4,True
2021-04-25 06:00:00,2021-04-25,6,7,20,20,20,20,20,0,13.9,72,3.3,0.0,1.5,167.2,False,44,4,True
2021-04-25 07:00:00,2021-04-25,7,7,19,19,20,23,20,0,14.3,74,2.8,0.0,1.5,167.2,False,44,4,True
2021-04-25 08:00:00,2021-04-25,8,7,24,19,20,20,21,0,15.0,73,3.4,0.0,1.5,167.2,False,44,4,True
2021-04-25 09:00:00,2021-04-25,9,7,20,20,20,20,20,0,15.2,68,4.0,0.0,1.0,167.2,False,44,4,True
2021-04-25 10:00:00,2021-04-25,10,7,20,20,20,23,21,0,16.0,64,3.4,0.0,1.0,167.2,False,44,4,True
2021-04-25 11:00:00,2021-04-25,11,7,24,20,20,20,21,0,14.9,66,4.2,0.0,1.0,167.2,False,44,4,True
2021-04-25 12:00:00,2021-04-25,12,7,20,20,20,20,20,0,15.3,59,3.8,0.0,1.0,167.2,False,44,4,True
2021-04-25 13:00:00,2021-04-25,13,7,20,20,20,20,20,0,16.1,50,4.0,0.0,1.0,167.2,False,44,4,True
2021-04-25 14:00:00,2021-04-25,14,7,25,24,20,20,22,0,15.7,58,3.5,0.0,1.0,167.2,False,44,4,True
2021-04-25 15:00:00,2021-04-25,15,7,20,20,20,20,20,0,15.3,58,4.2,0.0,1.0,167.2,False,44,4,True
2021-04-25 16:00:00,2021-04-25,16,7,20,20,20,20,20,0,15.1,58,3.7,0.0,1.0,167.2,False,44,4,True
2021-04-25 17:00:00,2021-04-25,17,7,21,25,25,20,23,0,13.8,55,3.8,0.0,1.0,167.2,False,44,4,True
2021-04-25 18:00:00,2021-04-25,18,7,20,19,19,19,19,0,13.2,63,3.0,0.0,1.5,167.2,False,44,4,True
2021-04-25 19:00:00,2021-04-25,19,7,19,19,20,20,20,0,12.2,67,3.2,0.0,1.5,167.2,False,44,4,True
2021-04-25 20:00:00,2021-04-25,20,7,19,19,20,25,21,0,11.8,71,3.7,0.0,1.5,167.2,False,44,4,True
2021-04-25 21:00:00,2021-04-25,21,7,24,20,21,20,21,0,11.5,72,2.8,0.0,1.5,167.2,False,44,4,True
2021-04-25 22:00:00,2021-04-25,22,7,20,20,20,20,20,0,11.2,72,2.5,0.0,1.5,167.2,False,44,4,True
2021-04-25 23:00:00,2021-04-25,23,7,20,20,20,22,21,0,10.8,73,2.1,0.0,1.5,167.2,False,44,4,True
2021-04-26 00:00:00,2021-04-26,0,1,68,61,59,58,62,0,10.4,72,1.7,0.0,1.5,167.2,False,49,3,False
2021-04-26 01:00:00,2021-04-26,1,1,86,92,102,101,95,0,9.8,71,1.5,0.0,1.5,167.2,False,49,3,False
2021-04-26 02:00:00,2021-04-26,2,1,105,100,90,107,101,0,8.7,74,1.4,0.0,1.5,167.2,False,49,3,False
2021-04-26 03:00:00,2021-04-26,3,1,87,102,93,94,94,0,8.8,73,1.2,0.0,1.5,167.2,False,49,3,False
2021-04-26 04:00:00,2021-04-26,4,1,95,94,102,105,99,0,6.6,83,0.3,0.0,1.5,167.2,False,49,3,False
2021-04-26 05:00:00,2021-04-26,5,1,79,69,94,101,86,0,6.8,82,1.3,0.0,1.5,167.2,False,49,3,False
2021-04-26 06:00:00,2021-04-26,6,1,105,104,89,84,96,0,7.0,85,1.1,0.0,1.5,167.2,False,49,3,False
2021-04-26 07:00:00,2021-04-26,7,1,100,115,140,149,126,63,9.5,79,1.0,0.0,1.5,167.2,False,49,3,False
2021-04-26 08:00:00,2021-04-26,8,1,145,176,121,166,152,574,13.3,65,1.0,0.0,1.5,167.2,False,49,3,False
2021-04-26 09:00:00,2021-04-26,9,1,167,156,166,165,164,1038,14.4,52,2.4,0.0,1.0,167.2,False,49,3,False
2021-04-26 10:00:00,2021-04-26,10,1,116,155,156,165,148,363,15.2,47,3.8,0.0,1.0,167.2,False,49,3,False
2021-04-26 11:00:00,2021-04-26,11,1,165,162,163,168,165,944,15.4,42,3.2,0.0,1.0,167.2,False,49,3,False
2021-04-26 12:00:00,2021-04-26,12,1,99,74,75,111,90,3015,15.6,41,3.4,0.0,1.0,167.2,False,49,3,False
2021-04-26 13:00:00,2021-04-26,13,1,164,164,165,161,164,2265,16.0,39,3.1,0.0,1.0,167.2,False,49,3,False
2021-04-26 14:00:00,2021-04-26,14,1,143,144,163,158,152,812,15.8,38,2.5,0.0,1.0,167.2,False,49,3,False
2021-04-26 15:00:00,2021-04-26,15,1,131,152,148,144,144,363,15.7,39,2.9,0.0,1.0,167.2,False,49,3,False
2021-04-26 16:00:00,2021-04-26,16,1,144,138,149,144,144,2244,15.9,44,2.8,0.0,1.0,167.2,False,49,3,False
2021-04-26 17:00:00,2021-04-26,17,1,104,85,124,142,114,343,15.1,47,2.6,0.0,1.0,167.2,False,49,3,False
2021-04-26 18:00:00,2021-04-26,18,1,140,137,116,103,124,291,13.9,51,2.4,0.0,1.5,167.2,False,49,3,False
2021-04-26 19:00:00,2021-04-26,19,1,101,91,95,109,99,1532,12.6,58,1.7,0.0,1.5,167.2,False,49,3,False
2021-04-26 20:00:00,2021-04-26,20,1,107,116,123,127,118,18,11.6,63,0.9,0.0,1.5,167.2,False,49,3,False
2021-04-26 21:00:00,2021-04-26,21,1,117,114,106,115,113,15,10.4,70,0.6,0.0,1.5,167.2,False,49,3,False
2021-04-26 22:00:00,2021-04-26,22,1,98,109,102,97,102,524,9.7,75,1.8,0.0,1.5,167.2,False,49,3,False
2021-04-26 23:00:00,2021-04-26,23,1,99,107,107,76,97,23,9.1,77,0.2,0.0,1.5,167.2,False,49,3,False
2021-04-27 00:00:00,2021-04-27,0,2,68,61,59,58,62,587,9.1,79,0.8,0.0,1.5,167.2,False,49,3,True
2021-04-27 01:00:00,2021-04-27,1,2,86,92,102,101,95,0,8.7,80,0.6,0.0,1.5,167.2,False,49,3,True
2021-04-27 02:00:00,2021-04-27,2,2,105,100,90,107,101,338,8.6,79,0.8,0.0,1.5,167.2,False,49,3,True
2021-04-27 03:00:00,2021-04-27,3,2,87,102,93,94,94,102,8.9,84,1.1,0.0,1.5,167.2,False,49,3,True
2021-04-27 04:00:00,2021-04-27,4,2,95,94,102,105,99,375,8.4,86,0.5,0.0,1.5,167.2,False,49,3,True
2021-04-27 05:00:00,2021-04-27,5,2,79,69,94,101,86,136,7.9,89,0.0,0.0,1.5,167.2,False,49,3,True
2021-04-27 06:00:00,2021-04-27,6,2,105,104,89,84,96,109,8.6,86,2.0,0.0,1.5,167.2,False,49,3,True
2021-04-27 07:00:00,2021-04-27,7,2,100,115,140,149,126,2004,9.5,85,0.6,0.0,1.5,167.2,False,49,3,True
2021-04-27 08:00:00,2021-04-27,8,2,145,176,121,166,152,999,11.9,79,1.0,0.0,1.5,167.2,False,49,3,True
2021-04-27 09:00:00,2021-04-27,9,2,167,156,166,165,164,685,15.3,64,1.5,0.0,1.0,167.2,False,49,3,True
2021-04-27 10:00:00,2021-04-27,10,2,116,155,156,165,148,1554,16.4,58,1.7,0.0,1.0,167.2,False,49,3,True
2021-04-27 11:00:00,2021-04-27,11,2,165,162,163,168,165,1472,18.9,50,1.7,0.0,1.0,167.2,False,49,3,True
2021-04-27 12:00:00,2021-04-27,12,2,99,74,75,111,90,130,18.4,51,2.4,0.0,1.0,167.2,False,49,3,True
2021-04-27 13:00:00,2021-04-27,13,2,164,164,165,161,164,1488,18.3,59,2.1,0.0,1.0,167.2,False,49,3,True
2021-04-27 14:00:00,2021-04-27,14,2,143,144,163,158,152,6290,18.6,59,2.5,0.0,1.0,167.2,False,49,3,True
2021-04-27 15:00:00,2021-04-27,15,2,131,152,148,144,144,888,17.9,63,2.7,0.0,1.0,167.2,False,49,3,True
2021-04-27 16:00:00,2021-04-27,16,2,144,138,149,144,144,1178,18.1,54,3.5,0.0,1.0,167.2,False,49,3,True
2021-04-27 17:00:00,2021-04-27,17,2,104,85,124,142,114,976,18.2,51,3.7,0.0,1.0,167.2,False,49,3,True
2021-04-27 18:00:00,2021-04-27,18,2,140,137,116,103,124,2034,17.9,46,4.5,0.0,1.5,167.2,False,49,3,True
2021-04-27 19:00:00,2021-04-27,19,2,101,91,95,109,99,4625,17.5,56,2.6,0.0,1.5,167.2,False,49,3,True
2021-04-27 20:00:00,2021-04-27,20,2,107,116,123,127,118,13,16.6,69,2.2,0.0,1.5,167.2,False,49,3,True
2021-04-27 21:00:00,2021-04-27,21,2,117,114,106,115,113,53,16.3,73,3.3,0.0,1.5,167.2,False,49,3,True
2021-04-27 22:00:00,2021-04-27,22,2,98,109,102,97,102,96,16.1,75,2.7,0.0,1.5,167.2,False,49,3,True
2021-04-27 23:00:00,2021-04-27,23,2,99,107,107,76,97,10,15.7,74,2.4,0.0,1.5,167.2,False,49,3,True
2021-04-28 00:00:00,2021-04-28,0,3,63,61,59,59,61,587,16.0,73,2.6,0.0,1.5,167.2,False,50,3,False
2021-04-28 01:00:00,2021-04-28,1,3,85,98,107,109,100,68,15.4,72,1.5,0.0,1.5,167.2,False,50,3,False
2021-04-28 02:00:00,2021-04-28,2,3,103,101,103,100,102,82,15.6,76,1.7,0.0,1.5,167.2,False,50,3,False
2021-04-28 03:00:00,2021-04-28,3,3,83,97,101,113,99,410,15.8,71,2.2,0.0,1.5,167.2,False,50,3,False
2021-04-28 04:00:00,2021-04-28,4,3,109,103,101,105,105,306,15.3,74,1.4,0.0,1.5,167.2,False,50,3,False
2021-04-28 05:00:00,2021-04-28,5,3,81,71,100,114,92,0,15.9,63,2.7,0.0,1.5,167.2,False,50,3,False
2021-04-28 06:00:00,2021-04-28,6,3,107,107,114,107,109,60,14.7,69,2.4,0.0,1.5,167.2,False,50,3,False
2021-04-28 07:00:00,2021-04-28,7,3,98,100,134,128,115,2047,16.3,63,2.1,0.0,1.5,167.2,False,50,3,False
2021-04-28 08:00:00,2021-04-28,8,3,151,175,166,164,164,247,17.3,66,1.7,0.0,1.5,167.2,False,50,3,False
2021-04-28 09:00:00,2021-04-28,9,3,157,153,160,168,160,1636,18.7,55,1.6,0.0,1.0,167.2,False,50,3,False
2021-04-28 10:00:00,2021-04-28,10,3,122,156,166,159,151,461,20.6,47,1.3,0.0,1.0,167.2,False,50,3,False
2021-04-28 11:00:00,2021-04-28,11,3,160,172,169,168,167,1180,21.3,30,2.2,0.0,1.0,167.2,False,50,3,False
2021-04-28 12:00:00,2021-04-28,12,3,107,83,83,118,98,70,23.1,26,2.0,0.0,1.0,167.2,False,50,3,False
2021-04-28 13:00:00,2021-04-28,13,3,157,168,167,157,162,2313,22.5,46,2.7,0.0,1.0,167.2,False,50,3,False
2021-04-28 14:00:00,2021-04-28,14,3,151,150,150,152,151,3149,22.5,46,3.0,0.0,1.0,167.2,False,50,3,False
2021-04-28 15:00:00,2021-04-28,15,3,119,148,152,141,140,940,21.9,46,2.6,0.0,1.0,167.2,False,50,3,False
2021-04-28 16:00:00,2021-04-28,16,3,131,133,137,145,137,3127,22.6,45,2.5,0.0,1.0,167.2,False,50,3,False
2021-04-28 17:00:00,2021-04-28,17,3,99,96,147,158,125,114,21.1,51,2.1,0.0,1.0,167.2,False,50,3,False
2021-04-28 18:00:00,2021-04-28,18,3,157,155,146,134,148,918,19.5,64,1.0,0.0,1.5,167.2,False,50,3,False
2021-04-28 19:00:00,2021-04-28,19,3,122,123,114,108,117,433,17.9,71,0.9,0.0,1.5,167.2,False,50,3,False
2021-04-28 20:00:00,2021-04-28,20,3,96,105,107,112,105,11,17.0,80,0.6,0.0,1.5,167.2,False,50,3,False
2021-04-28 21:00:00,2021-04-28,21,3,108,116,113,108,111,447,17.3,43,0.7,0.0,1.5,167.2,False,50,3,False
2021-04-28 22:00:00,2021-04-28,22,3,89,111,107,104,103,85,17.5,35,1.7,0.0,1.5,167.2,False,50,3,False
2021-04-28 23:00:00,2021-04-28,23,3,100,97,98,83,95,235,16.9,35,1.7,0.0,1.5,167.2,False,50,3,False
2021-04-29 00:00:00,2021-04-29,0,4,63,61,59,59,61,0,17.0,33,1.7,0.0,1.5,167.2,False,50,3,True
2021-04-29 01:00:00,2021-04-29,1,4,85,98,107,109,100,202,15.8,38,1.1,0.0,1.5,167.2,False,50,3,True
2021-04-29 02:00:00,2021-04-29,2,4,103,101,103,100,102,141,15.5,39,1.3,0.0,1.5,167.2,False,50,3,True
2021-04-29 03:00:00,2021-04-29,3,4,83,97,101,113,99,274,14.0,46,0.4,0.0,1.5,167.2,False,50,3,True
2021-04-29 04:00:00,2021-04-29,4,4,109,103,101,105,105,36,14.3,44,0.4,0.0,1.5,167.2,False,50,3,True
2021-04-29 05:00:00,2021-04-29,5,4,81,71,100,114,92,59,13.8,49,0.4,0.0,1.5,167.2,False,50,3,True
2021-04-29 06:00:00,2021-04-29,6,4,107,107,114,107,109,324,13.7,49,1.0,0.0,1.5,167.2,False,50,3,True
2021-04-29 07:00:00,2021-04-29,7,4,98,100,134,128,115,2098,14.7,46,2.2,0.0,1.5,167.2,False,50,3,True
2021-04-29 08:00:00,2021-04-29,8,4,151,175,166,164,164,862,15.0,49,1.9,0.0,1.5,167.2,False,50,3,True
2021-04-29 09:00:00,2021-04-29,9,4,157,153,160,168,160,853,15.9,47,3.0,0.0,1.0,167.2,False,50,3,True
2021-04-29 10:00:00,2021-04-29,10,4,122,156,166,159,151,2052,16.1,52,2.7,0.0,1.0,167.2,False,50,3,True
2021-04-29 11:00:00,2021-04-29,11,4,160,172,169,168,167,1646,19.6,43,1.9,0.0,1.0,167.2,False,50,3,True
2021-04-29 12:00:00,2021-04-29,12,4,107,83,83,118,98,20,18.5,40,2.7,0.0,1.0,167.2,False,50,3,True
2021-04-29 13:00:00,2021-04-29,13,4,157,168,167,157,162,692,19.4,43,3.4,0.0,1.0,167.2,False,50,3,True
2021-04-29 14:00:00,2021-04-29,14,4,151,150,150,152,151,904,19.1,44,3.4,0.0,1.0,167.2,False,50,3,True
2021-04-29 15:00:00,2021-04-29,15,4,119,148,152,141,140,2121,19.1,51,2.5,0.0,1.0,167.2,False,50,3,True
2021-04-29 16:00:00,2021-04-29,16,4,131,133,137,145,137,4046,18.2,58,2.7,0.0,1.0,167.2,False,50,3,True
2021-04-29 17:00:00,2021-04-29,17,4,99,96,147,158,125,598,17.6,64,2.1,0.0,1.0,167.2,False,50,3,True
2021-04-29 18:00:00,2021-04-29,18,4,157,155,146,134,148,1467,17.7,65,3.1,0.0,1.5,167.2,False,50,3,True
2021-04-29 19:00:00,2021-04-29,19,4,122,123,114,108,117,1831,17.1,66,2.0,0.0,1.5,167.2,False,50,3,True
2021-04-29 20:00:00,2021-04-29,20,4,96,105,107,112,105,147,16.3,64,1.2,0.0,1.5,167.2,False,50,3,True
2021-04-29 21:00:00,2021-04-29,21,4,108,116,113,108,111,86,14.3,73,2.2,0.0,1.5,167.2,False,50,3,True
2021-04-29 22:00:00,2021-04-29,22,4,89,111,107,104,103,110,14.7,70,1.5,0.0,1.5,167.2,False,50,3,True
2021-04-29 23:00:00,2021-04-29,23,4,100,97,98,83,95,32,13.4,82,2.8,0.0,1.5,167.2,False,50,3,True
2021-04-30 00:00:00,2021-04-30,0,5,62,58,56,57,58,2,12.7,87,0.8,0.0,1.5,167.2,False,47,5,True
2021-04-30 01:00:00,2021-04-30,1,5,82,106,104,104,99,13,12.8,91,0.8,0.0,1.5,167.2,False,47,5,True
2021-04-30 02:00:00,2021-04-30,2,5,98,107,104,95,101,83,12.8,93,1.6,0.0,1.5,167.2,False,47,5,True
2021-04-30 03:00:00,2021-04-30,3,5,81,104,103,103,98,19,15.8,56,4.9,0.0,1.5,167.2,False,47,5,True
2021-04-30 04:00:00,2021-04-30,4,5,91,106,111,107,104,1503,15.7,55,5.6,0.1,1.5,167.2,False,47,5,True
2021-04-30 05:00:00,2021-04-30,5,5,80,69,97,110,89,0,15.1,62,4.3,0.1,1.5,167.2,False,47,5,True
2021-04-30 06:00:00,2021-04-30,6,5,112,108,102,103,106,109,15.2,61,4.1,0.1,1.5,167.2,False,47,5,True
2021-04-30 07:00:00,2021-04-30,7,5,104,108,137,140,122,1099,15.6,60,4.8,0.1,1.5,167.2,False,47,5,True
2021-04-30 08:00:00,2021-04-30,8,5,162,174,164,153,163,1201,16.7,53,3.4,0.1,1.5,167.2,False,47,5,True
2021-04-30 09:00:00,2021-04-30,9,5,163,143,152,152,153,709,17.7,43,4.3,0.1,1.0,167.2,False,47,5,True
2021-04-30 10:00:00,2021-04-30,10,5,125,173,172,172,161,566,18.9,38,3.4,0.1,1.0,167.2,False,47,5,True
2021-04-30 11:00:00,2021-04-30,11,5,165,161,155,143,156,867,19.4,36,4.6,0.1,1.0,167.2,False,47,5,True
2021-04-30 12:00:00,2021-04-30,12,5,102,77,77,110,92,18,19.9,32,4.6,0.1,1.0,167.2,False,47,5,True
2021-04-30 13:00:00,2021-04-30,13,5,145,146,154,158,151,1732,21.2,29,4.1,0.1,1.0,167.2,False,47,5,True
2021-04-30 14:00:00,2021-04-30,14,5,156,167,163,158,161,1416,21.6,26,3.2,0.1,1.0,167.2,False,47,5,True
2021-04-30 15:00:00,2021-04-30,15,5,123,151,161,156,148,1130,21.6,20,3.4,0.1,1.0,167.2,False,47,5,True
2021-04-30 16:00:00,2021-04-30,16,5,155,155,152,142,151,2103,21.9,19,2.4,0.1,1.0,167.2,False,47,5,True
2021-04-30 17:00:00,2021-04-30,17,5,107,85,120,134,112,185,17.7,55,2.0,0.1,1.0,167.2,False,47,5,True
2021-04-30 18:00:00,2021-04-30,18,5,130,146,138,148,141,1237,16.4,63,3.3,0.1,1.5,167.2,False,47,5,True
2021-04-30 19:00:00,2021-04-30,19,5,138,139,131,113,130,730,15.0,67,2.1,0.1,1.5,167.2,False,47,5,True
2021-04-30 20:00:00,2021-04-30,20,5,106,108,127,136,119,4,14.6,72,2.5,0.1,1.5,167.2,False,47,5,True
2021-04-30 21:00:00,2021-04-30,21,5,122,124,117,113,119,342,14.1,74,1.8,0.1,1.5,167.2,False,47,5,True
2021-04-30 22:00:00,2021-04-30,22,5,85,118,113,108,106,179,14.1,76,0.8,0.1,1.5,167.2,False,47,5,True
2021-04-30 23:00:00,2021-04-30,23,5,117,113,94,77,100,370,13.5,79,1.3,0.1,1.5,167.2,False,47,5,True
2021-05-01 00:00:00,2021-05-01,0,6,76,68,72,65,70,75,13.8,79,1.4,0.0,1.5,167.2,False,38,2,True
2021-05-01 01:00:00,2021-05-01,1,6,95,103,115,116,107,44,14.4,77,1.1,0.0,1.5,167.2,False,38,2,True
2021-05-01 02:00:00,2021-05-01,2,6,118,112,107,97,109,380,12.8,97,0.9,2.0,1.5,167.2,False,38,2,True
2021-05-01 03:00:00,2021-05-01,3,6,89,105,100,104,100,90,11.4,97,3.0,3.1,1.5,167.2,False,38,2,True
2021-05-01 04:00:00,2021-05-01,4,6,101,107,100,99,102,122,10.3,98,1.3,5.4,1.5,167.2,False,38,2,True
2021-05-01 05:00:00,2021-05-01,5,6,82,79,91,92,86,53,9.9,98,0.7,7.0,1.5,167.2,False,38,2,True
2021-05-01 06:00:00,2021-05-01,6,6,103,102,103,97,101,196,9.8,98,1.4,8.0,1.5,167.2,False,38,2,True
2021-05-01 07:00:00,2021-05-01,7,6,97,92,68,30,72,1832,10.1,98,0.9,8.5,1.5,167.2,False,38,2,True
2021-05-01 08:00:00,2021-05-01,8,6,21,25,25,21,23,0,10.6,98,2.5,8.5,1.5,167.2,False,38,2,True
2021-05-01 09:00:00,2021-05-01,9,6,21,21,20,20,21,0,11.3,98,2.4,8.5,1.0,167.2,False,38,2,True
2021-05-01 10:00:00,2021-05-01,10,6,21,21,20,21,21,0,12.7,81,3.0,8.5,1.0,167.2,False,38,2,True
2021-05-01 11:00:00,2021-05-01,11,6,21,21,24,26,23,0,13.8,70,3.1,8.5,1.0,167.2,False,38,2,True
2021-05-01 12:00:00,2021-05-01,12,6,24,21,21,21,22,0,15.2,63,2.7,8.5,1.0,167.2,False,38,2,True
2021-05-01 13:00:00,2021-05-01,13,6,21,21,21,21,21,0,14.4,63,2.6,8.5,1.0,167.2,False,38,2,True
2021-05-01 14:00:00,2021-05-01,14,6,20,21,21,21,21,0,13.7,64,3.9,8.5,1.0,167.2,False,38,2,True
2021-05-01 15:00:00,2021-05-01,15,6,25,26,21,21,23,0,14.7,56,2.9,8.5,1.0,167.2,False,38,2,True
2021-05-01 16:00:00,2021-05-01,16,6,21,21,21,21,21,0,10.7,83,3.3,8.5,1.0,167.2,False,38,2,True
2021-05-01 17:00:00,2021-05-01,17,6,21,21,21,21,21,0,13.2,71,2.0,8.7,1.0,167.2,False,38,2,True
2021-05-01 18:00:00,2021-05-01,18,6,21,25,25,21,23,0,13.0,60,2.5,8.7,1.5,167.2,False,38,2,True
2021-05-01 19:00:00,2021-05-01,19,6,20,20,21,21,21,0,12.3,65,1.6,8.7,1.5,167.2,False,38,2,True
2021-05-01 20:00:00,2021-05-01,20,6,20,20,21,21,21,0,11.5,62,1.4,8.7,1.5,167.2,False,38,2,True
2021-05-01 21:00:00,2021-05-01,21,6,22,23,26,25,24,0,11.6,61,1.5,8.7,1.5,167.2,False,38,2,True
2021-05-01 22:00:00,2021-05-01,22,6,21,21,22,21,21,0,11.6,55,2.5,8.7,1.5,167.2,False,38,2,True
2021-05-01 23:00:00,2021-05-01,23,6,21,21,21,21,21,0,10.9,56,1.6,8.7,1.5,167.2,False,38,2,True
2021-05-02 00:00:00,2021-05-02,0,7,21,21,21,22,21,0,10.8,56,2.4,8.7,1.5,167.2,False,39,2,True
2021-05-02 01:00:00,2021-05-02,1,7,25,24,21,20,23,0,10.5,58,2.3,0.0,1.5,167.2,False,39,2,True
2021-05-02 02:00:00,2021-05-02,2,7,21,21,21,21,21,0,10.6,58,1.5,0.0,1.5,167.2,False,39,2,True
2021-05-02 03:00:00,2021-05-02,3,7,21,21,21,21,21,0,10.8,58,3.2,0.0,1.5,167.2,False,39,2,True
2021-05-02 04:00:00,2021-05-02,4,7,23,26,24,21,24,0,10.7,62,2.6,0.0,1.5,167.2,False,39,2,True
2021-05-02 05:00:00,2021-05-02,5,7,21,21,21,21,21,0,9.4,75,2.8,0.0,1.5,167.2,False,39,2,True
2021-05-02 06:00:00,2021-05-02,6,7,21,21,21,21,21,0,8.3,89,1.4,0.2,1.5,167.2,False,39,2,True
2021-05-02 07:00:00,2021-05-02,7,7,21,25,25,23,24,0,8.9,85,2.7,0.2,1.5,167.2,False,39,2,True
2021-05-02 08:00:00,2021-05-02,8,7,21,20,21,21,21,0,9.9,81,2.8,0.2,1.5,167.2,False,39,2,True
2021-05-02 09:00:00,2021-05-02,9,7,21,20,21,20,21,0,10.8,76,3.3,0.2,1.0,167.2,False,39,2,True
2021-05-02 10:00:00,2021-05-02,10,7,21,20,22,26,22,0,12.1,68,3.8,0.2,1.0,167.2,False,39,2,True
2021-05-02 11:00:00,2021-05-02,11,7,24,21,21,21,22,0,14.9,56,3.2,0.2,1.0,167.2,False,39,2,True
2021-05-02 12:00:00,2021-05-02,12,7,21,21,21,21,21,0,16.0,49,3.7,0.2,1.0,167.2,False,39,2,True
2021-05-02 13:00:00,2021-05-02,13,7,21,20,20,24,21,0,16.3,47,2.3,0.2,1.0,167.2,False,39,2,True
2021-05-02 14:00:00,2021-05-02,14,7,26,23,21,21,23,0,16.7,41,2.6,0.2,1.0,167.2,False,39,2,True
2021-05-02 15:00:00,2021-05-02,15,7,20,20,21,21,21,0,16.8,50,2.7,0.2,1.0,167.2,False,39,2,True
2021-05-02 16:00:00,2021-05-02,16,7,20,20,20,20,20,0,16.5,47,1.4,0.2,1.0,167.2,False,39,2,True
2021-05-02 17:00:00,2021-05-02,17,7,22,25,25,21,23,0,16.4,51,2.0,0.2,1.0,167.2,False,39,2,True
2021-05-02 18:00:00,2021-05-02,18,7,20,21,20,20,20,0,15.2,49,2.3,0.2,1.5,167.2,False,39,2,True
2021-05-02 19:00:00,2021-05-02,19,7,20,20,20,21,20,0,14.0,60,1.2,0.2,1.5,167.2,False,39,2,True
2021-05-02 20:00:00,2021-05-02,20,7,20,21,25,26,23,0,12.8,69,1.0,0.2,1.5,167.2,False,39,2,True
2021-05-02 21:00:00,2021-05-02,21,7,22,21,22,21,22,0,11.1,77,0.8,0.2,1.5,167.2,False,39,2,True
2021-05-02 22:00:00,2021-05-02,22,7,21,21,21,21,21,0,10.5,82,0.5,0.2,1.5,167.2,False,39,2,True
2021-05-02 23:00:00,2021-05-02,23,7,21,21,21,25,22,0,11.3,84,0.7,0.2,1.5,167.2,False,39,2,True
2021-05-03 00:00:00,2021-05-03,0,1,26,23,21,21,23,0,10.8,82,2.1,0.2,1.5,167.2,False,36,3,True
2021-05-03 01:00:00,2021-05-03,1,1,21,21,21,21,21,0,9.5,88,1.1,0.0,1.5,167.2,False,36,3,True
2021-05-03 02:00:00,2021-05-03,2,1,21,21,21,21,21,0,8.7,87,0.9,0.0,1.5,167.2,False,36,3,True
2021-05-03 03:00:00,2021-05-03,3,1,24,26,22,21,23,0,8.7,94,0.7,0.0,1.5,167.2,False,36,3,True
2021-05-03 04:00:00,2021-05-03,4,1,21,21,21,21,21,0,8.3,93,0.6,0.0,1.5,167.2,False,36,3,True
2021-05-03 05:00:00,2021-05-03,5,1,21,21,21,21,21,0,8.0,90,1.8,0.0,1.5,167.2,False,36,3,True
2021-05-03 06:00:00,2021-05-03,6,1,23,25,24,21,23,0,7.6,94,0.9,0.0,1.5,167.2,False,36,3,True
2021-05-03 07:00:00,2021-05-03,7,1,22,40,76,97,59,0,9.6,86,2.0,0.0,1.5,167.2,False,36,3,True
2021-05-03 08:00:00,2021-05-03,8,1,153,184,183,179,175,784,13.3,72,0.7,0.0,1.5,167.2,False,36,3,True
2021-05-03 09:00:00,2021-05-03,9,1,181,178,164,157,170,1137,15.0,63,1.1,0.0,1.0,167.2,False,36,3,True
2021-05-03 10:00:00,2021-05-03,10,1,125,141,164,164,149,65,18.5,44,1.7,0.0,1.0,167.2,False,36,3,True
2021-05-03 11:00:00,2021-05-03,11,1,173,170,173,179,174,1572,19.8,34,2.9,0.0,1.0,167.2,False,36,3,True
2021-05-03 12:00:00,2021-05-03,12,1,105,93,93,134,106,680,20.5,28,3.1,0.0,1.0,167.2,False,36,3,True
2021-05-03 13:00:00,2021-05-03,13,1,177,177,182,179,179,505,21.1,27,3.7,0.0,1.0,167.2,False,36,3,True
2021-05-03 14:00:00,2021-05-03,14,1,170,168,164,167,167,2280,22.6,28,2.9,0.0,1.0,167.2,False,36,3,True
2021-05-03 15:00:00,2021-05-03,15,1,125,165,160,167,154,1826,22.1,29,3.8,0.0,1.0,167.2,False,36,3,True
2021-05-03 16:00:00,2021-05-03,16,1,162,145,146,136,147,1667,22.2,32,3.1,0.0,1.0,167.2,False,36,3,True
2021-05-03 17:00:00,2021-05-03,17,1,98,99,131,146,119,1310,21.3,37,3.1,0.0,1.0,167.2,False,36,3,True
2021-05-03 18:00:00,2021-05-03,18,1,128,130,138,141,134,434,19.8,38,4.3,0.0,1.5,167.2,False,36,3,True
2021-05-03 19:00:00,2021-05-03,19,1,133,130,119,106,122,1700,18.4,45,4.0,0.0,1.5,167.2,False,36,3,True
2021-05-03 20:00:00,2021-05-03,20,1,108,101,117,113,110,148,17.0,51,4.1,0.0,1.5,167.2,False,36,3,True
2021-05-03 21:00:00,2021-05-03,21,1,100,105,102,110,104,25,16.2,55,1.0,0.0,1.5,167.2,False,36,3,True
2021-05-03 22:00:00,2021-05-03,22,1,92,110,106,110,105,337,15.3,61,2.4,0.0,1.5,167.2,False,36,3,True
2021-05-03 23:00:00,2021-05-03,23,1,103,114,104,73,99,136,14.1,71,1.3,0.0,1.5,167.2,False,36,3,True
2021-05-04 00:00:00,2021-05-04,0,2,68,63,65,64,65,414,14.4,70,1.9,0.0,1.5,167.2,False,37,3,True
2021-05-04 01:00:00,2021-05-04,1,2,97,106,117,113,108,20,13.6,74,1.2,0.0,1.5,167.2,False,37,3,True
2021-05-04 02:00:00,2021-05-04,2,2,120,117,116,112,116,59,14.1,70,2.2,0.0,1.5,167.2,False,37,3,True
2021-05-04 03:00:00,2021-05-04,3,2,90,108,104,113,104,344,13.9,69,1.8,0.0,1.5,167.2,False,37,3,True
2021-05-04 04:00:00,2021-05-04,4,2,101,98,108,97,101,22,12.9,69,0.7,0.0,1.5,167.2,False,37,3,True
2021-05-04 05:00:00,2021-05-04,5,2,79,76,90,94,85,318,15.1,66,2.8,0.0,1.5,167.2,False,37,3,True
2021-05-04 06:00:00,2021-05-04,6,2,109,110,112,111,111,28,14.8,75,1.7,0.0,1.5,167.2,False,37,3,True
2021-05-04 07:00:00,2021-05-04,7,2,108,115,142,139,126,1140,16.0,73,2.7,0.0,1.5,167.2,False,37,3,True
2021-05-04 08:00:00,2021-05-04,8,2,162,181,167,175,171,473,17.3,71,2.4,0.0,1.5,167.2,False,37,3,True
2021-05-04 09:00:00,2021-05-04,9,2,169,155,177,172,168,2501,18.7,69,4.5,0.0,1.0,167.2,False,37,3,True
2021-05-04 10:00:00,2021-05-04,10,2,129,170,169,174,161,701,19.5,67,4.9,0.0,1.0,167.2,False,37,3,True
2021-05-04 11:00:00,2021-05-04,11,2,178,169,170,173,173,941,19.3,70,4.9,0.0,1.0,167.2,False,37,3,True
2021-05-04 12:00:00,2021-05-04,12,2,105,89,91,129,104,132,20.1,67,4.3,0.0,1.0,167.2,False,37,3,True
2021-05-04 13:00:00,2021-05-04,13,2,170,166,165,160,165,1749,20.0,70,4.2,0.0,1.0,167.2,False,37,3,True
2021-05-04 14:00:00,2021-05-04,14,2,161,163,161,180,166,658,19.5,74,3.9,0.0,1.0,167.2,False,37,3,True
2021-05-04 15:00:00,2021-05-04,15,2,133,173,177,153,159,1093,19.3,78,3.1,0.0,1.0,167.2,False,37,3,True
2021-05-04 16:00:00,2021-05-04,16,2,161,164,162,157,161,716,18.1,86,3.6,0.1,1.0,167.2,False,37,3,True
2021-05-04 17:00:00,2021-05-04,17,2,110,90,139,153,123,547,17.6,94,3.6,0.5,1.0,167.2,False,37,3,True
2021-05-04 18:00:00,2021-05-04,18,2,150,169,169,162,163,632,17.7,94,3.9,0.9,1.5,167.2,False,37,3,True
2021-05-04 19:00:00,2021-05-04,19,2,159,164,172,138,158,3300,17.4,95,3.3,1.1,1.5,167.2,False,37,3,True
2021-05-04 20:00:00,2021-05-04,20,2,122,125,118,129,124,147,17.7,92,4.6,1.2,1.5,167.2,False,37,3,True
2021-05-04 21:00:00,2021-05-04,21,2,125,134,122,117,125,46,16.9,98,4.2,2.2,1.5,167.2,False,37,3,True
2021-05-04 22:00:00,2021-05-04,22,2,98,100,115,105,105,1,15.9,98,2.9,4.0,1.5,167.2,False,37,3,True
2021-05-04 23:00:00,2021-05-04,23,2,106,103,98,73,95,374,16.0,98,3.0,10.4,1.5,167.2,False,37,3,True
2021-05-05 00:00:00,2021-05-05,0,3,66,64,63,67,65,103,16.4,98,2.2,15.2,1.5,167.2,False,51,1,False
2021-05-05 01:00:00,2021-05-05,1,3,102,103,105,111,105,4,17.1,98,5.2,3.0,1.5,167.2,False,51,1,False
2021-05-05 02:00:00,2021-05-05,2,3,109,114,115,102,110,363,17.8,98,3.1,3.4,1.5,167.2,False,51,1,False
2021-05-05 03:00:00,2021-05-05,3,3,86,110,110,105,103,41,18.0,98,2.7,3.5,1.5,167.2,False,51,1,False
2021-05-05 04:00:00,2021-05-05,4,3,120,114,113,100,112,312,18.1,98,2.6,3.5,1.5,167.2,False,51,1,False
2021-05-05 05:00:00,2021-05-05,5,3,80,79,97,97,88,63,17.6,98,1.4,3.5,1.5,167.2,False,51,1,False
2021-05-05 06:00:00,2021-05-05,6,3,100,109,106,97,103,233,16.3,79,1.7,3.5,1.5,167.2,False,51,1,False
2021-05-05 07:00:00,2021-05-05,7,3,92,86,45,28,63,1071,15.5,68,2.7,3.5,1.5,167.2,False,51,1,False
2021-05-05 08:00:00,2021-05-05,8,3,20,21,21,21,21,0,15.7,64,2.8,3.5,1.5,167.2,False,51,1,False
2021-05-05 09:00:00,2021-05-05,9,3,21,21,21,21,21,0,17.4,55,3.0,3.5,1.0,167.2,False,51,1,False
2021-05-05 10:00:00,2021-05-05,10,3,21,22,25,24,23,0,19.3,35,3.7,3.5,1.0,167.2,False,51,1,False
2021-05-05 11:00:00,2021-05-05,11,3,21,21,21,22,21,0,21.7,27,3.4,3.5,1.0,167.2,False,51,1,False
2021-05-05 12:00:00,2021-05-05,12,3,21,20,20,20,20,0,22.8,22,4.0,3.5,1.0,167.2,False,51,1,False
2021-05-05 13:00:00,2021-05-05,13,3,21,22,26,25,24,0,23.3,22,4.2,3.5,1.0,167.2,False,51,1,False
2021-05-05 14:00:00,2021-05-05,14,3,21,21,21,21,21,0,23.7,17,4.3,3.5,1.0,167.2,False,51,1,False
2021-05-05 15:00:00,2021-05-05,15,3,21,21,21,21,21,0,23.6,20,2.4,3.5,1.0,167.2,False,51,1,False
2021-05-05 16:00:00,2021-05-05,16,3,21,21,22,26,23,0,23.4,16,2.9,3.5,1.0,167.2,False,51,1,False
2021-05-05 17:00:00,2021-05-05,17,3,25,21,21,21,22,0,22.6,18,3.2,3.5,1.0,167.2,False,51,1,False
2021-05-05 18:00:00,2021-05-05,18,3,21,21,21,21,21,0,21.4,20,2.3,3.5,1.5,167.2,False,51,1,False
2021-05-05 19:00:00,2021-05-05,19,3,21,21,21,21,21,0,20.1,27,2.3,3.5,1.5,167.2,False,51,1,False
2021-05-05 20:00:00,2021-05-05,20,3,24,26,22,22,24,0,19.0,29,1.5,3.5,1.5,167.2,False,51,1,False
2021-05-05 21:00:00,2021-05-05,21,3,21,22,21,21,21,0,17.2,35,2.2,3.5,1.5,167.2,False,51,1,False
2021-05-05 22:00:00,2021-05-05,22,3,22,22,22,21,22,0,16.9,32,3.3,3.5,1.5,167.2,False,51,1,False
2021-05-05 23:00:00,2021-05-05,23,3,21,25,26,22,24,0,14.3,41,1.3,3.5,1.5,167.2,False,51,1,False
2021-05-06 00:00:00,2021-05-06,0,4,21,21,21,21,21,0,13.2,41,1.3,3.5,1.5,167.2,False,40,2,True
2021-05-06 01:00:00,2021-05-06,1,4,21,21,21,21,21,0,13.0,35,1.4,0.0,1.5,167.2,False,40,2,True
2021-05-06 02:00:00,2021-05-06,2,4,21,21,23,26,23,0,12.6,40,2.0,0.0,1.5,167.2,False,40,2,True
2021-05-06 03:00:00,2021-05-06,3,4,24,21,21,21,22,0,11.9,42,2.3,0.0,1.5,167.2,False,40,2,True
2021-05-06 04:00:00,2021-05-06,4,4,21,21,21,21,21,0,10.5,45,1.5,0.0,1.5,167.2,False,40,2,True
2021-05-06 05:00:00,2021-05-06,5,4,21,21,21,25,22,0,9.8,47,1.1,0.0,1.5,167.2,False,40,2,True
2021-05-06 06:00:00,2021-05-06,6,4,26,23,21,21,23,0,9.8,49,0.1,0.0,1.5,167.2,False,40,2,True
2021-05-06 07:00:00,2021-05-06,7,4,21,39,67,95,56,0,12.2,54,0.4,0.0,1.5,167.2,False,40,2,True
2021-05-06 08:00:00,2021-05-06,8,4,160,191,190,199,185,424,14.6,31,1.3,0.0,1.5,167.2,False,40,2,True
2021-05-06 09:00:00,2021-05-06,9,4,185,187,186,187,186,1929,17.3,31,1.3,0.0,1.0,167.2,False,40,2,True
2021-05-06 10:00:00,2021-05-06,10,4,144,172,165,177,165,1556,19.2,30,3.0,0.0,1.0,167.2,False,40,2,True
2021-05-06 11:00:00,2021-05-06,11,4,164,173,179,169,171,2460,20.9,30,1.8,0.0,1.0,167.2,False,40,2,True
2021-05-06 12:00:00,2021-05-06,12,4,108,87,86,123,101,4,22.3,34,2.1,0.0,1.0,167.2,False,40,2,True
2021-05-06 13:00:00,2021-05-06,13,4,173,170,163,159,166,2044,21.9,34,2.3,0.0,1.0,167.2,False,40,2,True
2021-05-06 14:00:00,2021-05-06,14,4,154,167,164,156,160,801,21.7,34,2.1,0.0,1.0,167.2,False,40,2,True
2021-05-06 15:00:00,2021-05-06,15,4,126,156,163,173,155,4734,20.0,41,2.1,0.0,1.0,167.2,False,40,2,True
2021-05-06 16:00:00,2021-05-06,16,4,149,160,163,163,159,2564,21.1,37,2.0,0.0,1.0,167.2,False,40,2,True
2021-05-06 17:00:00,2021-05-06,17,4,107,95,142,155,125,601,21.0,34,2.9,0.0,1.0,167.2,False,40,2,True
2021-05-06 18:00:00,2021-05-06,18,4,140,127,123,111,125,1600,20.4,33,3.7,0.0,1.5,167.2,False,40,2,True
2021-05-06 19:00:00,2021-05-06,19,4,124,112,108,117,115,2689,19.7,34,4.0,0.0,1.5,167.2,False,40,2,True
2021-05-06 20:00:00,2021-05-06,20,4,120,123,138,130,128,180,19.2,33,3.1,0.0,1.5,167.2,False,40,2,True
2021-05-06 21:00:00,2021-05-06,21,4,128,122,115,117,121,4,17.0,42,0.2,0.0,1.5,167.2,False,40,2,True
2021-05-06 22:00:00,2021-05-06,22,4,104,120,116,114,114,26,17.1,36,0.5,0.0,1.5,167.2,False,40,2,True
2021-05-06 23:00:00,2021-05-06,23,4,99,118,109,78,101,32,17.3,37,1.3,0.0,1.5,167.2,False,40,2,True
2021-05-07 00:00:00,2021-05-07,0,5,72,69,63,62,67,434,15.9,46,0.0,0.0,1.5,167.2,False,41,2,True
2021-05-07 01:00:00,2021-05-07,1,5,93,100,109,112,104,8,15.4,53,0.3,0.0,1.5,167.2,False,41,2,True
2021-05-07 02:00:00,2021-05-07,2,5,106,100,102,98,102,182,16.7,46,2.3,0.0,1.5,167.2,False,41,2,True
2021-05-07 03:00:00,2021-05-07,3,5,97,108,113,101,105,116,15.9,33,2.0,0.0,1.5,167.2,False,41,2,True
2021-05-07 04:00:00,2021-05-07,4,5,96,96,102,99,98,196,15.2,40,1.5,0.0,1.5,167.2,False,41,2,True
2021-05-07 05:00:00,2021-05-07,5,5,81,72,95,109,89,0,16.0,32,2.1,0.0,1.5,167.2,False,41,2,True
2021-05-07 06:00:00,2021-05-07,6,5,115,111,105,97,107,86,15.6,35,2.1,0.0,1.5,167.2,False,41,2,True
2021-05-07 07:00:00,2021-05-07,7,5,101,110,134,127,118,1465,16.1,44,3.5,0.0,1.5,167.2,False,41,2,True
2021-05-07 08:00:00,2021-05-07,8,5,153,172,180,181,172,321,17.6,52,3.5,0.0,1.5,167.2,False,41,2,True
2021-05-07 09:00:00,2021-05-07,9,5,172,174,163,171,170,755,18.8,57,4.5,0.0,1.0,167.2,False,41,2,True
2021-05-07 10:00:00,2021-05-07,10,5,127,166,166,174,158,1314,21.0,54,3.8,0.0,1.0,167.2,False,41,2,True
2021-05-07 11:00:00,2021-05-07,11,5,167,161,167,159,164,2392,22.9,50,3.5,0.0,1.0,167.2,False,41,2,True
2021-05-07 12:00:00,2021-05-07,12,5,103,94,95,130,106,580,22.9,51,5.4,0.0,1.0,167.2,False,41,2,True
2021-05-07 13:00:00,2021-05-07,13,5,174,164,172,159,167,1477,23.4,52,5.7,0.0,1.0,167.2,False,41,2,True
2021-05-07 14:00:00,2021-05-07,14,5,149,152,158,153,153,1029,22.7,56,4.9,0.0,1.0,167.2,False,41,2,True
2021-05-07 15:00:00,2021-05-07,15,5,107,134,144,146,133,1328,23.2,57,5.4,0.0,1.0,167.2,False,41,2,True
2021-05-07 16:00:00,2021-05-07,16,5,137,153,138,151,145,800,23.2,60,4.4,0.0,1.0,167.2,False,41,2,True
2021-05-07 17:00:00,2021-05-07,17,5,111,104,140,124,120,2023,21.9,65,4.4,0.0,1.0,167.2,False,41,2,True
2021-05-07 18:00:00,2021-05-07,18,5,110,107,105,111,108,68,20.7,74,3.2,0.0,1.5,167.2,False,41,2,True
2021-05-07 19:00:00,2021-05-07,19,5,106,102,97,93,100,772,20.1,77,1.8,0.0,1.5,167.2,False,41,2,True
2021-05-07 20:00:00,2021-05-07,20,5,102,99,110,102,103,8,19.4,78,2.7,0.0,1.5,167.2,False,41,2,True
2021-05-07 21:00:00,2021-05-07,21,5,107,99,102,100,102,106,18.6,41,3.2,0.0,1.5,167.2,False,41,2,True
2021-05-07 22:00:00,2021-05-07,22,5,91,107,101,102,100,18,17.7,35,2.4,0.0,1.5,167.2,False,41,2,True
2021-05-07 23:00:00,2021-05-07,23,5,101,93,86,60,85,163,15.9,42,2.2,0.0,1.5,167.2,False,41,2,True
2021-05-08 00:00:00,2021-05-08,0,6,60,60,63,60,61,118,15.1,41,2.4,0.0,1.5,167.2,False,43,3,True
2021-05-08 01:00:00,2021-05-08,1,6,95,97,108,115,104,56,14.0,44,2.0,0.0,1.5,167.2,False,43,3,True
2021-05-08 02:00:00,2021-05-08,2,6,105,104,94,110,103,57,12.9,46,2.3,0.0,1.5,167.2,False,43,3,True
2021-05-08 03:00:00,2021-05-08,3,6,92,111,108,100,103,10,11.7,47,1.2,0.0,1.5,167.2,False,43,3,True
2021-05-08 04:00:00,2021-05-08,4,6,114,110,106,95,106,66,11.6,47,2.7,0.0,1.5,167.2,False,43,3,True
2021-05-08 05:00:00,2021-05-08,5,6,78,75,96,99,87,150,9.1,63,2.0,0.0,1.5,167.2,False,43,3,True
2021-05-08 06:00:00,2021-05-08,6,6,114,108,102,90,104,1976,10.6,52,1.2,0.0,1.5,167.2,False,43,3,True
2021-05-08 07:00:00,2021-05-08,7,6,88,79,50,33,63,415,12.5,48,1.0,0.0,1.5,167.2,False,43,3,True
2021-05-08 08:00:00,2021-05-08,8,6,22,26,27,22,24,0,14.7,43,1.5,0.0,1.5,167.2,False,43,3,True
2021-05-08 09:00:00,2021-05-08,9,6,23,22,22,22,22,0,17.2,40,1.4,0.0,1.0,167.2,False,43,3,True
2021-05-08 10:00:00,2021-05-08,10,6,22,22,22,22,22,0,19.9,34,1.6,0.0,1.0,167.2,False,43,3,True
2021-05-08 11:00:00,2021-05-08,11,6,22,25,27,26,25,0,21.5,35,2.1,0.0,1.0,167.2,False,43,3,True
2021-05-08 12:00:00,2021-05-08,12,6,22,23,23,22,23,0,23.5,25,2.4,0.0,1.0,167.2,False,43,3,True
2021-05-08 13:00:00,2021-05-08,13,6,22,22,22,22,22,0,23.8,20,4.3,0.0,1.0,167.2,False,43,3,True
2021-05-08 14:00:00,2021-05-08,14,6,22,22,23,26,23,0,23.1,26,4.3,0.0,1.0,167.2,False,43,3,True
2021-05-08 15:00:00,2021-05-08,15,6,27,23,22,22,24,0,23.6,26,4.6,0.0,1.0,167.2,False,43,3,True
2021-05-08 16:00:00,2021-05-08,16,6,22,22,23,23,23,0,23.3,26,4.5,0.0,1.0,167.2,False,43,3,True
2021-05-08 17:00:00,2021-05-08,17,6,23,22,22,22,22,0,22.7,28,4.8,0.0,1.0,167.2,False,43,3,True
2021-05-08 18:00:00,2021-05-08,18,6,25,27,22,22,24,0,21.6,35,4.1,0.0,1.5,167.2,False,43,3,True
2021-05-08 19:00:00,2021-05-08,19,6,22,22,22,22,22,0,20.2,43,2.8,0.0,1.5,167.2,False,43,3,True
2021-05-08 20:00:00,2021-05-08,20,6,22,22,22,22,22,0,19.1,47,2.6,0.0,1.5,167.2,False,43,3,True
2021-05-08 21:00:00,2021-05-08,21,6,25,28,24,23,25,0,18.8,51,2.3,0.0,1.5,167.2,False,43,3,True
2021-05-08 22:00:00,2021-05-08,22,6,23,23,22,23,23,0,18.4,52,0.8,0.0,1.5,167.2,False,43,3,True
2021-05-08 23:00:00,2021-05-08,23,6,22,22,23,23,23,0,17.7,56,1.7,0.0,1.5,167.2,False,43,3,True
2021-05-09 00:00:00,2021-05-09,0,7,23,22,22,23,23,0,18.1,55,2.3,0.0,1.5,167.2,False,42,3,True
2021-05-09 01:00:00,2021-05-09,1,7,22,23,23,23,23,0,17.1,58,0.9,0.0,1.5,167.2,False,42,3,True
2021-05-09 02:00:00,2021-05-09,2,7,23,22,27,27,25,0,17.0,58,1.6,0.0,1.5,167.2,False,42,3,True
2021-05-09 03:00:00,2021-05-09,3,7,23,22,23,22,23,0,15.8,49,2.0,0.0,1.5,167.2,False,42,3,True
2021-05-09 04:00:00,2021-05-09,4,7,23,22,23,23,23,0,14.4,48,1.9,0.0,1.5,167.2,False,42,3,True
2021-05-09 05:00:00,2021-05-09,5,7,22,23,23,26,24,0,13.5,51,2.1,0.0,1.5,167.2,False,42,3,True
2021-05-09 06:00:00,2021-05-09,6,7,27,24,23,22,24,0,13.6,49,2.5,0.0,1.5,167.2,False,42,3,True
2021-05-09 07:00:00,2021-05-09,7,7,26,34,63,131,64,0,14.8,46,2.2,0.0,1.5,167.2,False,42,3,True
2021-05-09 08:00:00,2021-05-09,8,7,160,180,182,184,177,0,17.1,43,1.4,0.0,1.5,167.2,False,42,3,True
2021-05-09 09:00:00,2021-05-09,9,7,164,163,156,149,158,0,18.2,34,2.7,0.0,1.0,167.2,False,42,3,True
2021-05-09 10:00:00,2021-05-09,10,7,128,169,163,168,157,0,19.6,29,1.9,0.0,1.0,167.2,False,42,3,True
2021-05-09 11:00:00,2021-05-09,11,7,173,157,172,153,164,0,20.6,22,3.3,0.0,1.0,167.2,False,42,3,True
2021-05-09 12:00:00,2021-05-09,12,7,110,91,96,126,106,0,21.5,21,3.7,0.0,1.0,167.2,False,42,3,True
2021-05-09 13:00:00,2021-05-09,13,7,155,158,158,159,158,0,22.7,19,3.2,0.0,1.0,167.2,False,42,3,True
2021-05-09 14:00:00,2021-05-09,14,7,149,152,163,153,154,0,23.5,18,1.8,0.0,1.0,167.2,False,42,3,True
2021-05-09 15:00:00,2021-05-09,15,7,125,144,151,145,141,0,24.2,18,2.0,0.0,1.0,167.2,False,42,3,True
2021-05-09 16:00:00,2021-05-09,16,7,147,151,155,157,153,0,24.2,18,2.9,0.0,1.0,167.2,False,42,3,True
2021-05-09 17:00:00,2021-05-09,17,7,110,102,153,146,128,0,23.9,19,3.1,0.0,1.0,167.2,False,42,3,True
2021-05-09 18:00:00,2021-05-09,18,7,153,165,158,160,159,0,23.3,21,2.3,0.0,1.5,167.2,False,42,3,True
2021-05-09 19:00:00,2021-05-09,19,7,155,147,147,117,142,0,21.5,23,1.4,0.0,1.5,167.2,False,42,3,True
2021-05-09 20:00:00,2021-05-09,20,7,111,114,103,114,111,0,19.8,25,1.5,0.0,1.5,167.2,False,42,3,True
2021-05-09 21:00:00,2021-05-09,21,7,121,121,120,117,120,0,18.7,28,1.7,0.0,1.5,167.2,False,42,3,True
2021-05-09 22:00:00,2021-05-09,22,7,92,117,118,122,112,0,18.0,31,2.5,0.0,1.5,167.2,False,42,3,True
2021-05-09 23:00:00,2021-05-09,23,7,110,105,104,84,101,0,17.2,31,2.2,0.0,1.5,167.2,False,42,3,True
2021-05-10 00:00:00,2021-05-10,0,1,23,22,22,23,23,0,16.0,33,1.6,0.0,1.5,167.2,False,42,3,True
2021-05-10 01:00:00,2021-05-10,1,1,22,23,23,23,23,0,15.3,35,0.8,0.0,1.5,167.2,False,42,3,True
2021-05-10 02:00:00,2021-05-10,2,1,23,22,27,27,25,0,15.2,39,2.1,0.0,1.5,167.2,False,42,3,True
2021-05-10 03:00:00,2021-05-10,3,1,23,22,23,22,23,0,16.4,34,2.5,0.0,1.5,167.2,False,42,3,True
2021-05-10 04:00:00,2021-05-10,4,1,23,22,23,23,23,0,15.1,39,1.6,0.0,1.5,167.2,False,42,3,True
2021-05-10 05:00:00,2021-05-10,5,1,22,23,23,26,24,0,14.0,46,1.4,0.0,1.5,167.2,False,42,3,True
2021-05-10 06:00:00,2021-05-10,6,1,27,24,23,22,24,0,15.3,38,2.1,0.0,1.5,167.2,False,42,3,True
2021-05-10 07:00:00,2021-05-10,7,1,26,34,63,131,64,0,14.4,47,2.2,0.0,1.5,167.2,False,42,3,True
2021-05-10 08:00:00,2021-05-10,8,1,160,180,182,184,177,837,13.9,56,1.8,0.0,1.5,167.2,False,42,3,True
2021-05-10 09:00:00,2021-05-10,9,1,164,163,156,149,158,998,14.7,54,1.7,0.0,1.0,167.2,False,42,3,True
2021-05-10 10:00:00,2021-05-10,10,1,128,169,163,168,157,628,15.2,52,1.3,0.0,1.0,167.2,False,42,3,True
2021-05-10 11:00:00,2021-05-10,11,1,173,157,172,153,164,1491,14.8,58,2.8,0.2,1.0,167.2,False,42,3,True
2021-05-10 12:00:00,2021-05-10,12,1,110,91,96,126,106,30,16.4,54,2.6,0.2,1.0,167.2,False,42,3,True
2021-05-10 13:00:00,2021-05-10,13,1,155,158,158,159,158,919,16.9,50,2.4,0.2,1.0,167.2,False,42,3,True
2021-05-10 14:00:00,2021-05-10,14,1,149,152,163,153,154,1816,17.5,55,3.3,0.2,1.0,167.2,False,42,3,True
2021-05-10 15:00:00,2021-05-10,15,1,125,144,151,145,141,998,17.2,58,2.2,0.2,1.0,167.2,False,42,3,True
2021-05-10 16:00:00,2021-05-10,16,1,147,151,155,157,153,4518,16.8,61,1.2,0.2,1.0,167.2,False,42,3,True
2021-05-10 17:00:00,2021-05-10,17,1,110,102,153,146,128,274,15.7,71,1.6,0.2,1.0,167.2,False,42,3,True
2021-05-10 18:00:00,2021-05-10,18,1,153,165,158,160,159,941,16.0,74,1.4,0.2,1.5,167.2,False,42,3,True
2021-05-10 19:00:00,2021-05-10,19,1,155,147,147,117,142,2791,14.6,81,1.5,0.2,1.5,167.2,False,42,3,True
2021-05-10 20:00:00,2021-05-10,20,1,111,114,103,114,111,94,13.6,86,1.0,0.2,1.5,167.2,False,42,3,True
2021-05-10 21:00:00,2021-05-10,21,1,121,121,120,117,120,54,13.0,91,1.7,0.2,1.5,167.2,False,42,3,True
2021-05-10 22:00:00,2021-05-10,22,1,92,117,118,122,112,97,13.4,91,0.5,0.2,1.5,167.2,False,42,3,True
2021-05-10 23:00:00,2021-05-10,23,1,110,105,104,84,101,160,13.5,88,1.4,0.2,1.5,167.2,False,42,3,True
2021-05-11 00:00:00,2021-05-11,0,2,68,64,64,61,64,27,13.7,86,1.3,0.2,1.5,167.2,False,52,1,False
2021-05-11 01:00:00,2021-05-11,1,2,90,86,105,110,98,48,13.5,87,1.3,0.0,1.5,167.2,False,52,1,False
2021-05-11 02:00:00,2021-05-11,2,2,100,105,104,108,104,487,13.5,89,1.2,0.0,1.5,167.2,False,52,1,False
2021-05-11 03:00:00,2021-05-11,3,2,96,103,99,105,101,119,13.5,90,0.6,0.0,1.5,167.2,False,52,1,False
2021-05-11 04:00:00,2021-05-11,4,2,106,99,103,113,105,82,13.4,91,0.9,0.0,1.5,167.2,False,52,1,False
2021-05-11 05:00:00,2021-05-11,5,2,94,82,101,111,97,0,13.4,90,1.0,0.0,1.5,167.2,False,52,1,False
2021-05-11 06:00:00,2021-05-11,6,2,117,114,103,93,107,188,13.7,88,0.6,0.0,1.5,167.2,False,52,1,False
2021-05-11 07:00:00,2021-05-11,7,2,106,112,136,140,124,2165,14.3,85,0.3,0.0,1.5,167.2,False,52,1,False
2021-05-11 08:00:00,2021-05-11,8,2,157,175,177,175,171,637,14.8,83,0.8,0.0,1.5,167.2,False,52,1,False
2021-05-11 09:00:00,2021-05-11,9,2,171,171,174,177,173,1542,14.9,82,1.0,0.0,1.0,167.2,False,52,1,False
2021-05-11 10:00:00,2021-05-11,10,2,130,168,171,169,160,1472,15.2,73,1.6,0.0,1.0,167.2,False,52,1,False
2021-05-11 11:00:00,2021-05-11,11,2,171,170,173,163,169,1484,16.4,70,2.2,0.0,1.0,167.2,False,52,1,False
2021-05-11 12:00:00,2021-05-11,12,2,102,82,87,129,100,0,16.6,64,3.6,0.0,1.0,167.2,False,52,1,False
2021-05-11 13:00:00,2021-05-11,13,2,185,168,175,174,176,2483,18.0,54,2.6,0.0,1.0,167.2,False,52,1,False
2021-05-11 14:00:00,2021-05-11,14,2,166,153,157,144,155,3081,17.7,46,3.2,0.0,1.0,167.2,False,52,1,False
2021-05-11 15:00:00,2021-05-11,15,2,130,148,163,161,151,807,17.1,50,2.5,0.0,1.0,167.2,False,52,1,False
2021-05-11 16:00:00,2021-05-11,16,2,142,141,151,143,144,1509,17.0,47,1.6,0.0,1.0,167.2,False,52,1,False
2021-05-11 17:00:00,2021-05-11,17,2,105,91,132,144,118,458,16.6,50,2.4,0.0,1.0,167.2,False,52,1,False
2021-05-11 18:00:00,2021-05-11,18,2,141,134,136,141,138,1720,16.2,57,3.1,0.0,1.5,167.2,False,52,1,False
2021-05-11 19:00:00,2021-05-11,19,2,138,133,125,133,132,3308,15.6,63,2.9,0.0,1.5,167.2,False,52,1,False
2021-05-11 20:00:00,2021-05-11,20,2,128,131,127,124,128,44,15.6,61,2.3,0.0,1.5,167.2,False,52,1,False
2021-05-11 21:00:00,2021-05-11,21,2,122,127,131,121,125,382,15.3,65,2.5,0.0,1.5,167.2,False,52,1,False
2021-05-11 22:00:00,2021-05-11,22,2,94,112,109,112,107,40,15.0,73,2.6,0.0,1.5,167.2,False,52,1,False
2021-05-11 23:00:00,2021-05-11,23,2,121,121,104,83,107,5,15.0,75,3.1,0.0,1.5,167.2,False,52,1,False
2021-05-12 00:00:00,2021-05-12,0,3,75,67,63,61,67,0,14.8,76,3.4,0.0,1.5,167.2,False,53,1,False
2021-05-12 01:00:00,2021-05-12,1,3,92,104,104,93,98,533,14.7,76,3.1,0.0,1.5,167.2,False,53,1,False
2021-05-12 02:00:00,2021-05-12,2,3,110,112,113,106,110,226,14.7,75,3.4,0.0,1.5,167.2,False,53,1,False
2021-05-12 03:00:00,2021-05-12,3,3,76,102,109,98,96,93,15.1,70,2.7,0.0,1.5,167.2,False,53,1,False
2021-05-12 04:00:00,2021-05-12,4,3,107,111,104,106,107,300,15.0,72,2.9,0.0,1.5,167.2,False,53,1,False
2021-05-12 05:00:00,2021-05-12,5,3,82,77,103,107,92,25,14.9,75,2.8,0.0,1.5,167.2,False,53,1,False
2021-05-12 06:00:00,2021-05-12,6,3,103,102,110,102,104,560,14.9,79,3.5,0.0,1.5,167.2,False,53,1,False
2021-05-12 07:00:00,2021-05-12,7,3,106,109,147,141,126,1735,15.3,79,3.0,0.0,1.5,167.2,False,53,1,False
2021-05-12 08:00:00,2021-05-12,8,3,148,177,178,173,169,691,15.9,76,3.2,0.0,1.5,167.2,False,53,1,False
2021-05-12 09:00:00,2021-05-12,9,3,159,159,165,158,160,716,16.2,72,2.6,0.0,1.0,167.2,False,53,1,False
2021-05-12 10:00:00,2021-05-12,10,3,122,145,163,166,149,941,16.3,70,3.0,0.0,1.0,167.2,False,53,1,False
2021-05-12 11:00:00,2021-05-12,11,3,160,183,163,164,168,952,17.0,67,2.6,0.0,1.0,167.2,False,53,1,False
2021-05-12 12:00:00,2021-05-12,12,3,93,76,80,125,94,104,19.3,55,3.3,0.0,1.0,167.2,False,53,1,False
2021-05-12 13:00:00,2021-05-12,13,3,176,184,174,179,178,1820,19.3,53,2.8,0.0,1.0,167.2,False,53,1,False
2021-05-12 14:00:00,2021-05-12,14,3,172,163,160,160,164,1492,20.8,50,2.9,0.0,1.0,167.2,False,53,1,False
2021-05-12 15:00:00,2021-05-12,15,3,130,168,163,150,153,1155,19.8,54,3.2,0.0,1.0,167.2,False,53,1,False
2021-05-12 16:00:00,2021-05-12,16,3,163,159,155,158,159,760,18.1,60,2.9,0.0,1.0,167.2,False,53,1,False
2021-05-12 17:00:00,2021-05-12,17,3,109,97,150,169,131,3446,17.4,63,2.0,0.0,1.0,167.2,False,53,1,False
2021-05-12 18:00:00,2021-05-12,18,3,157,154,149,169,157,1012,17.5,67,1.6,0.0,1.5,167.2,False,53,1,False
2021-05-12 19:00:00,2021-05-12,19,3,153,133,113,99,125,2838,16.3,71,1.8,0.0,1.5,167.2,False,53,1,False
2021-05-12 20:00:00,2021-05-12,20,3,101,109,104,105,105,8,14.8,81,0.9,0.0,1.5,167.2,False,53,1,False
2021-05-12 21:00:00,2021-05-12,21,3,105,111,115,109,110,178,14.3,86,1.8,0.0,1.5,167.2,False,53,1,False
2021-05-12 22:00:00,2021-05-12,22,3,91,100,102,116,102,366,14.0,86,1.5,0.0,1.5,167.2,False,53,1,False
2021-05-12 23:00:00,2021-05-12,23,3,111,105,103,87,102,238,13.6,89,1.4,0.0,1.5,167.2,False,53,1,False
2021-05-13 00:00:00,2021-05-13,0,4,75,66,71,68,70,157,13.9,88,1.7,0.0,1.5,167.2,False,54,1,False
2021-05-13 01:00:00,2021-05-13,1,4,88,99,107,99,98,370,14.0,87,0.8,0.0,1.5,167.2,False,54,1,False
2021-05-13 02:00:00,2021-05-13,2,4,104,113,105,90,103,52,13.0,90,0.6,0.0,1.5,167.2,False,54,1,False
2021-05-13 03:00:00,2021-05-13,3,4,84,99,107,110,100,366,12.8,90,1.5,0.0,1.5,167.2,False,54,1,False
2021-05-13 04:00:00,2021-05-13,4,4,113,107,102,98,105,96,13.1,89,0.7,0.0,1.5,167.2,False,54,1,False
2021-05-13 05:00:00,2021-05-13,5,4,84,72,96,105,89,68,13.7,82,1.3,0.0,1.5,167.2,False,54,1,False
2021-05-13 06:00:00,2021-05-13,6,4,105,102,99,96,101,4,13.1,87,1.8,0.0,1.5,167.2,False,54,1,False
2021-05-13 07:00:00,2021-05-13,7,4,100,107,135,127,117,2540,15.0,78,1.4,0.0,1.5,167.2,False,54,1,False
2021-05-13 08:00:00,2021-05-13,8,4,147,176,167,169,165,705,17.3,69,1.1,0.0,1.5,167.2,False,54,1,False
2021-05-13 09:00:00,2021-05-13,9,4,157,159,163,174,163,359,20.2,50,1.0,0.0,1.0,167.2,False,54,1,False
2021-05-13 10:00:00,2021-05-13,10,4,116,176,174,166,158,1880,22.1,40,1.9,0.0,1.0,167.2,False,54,1,False
2021-05-13 11:00:00,2021-05-13,11,4,157,169,161,170,164,470,22.8,51,1.8,0.0,1.0,167.2,False,54,1,False
2021-05-13 12:00:00,2021-05-13,12,4,103,81,80,119,96,238,24.2,57,2.2,0.0,1.0,167.2,False,54,1,False
2021-05-13 13:00:00,2021-05-13,13,4,163,175,169,163,168,1582,25.0,59,2.1,0.0,1.0,167.2,False,54,1,False
2021-05-13 14:00:00,2021-05-13,14,4,169,166,158,158,163,1464,24.6,59,2.1,0.0,1.0,167.2,False,54,1,False
2021-05-13 15:00:00,2021-05-13,15,4,115,156,146,137,139,980,23.2,58,3.1,0.0,1.0,167.2,False,54,1,False
2021-05-13 16:00:00,2021-05-13,16,4,150,155,154,139,150,1633,21.8,57,2.6,0.0,1.0,167.2,False,54,1,False
2021-05-13 17:00:00,2021-05-13,17,4,96,83,106,117,101,430,22.2,58,1.6,0.0,1.0,167.2,False,54,1,False
2021-05-13 18:00:00,2021-05-13,18,4,108,100,100,99,102,1701,20.9,57,1.3,0.0,1.5,167.2,False,54,1,False
2021-05-13 19:00:00,2021-05-13,19,4,96,97,106,104,101,2095,19.3,55,1.4,0.0,1.5,167.2,False,54,1,False
2021-05-13 20:00:00,2021-05-13,20,4,122,139,134,135,133,126,17.7,63,0.4,0.0,1.5,167.2,False,54,1,False
2021-05-13 21:00:00,2021-05-13,21,4,135,129,120,124,127,75,17.1,73,0.4,0.0,1.5,167.2,False,54,1,False
2021-05-13 22:00:00,2021-05-13,22,4,103,123,116,114,114,48,16.7,81,1.1,0.0,1.5,167.2,False,54,1,False
2021-05-13 23:00:00,2021-05-13,23,4,113,115,100,88,104,229,16.0,92,0.7,0.0,1.5,167.2,False,54,1,False
2021-05-14 00:00:00,2021-05-14,0,5,72,66,68,62,67,14,15.1,96,0.2,0.0,1.5,167.2,False,55,1,False
2021-05-14 01:00:00,2021-05-14,1,5,86,110,106,96,100,306,15.0,98,0.8,0.0,1.5,167.2,False,55,1,False
2021-05-14 02:00:00,2021-05-14,2,5,106,108,111,104,107,95,14.4,98,0.0,0.0,1.5,167.2,False,55,1,False
2021-05-14 03:00:00,2021-05-14,3,5,80,104,104,99,97,332,14.1,98,1.5,0.0,1.5,167.2,False,55,1,False
2021-05-14 04:00:00,2021-05-14,4,5,103,107,108,104,106,0,14.1,98,1.3,0.0,1.5,167.2,False,55,1,False
2021-05-14 05:00:00,2021-05-14,5,5,86,80,104,103,93,60,14.7,97,1.7,0.0,1.5,167.2,False,55,1,False
2021-05-14 06:00:00,2021-05-14,6,5,99,107,99,96,100,553,14.7,96,0.7,0.0,1.5,167.2,False,55,1,False
2021-05-14 07:00:00,2021-05-14,7,5,92,106,135,128,115,1743,17.1,87,0.5,0.0,1.5,167.2,False,55,1,False
2021-05-14 08:00:00,2021-05-14,8,5,130,150,157,149,147,591,19.4,76,0.9,0.0,1.5,167.2,False,55,1,False
2021-05-14 09:00:00,2021-05-14,9,5,141,143,137,137,140,672,21.5,64,1.3,0.0,1.0,167.2,False,55,1,False
2021-05-14 10:00:00,2021-05-14,10,5,120,145,155,150,143,4183,23.0,64,2.0,0.0,1.0,167.2,False,55,1,False
2021-05-14 11:00:00,2021-05-14,11,5,150,150,155,142,149,399,23.3,64,1.9,0.0,1.0,167.2,False,55,1,False
2021-05-14 12:00:00,2021-05-14,12,5,94,78,80,113,91,230,24.4,63,2.4,0.0,1.0,167.2,False,55,1,False
2021-05-14 13:00:00,2021-05-14,13,5,156,153,144,148,150,50,23.2,62,2.6,0.0,1.0,167.2,False,55,1,False
2021-05-14 14:00:00,2021-05-14,14,5,142,138,144,147,143,957,23.4,60,2.3,0.0,1.0,167.2,False,55,1,False
2021-05-14 15:00:00,2021-05-14,15,5,124,148,141,134,137,623,23.7,60,2.5,0.0,1.0,167.2,False,55,1,False
2021-05-14 16:00:00,2021-05-14,16,5,137,143,128,130,135,3046,23.1,60,1.6,0.0,1.0,167.2,False,55,1,False
2021-05-14 17:00:00,2021-05-14,17,5,93,77,118,148,109,437,22.0,62,1.9,0.0,1.0,167.2,False,55,1,False
2021-05-14 18:00:00,2021-05-14,18,5,156,154,135,140,146,1523,21.3,67,1.2,0.0,1.5,167.2,False,55,1,False
2021-05-14 19:00:00,2021-05-14,19,5,129,129,144,115,129,1514,20.3,71,0.9,0.0,1.5,167.2,False,55,1,False
2021-05-14 20:00:00,2021-05-14,20,5,106,106,103,109,106,1,19.1,77,0.6,0.0,1.5,167.2,False,55,1,False
2021-05-14 21:00:00,2021-05-14,21,5,112,106,111,111,110,45,18.4,80,1.0,0.0,1.5,167.2,False,55,1,False
2021-05-14 22:00:00,2021-05-14,22,5,91,103,112,107,103,0,18.2,86,0.7,0.0,1.5,167.2,False,55,1,False
2021-05-14 23:00:00,2021-05-14,23,5,98,97,95,64,89,0,17.6,85,0.8,0.0,1.5,167.2,False,55,1,False
2021-05-15 00:00:00,2021-05-15,0,6,54,54,54,54,54,0,17.4,84,0.2,0.0,1.5,167.2,False,56,1,False
2021-05-15 01:00:00,2021-05-15,1,6,83,99,97,104,96,47,17.5,84,0.7,0.0,1.5,167.2,False,56,1,False
2021-05-15 02:00:00,2021-05-15,2,6,100,93,100,97,98,37,17.5,85,1.5,0.0,1.5,167.2,False,56,1,False
2021-05-15 03:00:00,2021-05-15,3,6,78,101,98,96,93,0,17.1,87,0.8,0.0,1.5,167.2,False,56,1,False
2021-05-15 04:00:00,2021-05-15,4,6,98,97,105,104,101,0,17.5,85,1.0,0.0,1.5,167.2,False,56,1,False
2021-05-15 05:00:00,2021-05-15,5,6,73,62,87,96,80,0,17.9,84,0.1,0.0,1.5,167.2,False,56,1,False
2021-05-15 06:00:00,2021-05-15,6,6,95,103,100,93,98,24,17.5,88,1.4,0.0,1.5,167.2,False,56,1,False
2021-05-15 07:00:00,2021-05-15,7,6,86,83,65,42,69,634,17.7,91,0.0,0.1,1.5,167.2,False,56,1,False
2021-05-15 08:00:00,2021-05-15,8,6,24,24,19,19,22,0,17.2,98,1.0,4.8,1.5,167.2,False,56,1,False
2021-05-15 09:00:00,2021-05-15,9,6,20,20,19,19,20,0,17.8,98,0.3,8.2,1.0,167.2,False,56,1,False
2021-05-15 10:00:00,2021-05-15,10,6,20,19,20,19,20,0,18.2,98,0.3,8.6,1.0,167.2,False,56,1,False
2021-05-15 11:00:00,2021-05-15,11,6,20,24,24,21,22,0,18.5,98,0.0,10.2,1.0,167.2,False,56,1,False
2021-05-15 12:00:00,2021-05-15,12,6,20,20,20,20,20,0,18.9,98,0.4,11.2,1.0,167.2,False,56,1,False
2021-05-15 13:00:00,2021-05-15,13,6,20,19,19,19,19,0,19.3,98,0.4,14.8,1.0,167.2,False,56,1,False
2021-05-15 14:00:00,2021-05-15,14,6,19,19,21,24,21,0,20.5,98,0.8,15.7,1.0,167.2,False,56,1,False
2021-05-15 15:00:00,2021-05-15,15,6,23,19,19,20,20,0,20.1,98,0.4,15.7,1.0,167.2,False,56,1,False
2021-05-15 16:00:00,2021-05-15,16,6,20,19,20,20,20,0,20.8,98,1.0,15.7,1.0,167.2,False,56,1,False
2021-05-15 17:00:00,2021-05-15,17,6,20,20,20,20,20,0,21.1,98,0.7,15.7,1.0,167.2,False,56,1,False
2021-05-15 18:00:00,2021-05-15,18,6,23,25,21,20,22,0,21.0,98,0.8,15.7,1.5,167.2,False,56,1,False
2021-05-15 19:00:00,2021-05-15,19,6,20,20,19,20,20,0,19.9,98,0.6,15.7,1.5,167.2,False,56,1,False
2021-05-15 20:00:00,2021-05-15,20,6,19,20,20,20,20,0,19.4,98,0.5,15.7,1.5,167.2,False,56,1,False
2021-05-15 21:00:00,2021-05-15,21,6,20,22,25,25,23,0,19.3,98,1.2,15.7,1.5,167.2,False,56,1,False
2021-05-15 22:00:00,2021-05-15,22,6,20,20,21,21,21,0,19.1,98,0.1,15.7,1.5,167.2,False,56,1,False
2021-05-15 23:00:00,2021-05-15,23,6,20,20,20,20,20,0,19.3,98,0.8,15.7,1.5,167.2,False,56,1,False
2021-05-16 00:00:00,2021-05-16,0,7,20,20,20,20,20,0,19.3,98,0.1,15.7,1.5,167.2,False,44,4,True
2021-05-16 01:00:00,2021-05-16,1,7,24,25,21,20,23,0,19.5,98,0.7,0.0,1.5,167.2,False,44,4,True
2021-05-16 02:00:00,2021-05-16,2,7,20,20,20,20,20,0,21.0,98,2.4,0.0,1.5,167.2,False,44,4,True
2021-05-16 03:00:00,2021-05-16,3,7,20,20,20,20,20,0,20.9,98,0.9,3.5,1.5,167.2,False,44,4,True
2021-05-16 04:00:00,2021-05-16,4,7,20,20,24,25,22,0,21.1,98,0.5,4.7,1.5,167.2,False,44,4,True
2021-05-16 05:00:00,2021-05-16,5,7,20,20,20,20,20,0,21.3,98,1.4,5.5,1.5,167.2,False,44,4,True
2021-05-16 06:00:00,2021-05-16,6,7,20,20,20,20,20,0,20.7,98,0.9,5.5,1.5,167.2,False,44,4,True
2021-05-16 07:00:00,2021-05-16,7,7,19,19,20,23,20,0,20.5,98,1.0,5.5,1.5,167.2,False,44,4,True
2021-05-16 08:00:00,2021-05-16,8,7,24,19,20,20,21,0,21.6,98,2.1,5.5,1.5,167.2,False,44,4,True
2021-05-16 09:00:00,2021-05-16,9,7,20,20,20,20,20,0,21.9,98,1.1,5.5,1.0,167.2,False,44,4,True
2021-05-16 10:00:00,2021-05-16,10,7,20,20,20,23,21,0,22.4,98,2.1,5.5,1.0,167.2,False,44,4,True
2021-05-16 11:00:00,2021-05-16,11,7,24,20,20,20,21,0,23.3,92,3.5,5.5,1.0,167.2,False,44,4,True
2021-05-16 12:00:00,2021-05-16,12,7,20,20,20,20,20,0,23.7,90,4.4,5.5,1.0,167.2,False,44,4,True
2021-05-16 13:00:00,2021-05-16,13,7,20,20,20,20,20,0,22.4,98,2.3,11.5,1.0,167.2,False,44,4,True
2021-05-16 14:00:00,2021-05-16,14,7,25,24,20,20,22,0,20.7,98,1.2,11.8,1.0,167.2,False,44,4,True
2021-05-16 15:00:00,2021-05-16,15,7,20,20,20,20,20,0,21.9,98,1.2,12.3,1.0,167.2,False,44,4,True
2021-05-16 16:00:00,2021-05-16,16,7,20,20,20,20,20,0,20.1,98,2.2,12.6,1.0,167.2,False,44,4,True
2021-05-16 17:00:00,2021-05-16,17,7,21,25,25,20,23,0,18.7,98,1.5,15.4,1.0,167.2,False,44,4,True
2021-05-16 18:00:00,2021-05-16,18,7,20,19,19,19,19,0,18.0,98,1.7,16.6,1.5,167.2,False,44,4,True
2021-05-16 19:00:00,2021-05-16,19,7,19,19,20,20,20,0,16.7,98,1.6,17.2,1.5,167.2,False,44,4,True
2021-05-16 20:00:00,2021-05-16,20,7,19,19,20,25,21,0,15.3,98,1.9,18.5,1.5,167.2,False,44,4,True
2021-05-16 21:00:00,2021-05-16,21,7,24,20,21,20,21,0,14.4,98,1.4,21.4,1.5,167.2,False,44,4,True
2021-05-16 22:00:00,2021-05-16,22,7,20,20,20,20,20,0,14.2,98,1.1,21.8,1.5,167.2,False,44,4,True
2021-05-16 23:00:00,2021-05-16,23,7,20,20,20,22,21,0,14.1,98,1.1,22.1,1.5,167.2,False,44,4,True
2021-05-17 00:00:00,2021-05-17,0,1,25,23,20,20,22,0,13.8,98,1.0,22.1,1.5,167.2,False,57,1,False
2021-05-17 01:00:00,2021-05-17,1,1,20,20,20,20,20,0,13.4,98,1.4,0.0,1.5,167.2,False,57,1,False
2021-05-17 02:00:00,2021-05-17,2,1,20,20,20,20,20,0,13.3,98,0.9,0.1,1.5,167.2,False,57,1,False
2021-05-17 03:00:00,2021-05-17,3,1,20,25,23,19,22,0,13.5,98,1.4,0.2,1.5,167.2,False,57,1,False
2021-05-17 04:00:00,2021-05-17,4,1,20,20,20,20,20,0,13.4,98,1.4,0.3,1.5,167.2,False,57,1,False
2021-05-17 05:00:00,2021-05-17,5,1,20,20,20,19,20,0,13.6,98,0.3,0.5,1.5,167.2,False,57,1,False
2021-05-17 06:00:00,2021-05-17,6,1,20,24,23,19,22,0,13.4,98,1.0,1.2,1.5,167.2,False,57,1,False
2021-05-17 07:00:00,2021-05-17,7,1,22,33,58,87,50,24,13.7,98,0.8,1.3,1.5,167.2,False,57,1,False
2021-05-17 08:00:00,2021-05-17,8,1,154,178,170,192,174,468,14.5,98,0.8,1.3,1.5,167.2,False,57,1,False
2021-05-17 09:00:00,2021-05-17,9,1,183,145,162,151,160,1009,14.4,98,1.2,1.3,1.0,167.2,False,57,1,False
2021-05-17 10:00:00,2021-05-17,10,1,124,171,180,180,164,293,14.9,98,1.3,1.3,1.0,167.2,False,57,1,False
2021-05-17 11:00:00,2021-05-17,11,1,160,158,172,186,169,1178,15.6,97,0.6,1.3,1.0,167.2,False,57,1,False
2021-05-17 12:00:00,2021-05-17,12,1,109,88,89,129,104,311,15.5,98,1.2,1.4,1.0,167.2,False,57,1,False
2021-05-17 13:00:00,2021-05-17,13,1,173,168,172,168,170,1419,16.0,95,0.8,1.4,1.0,167.2,False,57,1,False
2021-05-17 14:00:00,2021-05-17,14,1,149,155,172,175,163,540,15.9,93,1.3,1.4,1.0,167.2,False,57,1,False
2021-05-17 15:00:00,2021-05-17,15,1,128,167,164,168,157,1302,15.8,90,1.6,1.4,1.0,167.2,False,57,1,False
2021-05-17 16:00:00,2021-05-17,16,1,163,161,161,158,161,1739,14.9,97,1.4,1.7,1.0,167.2,False,57,1,False
2021-05-17 17:00:00,2021-05-17,17,1,120,117,156,158,138,821,15.0,98,1.4,2.6,1.0,167.2,False,57,1,False
2021-05-17 18:00:00,2021-05-17,18,1,161,153,151,144,152,1592,14.7,98,1.1,2.6,1.5,167.2,False,57,1,False
2021-05-17 19:00:00,2021-05-17,19,1,140,139,129,104,128,2222,14.3,98,1.3,3.0,1.5,167.2,False,57,1,False
2021-05-17 20:00:00,2021-05-17,20,1,94,99,93,99,96,300,14.3,98,0.7,3.0,1.5,167.2,False,57,1,False
2021-05-17 21:00:00,2021-05-17,21,1,96,85,82,93,89,130,14.1,98,1.1,3.0,1.5,167.2,False,57,1,False
2021-05-17 22:00:00,2021-05-17,22,1,90,95,92,93,93,20,14.0,98,0.9,3.2,1.5,167.2,False,57,1,False
2021-05-17 23:00:00,2021-05-17,23,1,89,93,91,73,87,23,14.0,98,1.1,3.4,1.5,167.2,False,57,1,False
2021-05-18 00:00:00,2021-05-18,0,2,71,65,58,60,64,47,14.0,98,0.5,3.5,1.5,167.2,False,45,6,True
2021-05-18 01:00:00,2021-05-18,1,2,85,96,97,93,93,554,14.1,98,0.5,0.0,1.5,167.2,False,45,6,True
2021-05-18 02:00:00,2021-05-18,2,2,91,93,96,94,94,62,14.2,98,0.7,0.0,1.5,167.2,False,45,6,True
2021-05-18 03:00:00,2021-05-18,3,2,74,91,90,96,88,5,14.0,98,1.0,0.1,1.5,167.2,False,45,6,True
2021-05-18 04:00:00,2021-05-18,4,2,91,84,84,79,85,480,14.0,98,1.5,0.7,1.5,167.2,False,45,6,True
2021-05-18 05:00:00,2021-05-18,5,2,67,62,88,105,81,2,13.9,98,1.4,0.8,1.5,167.2,False,45,6,True
2021-05-18 06:00:00,2021-05-18,6,2,102,94,94,90,95,314,14.1,98,0.7,0.8,1.5,167.2,False,45,6,True
2021-05-18 07:00:00,2021-05-18,7,2,94,100,134,130,115,1715,14.5,98,0.7,0.8,1.5,167.2,False,45,6,True
2021-05-18 08:00:00,2021-05-18,8,2,160,172,167,179,170,1000,15.0,98,0.7,0.8,1.5,167.2,False,45,6,True
2021-05-18 09:00:00,2021-05-18,9,2,166,169,172,175,171,598,15.4,98,1.1,0.9,1.0,167.2,False,45,6,True
2021-05-18 10:00:00,2021-05-18,10,2,133,163,172,169,159,1594,16.0,98,1.0,1.0,1.0,167.2,False,45,6,True
2021-05-18 11:00:00,2021-05-18,11,2,164,166,166,172,167,759,16.8,98,1.1,1.2,1.0,167.2,False,45,6,True
2021-05-18 12:00:00,2021-05-18,12,2,101,81,83,130,99,204,17.4,95,1.5,1.2,1.0,167.2,False,45,6,True
2021-05-18 13:00:00,2021-05-18,13,2,182,178,177,169,177,996,17.4,94,2.5,1.2,1.0,167.2,False,45,6,True
2021-05-18 14:00:00,2021-05-18,14,2,159,166,169,173,167,1514,17.6,92,1.5,1.2,1.0,167.2,False,45,6,True
2021-05-18 15:00:00,2021-05-18,15,2,126,174,179,170,162,6557,17.5,91,0.6,1.2,1.0,167.2,False,45,6,True
2021-05-18 16:00:00,2021-05-18,16,2,163,156,145,150,154,1196,17.4,98,1.2,1.3,1.0,167.2,False,45,6,True
2021-05-18 17:00:00,2021-05-18,17,2,102,89,142,138,118,1414,18.3,90,1.7,1.3,1.0,167.2,False,45,6,True
2021-05-18 18:00:00,2021-05-18,18,2,146,147,144,145,146,1570,17.7,91,1.7,1.3,1.5,167.2,False,45,6,True
2021-05-18 19:00:00,2021-05-18,19,2,154,154,146,122,144,2648,17.2,94,1.3,1.3,1.5,167.2,False,45,6,True
2021-05-18 20:00:00,2021-05-18,20,2,108,118,119,115,115,11,17.1,97,1.3,1.3,1.5,167.2,False,45,6,True
2021-05-18 21:00:00,2021-05-18,21,2,113,113,114,109,112,140,16.3,98,0.6,1.3,1.5,167.2,False,45,6,True
2021-05-18 22:00:00,2021-05-18,22,2,92,94,107,106,100,5,16.1,98,0.9,1.3,1.5,167.2,False,45,6,True
2021-05-18 23:00:00,2021-05-18,23,2,104,103,92,74,93,26,15.6,98,0.7,1.3,1.5,167.2,False,45,6,True
2021-05-19 00:00:00,2021-05-19,0,3,68,62,61,57,62,0,15.2,98,0.5,1.3,1.5,167.2,False,58,1,False
2021-05-19 01:00:00,2021-05-19,1,3,83,95,90,86,89,955,15.1,98,1.5,0.0,1.5,167.2,False,58,1,False
2021-05-19 02:00:00,2021-05-19,2,3,89,100,97,100,97,24,15.2,98,1.6,0.0,1.5,167.2,False,58,1,False
2021-05-19 03:00:00,2021-05-19,3,3,86,104,99,93,96,200,15.1,98,1.9,0.0,1.5,167.2,False,58,1,False
2021-05-19 04:00:00,2021-05-19,4,3,96,93,101,85,94,30,15.0,98,1.2,0.0,1.5,167.2,False,58,1,False
2021-05-19 05:00:00,2021-05-19,5,3,73,61,81,100,79,150,15.5,98,1.0,0.0,1.5,167.2,False,58,1,False
2021-05-19 06:00:00,2021-05-19,6,3,108,98,91,81,95,10,15.9,98,2.2,0.0,1.5,167.2,False,58,1,False
2021-05-19 07:00:00,2021-05-19,7,3,75,69,44,26,54,780,17.5,95,1.8,0.0,1.5,167.2,False,58,1,False
2021-05-19 08:00:00,2021-05-19,8,3,20,20,20,23,21,841,19.4,78,1.6,0.0,1.5,167.2,False,58,1,False
2021-05-19 09:00:00,2021-05-19,9,3,25,25,22,20,23,0,20.5,68,3.0,0.0,1.0,167.2,False,58,1,False
2021-05-19 10:00:00,2021-05-19,10,3,21,21,21,21,21,0,23.2,58,1.9,0.0,1.0,167.2,False,58,1,False
2021-05-19 11:00:00,2021-05-19,11,3,21,21,21,21,21,0,24.1,48,1.9,0.0,1.0,167.2,False,58,1,False
2021-05-19 12:00:00,2021-05-19,12,3,20,21,22,25,22,0,25.7,45,1.3,0.0,1.0,167.2,False,58,1,False
2021-05-19 13:00:00,2021-05-19,13,3,24,20,21,20,21,0,24.9,54,1.7,0.0,1.0,167.2,False,58,1,False
2021-05-19 14:00:00,2021-05-19,14,3,20,20,20,20,20,0,25.1,49,2.0,0.0,1.0,167.2,False,58,1,False
2021-05-19 15:00:00,2021-05-19,15,3,20,20,20,20,20,0,25.3,47,1.7,0.0,1.0,167.2,False,58,1,False
2021-05-19 16:00:00,2021-05-19,16,3,21,25,24,21,23,0,25.1,47,1.4,0.0,1.0,167.2,False,58,1,False
2021-05-19 17:00:00,2021-05-19,17,3,21,20,20,21,21,0,24.2,49,1.0,0.0,1.0,167.2,False,58,1,False
2021-05-19 18:00:00,2021-05-19,18,3,20,21,21,21,21,0,23.4,56,1.3,0.0,1.5,167.2,False,58,1,False
2021-05-19 19:00:00,2021-05-19,19,3,21,23,25,22,23,0,21.5,55,1.5,0.0,1.5,167.2,False,58,1,False
2021-05-19 20:00:00,2021-05-19,20,3,21,20,20,21,21,0,19.6,71,0.6,0.0,1.5,167.2,False,58,1,False
2021-05-19 21:00:00,2021-05-19,21,3,24,22,21,20,22,0,18.8,74,1.0,0.0,1.5,167.2,False,58,1,False
2021-05-19 22:00:00,2021-05-19,22,3,21,21,25,26,23,0,18.2,75,0.4,0.0,1.5,167.2,False,58,1,False
2021-05-19 23:00:00,2021-05-19,23,3,22,20,20,20,21,0,17.8,77,0.3,0.0,1.5,167.2,False,58,1,False
2021-05-20 00:00:00,2021-05-20,0,4,20,20,20,20,20,0,17.9,77,0.9,0.0,1.5,167.2,False,59,1,False
2021-05-20 01:00:00,2021-05-20,1,4,20,20,20,22,21,0,17.5,86,0.7,0.0,1.5,167.2,False,59,1,False
2021-05-20 02:00:00,2021-05-20,2,4,25,22,20,20,22,0,17.4,80,1.4,0.0,1.5,167.2,False,59,1,False
2021-05-20 03:00:00,2021-05-20,3,4,20,20,20,20,20,0,16.7,80,0.4,0.0,1.5,167.2,False,59,1,False
2021-05-20 04:00:00,2021-05-20,4,4,20,20,20,20,20,0,17.0,78,0.8,0.0,1.5,167.2,False,59,1,False
2021-05-20 05:00:00,2021-05-20,5,4,25,25,22,20,23,0,16.5,90,1.2,0.0,1.5,167.2,False,59,1,False
2021-05-20 06:00:00,2021-05-20,6,4,20,20,20,21,20,0,16.4,89,0.6,0.0,1.5,167.2,False,59,1,False
2021-05-20 07:00:00,2021-05-20,7,4,26,46,80,105,64,0,17.6,88,0.4,0.0,1.5,167.2,False,59,1,False
2021-05-20 08:00:00,2021-05-20,8,4,157,173,176,174,170,174,17.8,90,1.3,0.0,1.5,167.2,False,59,1,False
2021-05-20 09:00:00,2021-05-20,9,4,162,159,158,167,162,1145,17.1,95,0.8,1.4,1.0,167.2,False,59,1,False
2021-05-20 10:00:00,2021-05-20,10,4,129,166,169,162,157,631,17.2,98,1.9,2.8,1.0,167.2,False,59,1,False
2021-05-20 11:00:00,2021-05-20,11,4,170,168,178,171,172,1881,16.9,98,2.0,5.3,1.0,167.2,False,59,1,False
2021-05-20 12:00:00,2021-05-20,12,4,115,87,90,130,106,124,16.6,98,2.6,8.4,1.0,167.2,False,59,1,False
2021-05-20 13:00:00,2021-05-20,13,4,181,166,154,162,166,1467,16.5,98,2.1,15.1,1.0,167.2,False,59,1,False
2021-05-20 14:00:00,2021-05-20,14,4,166,156,167,164,163,1175,16.0,97,2.9,15.4,1.0,167.2,False,59,1,False
2021-05-20 15:00:00,2021-05-20,15,4,120,161,159,158,150,809,15.6,97,3.2,15.6,1.0,167.2,False,59,1,False
2021-05-20 16:00:00,2021-05-20,16,4,139,156,155,159,152,2581,15.5,98,2.7,15.9,1.0,167.2,False,59,1,False
2021-05-20 17:00:00,2021-05-20,17,4,104,86,102,110,101,977,15.9,98,2.1,16.1,1.0,167.2,False,59,1,False
2021-05-20 18:00:00,2021-05-20,18,4,112,112,100,100,106,2010,16.2,98,2.0,16.3,1.5,167.2,False,59,1,False
2021-05-20 19:00:00,2021-05-20,19,4,106,107,114,108,109,2901,16.2,98,1.2,16.3,1.5,167.2,False,59,1,False
2021-05-20 20:00:00,2021-05-20,20,4,104,106,117,111,110,3,15.8,98,1.7,16.3,1.5,167.2,False,59,1,False
2021-05-20 21:00:00,2021-05-20,21,4,107,105,101,99,103,2,15.5,98,1.3,16.3,1.5,167.2,False,59,1,False
2021-05-20 22:00:00,2021-05-20,22,4,89,108,111,94,101,10,15.0,98,0.9,16.3,1.5,167.2,False,59,1,False
2021-05-20 23:00:00,2021-05-20,23,4,103,102,98,68,93,0,14.9,98,0.7,16.5,1.5,167.2,False,59,1,False
2021-05-21 00:00:00,2021-05-21,0,5,62,64,59,57,61,820,14.7,98,0.6,16.7,1.5,167.2,False,60,1,False
2021-05-21 01:00:00,2021-05-21,1,5,91,100,93,92,94,219,14.7,98,0.8,0.0,1.5,167.2,False,60,1,False
2021-05-21 02:00:00,2021-05-21,2,5,105,105,108,108,107,498,14.7,98,0.7,0.0,1.5,167.2,False,60,1,False
2021-05-21 03:00:00,2021-05-21,3,5,84,107,100,100,98,393,14.9,98,0.1,0.1,1.5,167.2,False,60,1,False
2021-05-21 04:00:00,2021-05-21,4,5,100,89,97,93,95,31,14.6,98,0.8,0.1,1.5,167.2,False,60,1,False
2021-05-21 05:00:00,2021-05-21,5,5,77,67,89,95,82,344,14.7,98,1.4,0.1,1.5,167.2,False,60,1,False
2021-05-21 06:00:00,2021-05-21,6,5,102,105,98,102,102,40,14.8,98,1.1,0.1,1.5,167.2,False,60,1,False
2021-05-21 07:00:00,2021-05-21,7,5,100,114,135,135,121,1028,16.2,98,0.6,0.1,1.5,167.2,False,60,1,False
2021-05-21 08:00:00,2021-05-21,8,5,144,160,155,154,153,935,17.9,88,1.2,0.1,1.5,167.2,False,60,1,False
2021-05-21 09:00:00,2021-05-21,9,5,145,146,143,141,144,1816,18.4,74,2.9,0.1,1.0,167.2,False,60,1,False
2021-05-21 10:00:00,2021-05-21,10,5,115,139,147,157,140,1580,20.2,64,3.0,0.1,1.0,167.2,False,60,1,False
2021-05-21 11:00:00,2021-05-21,11,5,156,158,160,148,156,1787,20.6,63,2.4,0.1,1.0,167.2,False,60,1,False
2021-05-21 12:00:00,2021-05-21,12,5,96,79,79,116,93,4406,20.2,63,2.2,0.1,1.0,167.2,False,60,1,False
2021-05-21 13:00:00,2021-05-21,13,5,149,147,145,153,149,1126,20.9,58,2.7,0.1,1.0,167.2,False,60,1,False
2021-05-21 14:00:00,2021-05-21,14,5,149,148,158,155,153,1679,20.3,61,2.6,0.1,1.0,167.2,False,60,1,False
2021-05-21 15:00:00,2021-05-21,15,5,115,137,142,135,132,1636,20.5,63,1.3,0.1,1.0,167.2,False,60,1,False
2021-05-21 16:00:00,2021-05-21,16,5,138,144,147,146,144,2311,17.2,88,2.2,0.1,1.0,167.2,False,60,1,False
2021-05-21 17:00:00,2021-05-21,17,5,100,102,140,140,121,205,17.7,88,0.6,0.1,1.0,167.2,False,60,1,False
2021-05-21 18:00:00,2021-05-21,18,5,126,126,134,140,132,775,17.8,74,2.0,0.1,1.5,167.2,False,60,1,False
2021-05-21 19:00:00,2021-05-21,19,5,140,133,121,101,124,2344,17.5,74,1.5,0.1,1.5,167.2,False,60,1,False
2021-05-21 20:00:00,2021-05-21,20,5,98,105,99,111,103,0,16.3,86,1.6,0.1,1.5,167.2,False,60,1,False
2021-05-21 21:00:00,2021-05-21,21,5,109,99,109,104,105,117,16.3,86,1.3,0.1,1.5,167.2,False,60,1,False
2021-05-21 22:00:00,2021-05-21,22,5,85,107,103,109,101,0,15.4,95,0.4,0.2,1.5,167.2,False,60,1,False
2021-05-21 23:00:00,2021-05-21,23,5,106,102,98,66,93,426,15.1,98,1.1,0.3,1.5,167.2,False,60,1,False
2021-05-22 00:00:00,2021-05-22,0,6,57,56,60,61,59,0,15.5,98,1.3,0.0,1.5,167.2,False,48,2,True
2021-05-22 01:00:00,2021-05-22,1,6,91,104,105,103,101,0,15.1,98,1.5,0.0,1.5,167.2,False,48,2,True
2021-05-22 02:00:00,2021-05-22,2,6,100,99,88,95,96,9,15.0,98,1.1,0.0,1.5,167.2,False,48,2,True
2021-05-22 03:00:00,2021-05-22,3,6,83,104,104,103,99,510,14.5,93,1.5,0.0,1.5,167.2,False,48,2,True
2021-05-22 04:00:00,2021-05-22,4,6,100,105,104,96,101,38,13.3,96,0.2,0.0,1.5,167.2,False,48,2,True
2021-05-22 05:00:00,2021-05-22,5,6,72,62,95,107,84,0,14.4,93,2.7,0.0,1.5,167.2,False,48,2,True
2021-05-22 06:00:00,2021-05-22,6,6,112,105,98,93,102,530,15.8,83,2.3,0.0,1.5,167.2,False,48,2,True
2021-05-22 07:00:00,2021-05-22,7,6,82,72,43,28,56,1456,17.5,74,2.3,0.0,1.5,167.2,False,48,2,True
2021-05-22 08:00:00,2021-05-22,8,6,21,20,20,20,20,0,19.2,66,1.4,0.0,1.5,167.2,False,48,2,True
2021-05-22 09:00:00,2021-05-22,9,6,20,20,20,21,20,0,20.3,59,3.5,0.0,1.0,167.2,False,48,2,True
2021-05-22 10:00:00,2021-05-22,10,6,21,21,25,24,23,0,22.1,58,2.3,0.0,1.0,167.2,False,48,2,True
2021-05-22 11:00:00,2021-05-22,11,6,21,21,21,21,21,0,23.2,50,1.7,0.0,1.0,167.2,False,48,2,True
2021-05-22 12:00:00,2021-05-22,12,6,20,21,20,20,20,0,23.1,54,1.9,0.0,1.0,167.2,False,48,2,True
2021-05-22 13:00:00,2021-05-22,13,6,20,20,23,25,22,0,22.9,54,2.3,0.0,1.0,167.2,False,48,2,True
2021-05-22 14:00:00,2021-05-22,14,6,22,20,20,21,21,0,22.8,59,1.9,0.0,1.0,167.2,False,48,2,True
2021-05-22 15:00:00,2021-05-22,15,6,20,20,20,20,20,0,21.8,63,2.5,0.0,1.0,167.2,False,48,2,True
2021-05-22 16:00:00,2021-05-22,16,6,20,20,21,23,21,0,22.3,60,1.8,0.0,1.0,167.2,False,48,2,True
2021-05-22 17:00:00,2021-05-22,17,6,25,21,20,21,22,0,21.9,65,1.1,0.0,1.0,167.2,False,48,2,True
2021-05-22 18:00:00,2021-05-22,18,6,20,20,20,20,20,0,20.3,72,0.4,0.0,1.5,167.2,False,48,2,True
2021-05-22 19:00:00,2021-05-22,19,6,20,20,20,20,20,0,19.3,81,0.1,0.0,1.5,167.2,False,48,2,True
2021-05-22 20:00:00,2021-05-22,20,6,24,24,21,21,23,0,21.9,64,1.5,0.0,1.5,167.2,False,48,2,True
2021-05-22 21:00:00,2021-05-22,21,6,21,21,20,20,21,0,20.5,73,1.5,0.0,1.5,167.2,False,48,2,True
2021-05-22 22:00:00,2021-05-22,22,6,20,20,20,20,20,0,20.7,72,2.2,0.0,1.5,167.2,False,48,2,True
2021-05-22 23:00:00,2021-05-22,23,6,20,21,25,24,23,0,19.6,76,2.4,0.0,1.5,167.2,False,48,2,True
2021-05-23 00:00:00,2021-05-23,0,7,21,21,21,21,21,0,19.0,77,1.5,0.0,1.5,167.2,False,61,1,False
2021-05-23 01:00:00,2021-05-23,1,7,21,20,21,21,21,0,18.4,79,2.3,0.0,1.5,167.2,False,61,1,False
2021-05-23 02:00:00,2021-05-23,2,7,21,21,23,25,23,0,18.6,75,2.2,0.0,1.5,167.2,False,61,1,False
2021-05-23 03:00:00,2021-05-23,3,7,22,21,21,21,21,0,18.1,74,1.6,0.0,1.5,167.2,False,61,1,False
2021-05-23 04:00:00,2021-05-23,4,7,21,21,21,21,21,0,17.2,76,1.5,0.0,1.5,167.2,False,61,1,False
2021-05-23 05:00:00,2021-05-23,5,7,21,21,21,24,22,0,17.9,75,2.0,0.0,1.5,167.2,False,61,1,False
2021-05-23 06:00:00,2021-05-23,6,7,25,22,21,21,22,0,19.4,70,2.4,0.0,1.5,167.2,False,61,1,False
2021-05-23 07:00:00,2021-05-23,7,7,20,20,21,20,20,0,21.0,63,1.9,0.0,1.5,167.2,False,61,1,False
2021-05-23 08:00:00,2021-05-23,8,7,20,20,20,21,20,0,23.4,58,1.5,0.0,1.5,167.2,False,61,1,False
2021-05-23 09:00:00,2021-05-23,9,7,21,25,24,20,23,0,25.0,54,1.4,0.0,1.0,167.2,False,61,1,False
2021-05-23 10:00:00,2021-05-23,10,7,20,20,20,20,20,0,25.8,53,1.5,0.0,1.0,167.2,False,61,1,False
2021-05-23 11:00:00,2021-05-23,11,7,21,21,20,20,21,0,27.6,45,1.6,0.0,1.0,167.2,False,61,1,False
2021-05-23 12:00:00,2021-05-23,12,7,21,22,25,24,23,0,26.6,50,1.6,0.0,1.0,167.2,False,61,1,False
2021-05-23 13:00:00,2021-05-23,13,7,20,21,21,21,21,0,27.3,51,1.4,0.0,1.0,167.2,False,61,1,False
2021-05-23 14:00:00,2021-05-23,14,7,20,20,20,21,20,0,29.0,35,2.1,0.0,1.0,167.2,False,61,1,False
2021-05-23 15:00:00,2021-05-23,15,7,20,21,21,23,21,0,29.0,29,3.2,0.0,1.0,167.2,False,61,1,False
2021-05-23 16:00:00,2021-05-23,16,7,25,21,21,21,22,0,28.0,31,3.3,0.0,1.0,167.2,False,61,1,False
2021-05-23 17:00:00,2021-05-23,17,7,20,20,20,20,20,0,27.0,37,3.1,0.0,1.0,167.2,False,61,1,False
2021-05-23 18:00:00,2021-05-23,18,7,21,20,20,23,21,0,26.1,45,2.5,0.0,1.5,167.2,False,61,1,False
2021-05-23 19:00:00,2021-05-23,19,7,25,21,20,20,22,0,24.7,54,1.1,0.0,1.5,167.2,False,61,1,False
2021-05-23 20:00:00,2021-05-23,20,7,20,20,20,20,20,0,23.2,64,0.6,0.0,1.5,167.2,False,61,1,False
2021-05-23 21:00:00,2021-05-23,21,7,21,20,21,21,21,0,23.0,62,1.2,0.0,1.5,167.2,False,61,1,False
2021-05-23 22:00:00,2021-05-23,22,7,25,24,21,21,23,0,23.3,57,2.1,0.0,1.5,167.2,False,61,1,False
2021-05-23 23:00:00,2021-05-23,23,7,21,20,20,21,21,0,22.5,57,2.1,0.0,1.5,167.2,False,61,1,False
2021-05-24 00:00:00,2021-05-24,0,1,21,20,20,20,20,0,22.3,52,1.0,0.0,1.5,167.2,False,46,3,True
2021-05-24 01:00:00,2021-05-24,1,1,23,25,22,20,23,0,21.6,55,1.2,0.0,1.5,167.2,False,46,3,True
2021-05-24 02:00:00,2021-05-24,2,1,20,20,20,21,20,0,20.4,67,0.6,0.0,1.5,167.2,False,46,3,True
2021-05-24 03:00:00,2021-05-24,3,1,21,20,20,20,20,0,19.6,79,0.4,0.0,1.5,167.2,False,46,3,True
2021-05-24 04:00:00,2021-05-24,4,1,21,23,25,22,23,0,19.9,74,0.8,0.0,1.5,167.2,False,46,3,True
2021-05-24 05:00:00,2021-05-24,5,1,20,20,20,20,20,0,20.7,62,1.3,0.0,1.5,167.2,False,46,3,True
2021-05-24 06:00:00,2021-05-24,6,1,20,20,20,20,20,0,19.3,77,0.3,0.0,1.5,167.2,False,46,3,True
2021-05-24 07:00:00,2021-05-24,7,1,26,31,58,101,54,0,18.3,86,1.2,0.3,1.5,167.2,False,46,3,True
2021-05-24 08:00:00,2021-05-24,8,1,146,152,172,171,160,321,18.1,87,1.3,0.7,1.5,167.2,False,46,3,True
2021-05-24 09:00:00,2021-05-24,9,1,167,157,165,162,163,751,18.0,91,1.1,0.9,1.0,167.2,False,46,3,True
2021-05-24 10:00:00,2021-05-24,10,1,132,162,165,159,155,290,18.5,86,0.3,0.9,1.0,167.2,False,46,3,True
2021-05-24 11:00:00,2021-05-24,11,1,168,158,163,168,164,2479,19.3,83,1.4,0.9,1.0,167.2,False,46,3,True
2021-05-24 12:00:00,2021-05-24,12,1,114,89,89,123,104,98,21.1,67,1.1,0.9,1.0,167.2,False,46,3,True
2021-05-24 13:00:00,2021-05-24,13,1,147,159,160,152,155,1982,23.4,60,1.7,0.9,1.0,167.2,False,46,3,True
2021-05-24 14:00:00,2021-05-24,14,1,153,159,160,164,159,1083,22.4,59,2.8,0.9,1.0,167.2,False,46,3,True
2021-05-24 15:00:00,2021-05-24,15,1,132,165,162,157,154,1428,21.6,65,2.7,0.9,1.0,167.2,False,46,3,True
2021-05-24 16:00:00,2021-05-24,16,1,152,144,141,150,147,970,20.8,72,1.8,0.9,1.0,167.2,False,46,3,True
2021-05-24 17:00:00,2021-05-24,17,1,106,99,147,163,129,1942,19.3,75,1.3,0.9,1.0,167.2,False,46,3,True
2021-05-24 18:00:00,2021-05-24,18,1,152,147,148,140,147,1279,19.0,82,0.8,0.9,1.5,167.2,False,46,3,True
2021-05-24 19:00:00,2021-05-24,19,1,131,146,134,110,130,3527,17.9,88,0.9,0.9,1.5,167.2,False,46,3,True
2021-05-24 20:00:00,2021-05-24,20,1,102,108,110,104,106,1,18.1,85,1.5,0.9,1.5,167.2,False,46,3,True
2021-05-24 21:00:00,2021-05-24,21,1,106,109,107,103,106,384,18.9,78,2.5,0.9,1.5,167.2,False,46,3,True
2021-05-24 22:00:00,2021-05-24,22,1,82,112,109,115,105,50,18.9,62,2.6,0.9,1.5,167.2,False,46,3,True
2021-05-24 23:00:00,2021-05-24,23,1,112,104,99,77,98,0,18.3,48,2.7,0.9,1.5,167.2,False,46,3,True
2021-05-25 00:00:00,2021-05-25,0,2,62,58,56,57,58,636,18.7,39,2.3,0.0,1.5,167.2,False,47,5,True
2021-05-25 01:00:00,2021-05-25,1,2,82,106,104,104,99,258,18.3,34,2.3,0.0,1.5,167.2,False,47,5,True
2021-05-25 02:00:00,2021-05-25,2,2,98,107,104,95,101,206,18.0,36,2.0,0.0,1.5,167.2,False,47,5,True
2021-05-25 03:00:00,2021-05-25,3,2,81,104,103,103,98,112,17.5,39,2.2,0.0,1.5,167.2,False,47,5,True
2021-05-25 04:00:00,2021-05-25,4,2,91,106,111,107,104,133,13.9,58,0.3,0.0,1.5,167.2,False,47,5,True
2021-05-25 05:00:00,2021-05-25,5,2,80,69,97,110,89,0,14.8,58,0.8,0.0,1.5,167.2,False,47,5,True
2021-05-25 06:00:00,2021-05-25,6,2,112,108,102,103,106,281,15.0,64,0.9,0.0,1.5,167.2,False,47,5,True
2021-05-25 07:00:00,2021-05-25,7,2,104,108,137,140,122,1788,16.1,66,1.2,0.0,1.5,167.2,False,47,5,True
2021-05-25 08:00:00,2021-05-25,8,2,162,174,164,153,163,531,17.3,60,0.6,0.0,1.5,167.2,False,47,5,True
2021-05-25 09:00:00,2021-05-25,9,2,163,143,152,152,153,696,19.7,55,1.3,0.0,1.0,167.2,False,47,5,True
2021-05-25 10:00:00,2021-05-25,10,2,125,173,172,172,161,272,20.8,39,4.4,0.3,1.0,167.2,False,47,5,True
2021-05-25 11:00:00,2021-05-25,11,2,165,161,155,143,156,1617,22.9,44,4.3,0.3,1.0,167.2,False,47,5,True
2021-05-25 12:00:00,2021-05-25,12,2,102,77,77,110,92,34,23.4,39,4.3,0.0,1.0,167.2,False,47,5,True
2021-05-25 13:00:00,2021-05-25,13,2,145,146,154,158,151,1870,23.9,33,3.9,0.0,1.0,167.2,False,47,5,True
2021-05-25 14:00:00,2021-05-25,14,2,156,167,163,158,161,986,23.2,34,4.3,0.0,1.0,167.2,False,47,5,True
2021-05-25 15:00:00,2021-05-25,15,2,123,151,161,156,148,1093,23.8,30,4.2,0.0,1.0,167.2,False,47,5,True
2021-05-25 16:00:00,2021-05-25,16,2,155,155,152,142,151,3956,23.3,26,3.4,0.0,1.0,167.2,False,47,5,True
2021-05-25 17:00:00,2021-05-25,17,2,107,85,120,134,112,608,22.7,25,3.1,0.0,1.0,167.2,False,47,5,True
2021-05-25 18:00:00,2021-05-25,18,2,130,146,138,148,141,1607,20.6,29,1.4,0.0,1.5,167.2,False,47,5,True
2021-05-25 19:00:00,2021-05-25,19,2,138,139,131,113,130,4666,19.1,30,2.2,0.0,1.5,167.2,False,47,5,True
2021-05-25 20:00:00,2021-05-25,20,2,106,108,127,136,119,21,17.3,36,2.1,0.0,1.5,167.2,False,47,5,True
2021-05-25 21:00:00,2021-05-25,21,2,122,124,117,113,119,227,16.0,38,1.3,0.0,1.5,167.2,False,47,5,True
2021-05-25 22:00:00,2021-05-25,22,2,85,118,113,108,106,271,14.6,42,1.3,0.0,1.5,167.2,False,47,5,True
2021-05-25 23:00:00,2021-05-25,23,2,117,113,94,77,100,152,15.4,41,2.4,0.0,1.5,167.2,False,47,5,True
2021-05-26 00:00:00,2021-05-26,0,3,62,57,57,57,58,140,14.8,41,1.9,0.0,1.5,167.2,False,62,1,False
2021-05-26 01:00:00,2021-05-26,1,3,85,100,104,103,98,159,13.1,51,1.2,0.0,1.5,167.2,False,62,1,False
2021-05-26 02:00:00,2021-05-26,2,3,102,105,95,103,101,268,12.3,61,0.6,0.0,1.5,167.2,False,62,1,False
2021-05-26 03:00:00,2021-05-26,3,3,93,105,106,106,103,228,13.2,50,0.9,0.0,1.5,167.2,False,62,1,False
2021-05-26 04:00:00,2021-05-26,4,3,104,88,103,103,100,78,13.5,47,1.3,0.0,1.5,167.2,False,62,1,False
2021-05-26 05:00:00,2021-05-26,5,3,87,68,101,119,94,123,13.2,53,0.2,0.0,1.5,167.2,False,62,1,False
2021-05-26 06:00:00,2021-05-26,6,3,103,96,102,100,100,554,13.9,54,0.9,0.0,1.5,167.2,False,62,1,False
2021-05-26 07:00:00,2021-05-26,7,3,100,111,140,131,121,1505,14.8,51,3.1,0.0,1.5,167.2,False,62,1,False
2021-05-26 08:00:00,2021-05-26,8,3,141,156,158,165,155,1027,17.3,53,1.1,0.0,1.5,167.2,False,62,1,False
2021-05-26 09:00:00,2021-05-26,9,3,148,159,160,147,154,824,19.2,37,1.6,0.0,1.0,167.2,False,62,1,False
2021-05-26 10:00:00,2021-05-26,10,3,115,148,159,164,147,2179,21.2,34,1.3,0.0,1.0,167.2,False,62,1,False
2021-05-26 11:00:00,2021-05-26,11,3,149,151,166,160,157,608,22.1,33,2.1,0.0,1.0,167.2,False,62,1,False
2021-05-26 12:00:00,2021-05-26,12,3,96,74,75,118,91,12,22.6,39,2.2,0.0,1.0,167.2,False,62,1,False
2021-05-26 13:00:00,2021-05-26,13,3,161,166,159,140,157,2094,23.2,43,1.8,0.0,1.0,167.2,False,62,1,False
2021-05-26 14:00:00,2021-05-26,14,3,151,163,163,151,157,2331,23.1,39,2.6,0.0,1.0,167.2,False,62,1,False
2021-05-26 15:00:00,2021-05-26,15,3,123,145,150,160,145,1622,22.4,30,3.5,0.0,1.0,167.2,False,62,1,False
2021-05-26 16:00:00,2021-05-26,16,3,144,133,136,134,137,1630,22.0,27,3.3,0.0,1.0,167.2,False,62,1,False
2021-05-26 17:00:00,2021-05-26,17,3,102,93,124,148,117,135,21.6,28,2.9,0.0,1.0,167.2,False,62,1,False
2021-05-26 18:00:00,2021-05-26,18,3,143,130,132,127,133,1712,20.8,29,4.4,0.0,1.5,167.2,False,62,1,False
2021-05-26 19:00:00,2021-05-26,19,3,132,128,137,126,131,2100,20.0,29,4.0,0.0,1.5,167.2,False,62,1,False
2021-05-26 20:00:00,2021-05-26,20,3,119,118,110,113,115,8,19.6,42,2.9,0.0,1.5,167.2,False,62,1,False
2021-05-26 21:00:00,2021-05-26,21,3,100,107,103,106,104,226,19.3,52,3.4,0.0,1.5,167.2,False,62,1,False
2021-05-26 22:00:00,2021-05-26,22,3,91,102,97,97,97,381,18.5,66,3.5,0.0,1.5,167.2,False,62,1,False
2021-05-26 23:00:00,2021-05-26,23,3,96,103,107,85,98,0,16.8,71,3.8,0.0,1.5,167.2,False,62,1,False
2021-05-27 00:00:00,2021-05-27,0,4,68,61,59,58,62,209,16.6,72,3.5,0.0,1.5,167.2,False,49,3,True
2021-05-27 01:00:00,2021-05-27,1,4,86,92,102,101,95,119,15.9,80,3.3,0.0,1.5,167.2,False,49,3,True
2021-05-27 02:00:00,2021-05-27,2,4,105,100,90,107,101,142,15.7,82,2.8,0.0,1.5,167.2,False,49,3,True
2021-05-27 03:00:00,2021-05-27,3,4,87,102,93,94,94,213,15.3,85,2.5,0.0,1.5,167.2,False,49,3,True
2021-05-27 04:00:00,2021-05-27,4,4,95,94,102,105,99,176,15.0,90,1.2,0.0,1.5,167.2,False,49,3,True
2021-05-27 05:00:00,2021-05-27,5,4,79,69,94,101,86,116,15.0,91,0.9,0.0,1.5,167.2,False,49,3,True
2021-05-27 06:00:00,2021-05-27,6,4,105,104,89,84,96,357,15.2,90,0.3,0.0,1.5,167.2,False,49,3,True
2021-05-27 07:00:00,2021-05-27,7,4,100,115,140,149,126,2019,15.9,87,0.6,0.0,1.5,167.2,False,49,3,True
2021-05-27 08:00:00,2021-05-27,8,4,145,176,121,166,152,427,16.4,85,1.5,0.0,1.5,167.2,False,49,3,True
2021-05-27 09:00:00,2021-05-27,9,4,167,156,166,165,164,2079,17.6,83,1.5,0.0,1.0,167.2,False,49,3,True
2021-05-27 10:00:00,2021-05-27,10,4,116,155,156,165,148,4955,18.7,74,3.3,0.0,1.0,167.2,False,49,3,True
2021-05-27 11:00:00,2021-05-27,11,4,165,162,163,168,165,1339,21.1,68,3.4,0.0,1.0,167.2,False,49,3,True
2021-05-27 12:00:00,2021-05-27,12,4,99,74,75,111,90,156,20.8,67,4.0,0.0,1.0,167.2,False,49,3,True
2021-05-27 13:00:00,2021-05-27,13,4,164,164,165,161,164,811,22.1,59,4.5,0.0,1.0,167.2,False,49,3,True
2021-05-27 14:00:00,2021-05-27,14,4,143,144,163,158,152,2083,23.4,55,3.8,0.0,1.0,167.2,False,49,3,True
2021-05-27 15:00:00,2021-05-27,15,4,131,152,148,144,144,906,23.8,52,4.1,0.0,1.0,167.2,False,49,3,True
2021-05-27 16:00:00,2021-05-27,16,4,144,138,149,144,144,1851,23.7,51,4.1,0.0,1.0,167.2,False,49,3,True
2021-05-27 17:00:00,2021-05-27,17,4,104,85,124,142,114,113,24.0,49,2.5,0.0,1.0,167.2,False,49,3,True
2021-05-27 18:00:00,2021-05-27,18,4,140,137,116,103,124,1428,22.7,50,2.0,0.0,1.5,167.2,False,49,3,True
2021-05-27 19:00:00,2021-05-27,19,4,101,91,95,109,99,374,20.8,57,1.8,0.0,1.5,167.2,False,49,3,True
2021-05-27 20:00:00,2021-05-27,20,4,107,116,123,127,118,0,20.0,57,1.1,0.0,1.5,167.2,False,49,3,True
2021-05-27 21:00:00,2021-05-27,21,4,117,114,106,115,113,30,18.8,63,1.7,0.0,1.5,167.2,False,49,3,True
2021-05-27 22:00:00,2021-05-27,22,4,98,109,102,97,102,81,18.2,59,1.6,0.0,1.5,167.2,False,49,3,True
2021-05-27 23:00:00,2021-05-27,23,4,99,107,107,76,97,633,17.1,63,1.5,0.0,1.5,167.2,False,49,3,True
2021-05-28 00:00:00,2021-05-28,0,5,63,61,59,59,61,160,15.3,69,0.6,0.0,1.5,167.2,False,50,3,True
2021-05-28 01:00:00,2021-05-28,1,5,85,98,107,109,100,108,14.1,73,1.0,0.0,1.5,167.2,False,50,3,True
2021-05-28 02:00:00,2021-05-28,2,5,103,101,103,100,102,220,13.5,77,1.0,0.0,1.5,167.2,False,50,3,True
2021-05-28 03:00:00,2021-05-28,3,5,83,97,101,113,99,93,13.2,77,0.8,0.0,1.5,167.2,False,50,3,True
2021-05-28 04:00:00,2021-05-28,4,5,109,103,101,105,105,128,13.2,78,1.6,0.0,1.5,167.2,False,50,3,True
2021-05-28 05:00:00,2021-05-28,5,5,81,71,100,114,92,27,14.2,77,1.5,0.0,1.5,167.2,False,50,3,True
2021-05-28 06:00:00,2021-05-28,6,5,107,107,114,107,109,51,16.2,73,0.8,0.0,1.5,167.2,False,50,3,True
2021-05-28 07:00:00,2021-05-28,7,5,98,100,134,128,115,2813,17.9,58,1.4,0.0,1.5,167.2,False,50,3,True
2021-05-28 08:00:00,2021-05-28,8,5,151,175,166,164,164,100,20.8,50,2.0,0.0,1.5,167.2,False,50,3,True
2021-05-28 09:00:00,2021-05-28,9,5,157,153,160,168,160,1462,23.6,35,4.6,0.0,1.0,167.2,False,50,3,True
2021-05-28 10:00:00,2021-05-28,10,5,122,156,166,159,151,661,23.9,41,6.4,0.0,1.0,167.2,False,50,3,True
2021-05-28 11:00:00,2021-05-28,11,5,160,172,169,168,167,1637,24.0,50,6.1,0.0,1.0,167.2,False,50,3,True
2021-05-28 12:00:00,2021-05-28,12,5,107,83,83,118,98,498,25.5,50,4.2,0.0,1.0,167.2,False,50,3,True
2021-05-28 13:00:00,2021-05-28,13,5,157,168,167,157,162,912,25.1,47,5.5,0.0,1.0,167.2,False,50,3,True
2021-05-28 14:00:00,2021-05-28,14,5,151,150,150,152,151,170,23.2,58,5.4,0.0,1.0,167.2,False,50,3,True
2021-05-28 15:00:00,2021-05-28,15,5,119,148,152,141,140,1078,14.4,84,3.7,3.6,1.0,167.2,False,50,3,True
2021-05-28 16:00:00,2021-05-28,16,5,131,133,137,145,137,5505,13.6,98,1.0,28.9,1.0,167.2,False,50,3,True
2021-05-28 17:00:00,2021-05-28,17,5,99,96,147,158,125,300,15.2,98,1.6,31.2,1.0,167.2,False,50,3,True
2021-05-28 18:00:00,2021-05-28,18,5,157,155,146,134,148,1060,15.1,98,0.9,31.2,1.5,167.2,False,50,3,True
2021-05-28 19:00:00,2021-05-28,19,5,122,123,114,108,117,1090,14.7,98,1.0,31.2,1.5,167.2,False,50,3,True
2021-05-28 20:00:00,2021-05-28,20,5,96,105,107,112,105,80,14.7,98,1.4,31.2,1.5,167.2,False,50,3,True
2021-05-28 21:00:00,2021-05-28,21,5,108,116,113,108,111,61,14.4,98,0.4,31.2,1.5,167.2,False,50,3,True
2021-05-28 22:00:00,2021-05-28,22,5,89,111,107,104,103,617,13.9,98,0.1,31.2,1.5,167.2,False,50,3,True
2021-05-28 23:00:00,2021-05-28,23,5,100,97,98,83,95,42,14.2,98,0.1,31.2,1.5,167.2,False,50,3,True
2021-05-29 00:00:00,2021-05-29,0,6,67,62,59,57,61,32,13.2,98,0.7,0.0,1.5,167.2,False,63,1,False
2021-05-29 01:00:00,2021-05-29,1,6,90,100,98,107,99,578,13.4,98,1.5,0.0,1.5,167.2,False,63,1,False
2021-05-29 02:00:00,2021-05-29,2,6,103,90,92,95,95,111,13.1,98,0.1,0.0,1.5,167.2,False,63,1,False
2021-05-29 03:00:00,2021-05-29,3,6,84,105,97,96,96,216,13.4,98,1.0,0.0,1.5,167.2,False,63,1,False
2021-05-29 04:00:00,2021-05-29,4,6,106,104,96,100,102,230,12.1,98,0.0,0.0,1.5,167.2,False,63,1,False
2021-05-29 05:00:00,2021-05-29,5,6,86,72,93,101,88,6,13.0,98,0.7,0.0,1.5,167.2,False,63,1,False
2021-05-29 06:00:00,2021-05-29,6,6,105,103,100,90,100,368,15.1,95,0.7,0.0,1.5,167.2,False,63,1,False
2021-05-29 07:00:00,2021-05-29,7,6,84,83,60,31,65,1530,17.5,66,1.4,0.0,1.5,167.2,False,63,1,False
2021-05-29 08:00:00,2021-05-29,8,6,26,25,21,21,23,0,18.4,62,1.8,0.0,1.5,167.2,False,63,1,False
2021-05-29 09:00:00,2021-05-29,9,6,21,21,21,21,21,0,20.4,50,2.7,0.0,1.0,167.2,False,63,1,False
2021-05-29 10:00:00,2021-05-29,10,6,21,21,21,21,21,0,21.5,46,3.8,0.0,1.0,167.2,False,63,1,False
2021-05-29 11:00:00,2021-05-29,11,6,21,25,26,21,23,0,23.1,42,3.1,0.0,1.0,167.2,False,63,1,False
2021-05-29 12:00:00,2021-05-29,12,6,21,21,21,21,21,0,23.9,38,2.0,0.0,1.0,167.2,False,63,1,False
2021-05-29 13:00:00,2021-05-29,13,6,21,20,20,21,21,0,25.1,34,2.6,0.0,1.0,167.2,False,63,1,False
2021-05-29 14:00:00,2021-05-29,14,6,21,21,22,26,23,0,25.5,32,3.6,0.0,1.0,167.2,False,63,1,False
2021-05-29 15:00:00,2021-05-29,15,6,23,21,21,21,22,0,24.9,32,2.8,0.0,1.0,167.2,False,63,1,False
2021-05-29 16:00:00,2021-05-29,16,6,21,21,20,20,21,0,24.0,46,1.2,0.0,1.0,167.2,False,63,1,False
2021-05-29 17:00:00,2021-05-29,17,6,21,21,21,24,22,0,22.6,48,0.7,0.0,1.0,167.2,False,63,1,False
2021-05-29 18:00:00,2021-05-29,18,6,26,23,21,21,23,0,21.8,56,1.2,0.0,1.5,167.2,False,63,1,False
2021-05-29 19:00:00,2021-05-29,19,6,21,21,21,21,21,0,21.6,55,2.2,0.0,1.5,167.2,False,63,1,False
2021-05-29 20:00:00,2021-05-29,20,6,21,21,21,21,21,0,20.8,56,1.8,0.0,1.5,167.2,False,63,1,False
2021-05-29 21:00:00,2021-05-29,21,6,21,25,26,21,23,0,19.7,61,1.8,0.0,1.5,167.2,False,63,1,False
2021-05-29 22:00:00,2021-05-29,22,6,21,21,22,21,21,0,19.0,64,2.0,0.0,1.5,167.2,False,63,1,False
2021-05-29 23:00:00,2021-05-29,23,6,21,21,21,21,21,0,17.6,72,1.9,0.0,1.5,167.2,False,63,1,False
2021-05-30 00:00:00,2021-05-30,0,7,22,22,26,26,24,0,16.9,74,1.8,0.0,1.5,167.2,False,4,15,True
2021-05-30 01:00:00,2021-05-30,1,7,21,21,21,22,21,0,16.0,77,1.4,0.0,1.5,167.2,False,4,15,True
2021-05-30 02:00:00,2021-05-30,2,7,21,21,21,22,21,0,16.4,73,1.3,0.0,1.5,167.2,False,4,15,True
2021-05-30 03:00:00,2021-05-30,3,7,22,22,22,24,23,0,15.8,75,1.6,0.0,1.5,167.2,False,4,15,True
2021-05-30 04:00:00,2021-05-30,4,7,26,24,22,21,23,0,15.2,77,1.6,0.0,1.5,167.2,False,4,15,True
2021-05-30 05:00:00,2021-05-30,5,7,21,21,21,22,21,0,15.7,79,1.5,0.0,1.5,167.2,False,4,15,True
2021-05-30 06:00:00,2021-05-30,6,7,22,21,21,21,21,0,17.3,75,0.4,0.0,1.5,167.2,False,4,15,True
2021-05-30 07:00:00,2021-05-30,7,7,21,26,26,22,24,0,19.2,63,1.4,0.0,1.5,167.2,False,4,15,True
2021-05-30 08:00:00,2021-05-30,8,7,21,21,21,21,21,0,21.6,53,1.2,0.0,1.5,167.2,False,4,15,True
2021-05-30 09:00:00,2021-05-30,9,7,21,21,21,21,21,0,23.5,47,1.1,0.0,1.0,167.2,False,4,15,True
2021-05-30 10:00:00,2021-05-30,10,7,21,21,22,26,23,0,22.8,52,2.3,0.0,1.0,167.2,False,4,15,True
2021-05-30 11:00:00,2021-05-30,11,7,25,21,21,21,22,0,23.3,47,2.2,0.0,1.0,167.2,False,4,15,True
2021-05-30 12:00:00,2021-05-30,12,7,21,21,21,21,21,0,23.8,47,2.0,0.0,1.0,167.2,False,4,15,True
2021-05-30 13:00:00,2021-05-30,13,7,21,21,21,21,21,0,22.5,45,3.5,0.0,1.0,167.2,False,4,15,True
2021-05-30 14:00:00,2021-05-30,14,7,24,25,21,21,23,0,22.0,46,3.4,0.0,1.0,167.2,False,4,15,True
2021-05-30 15:00:00,2021-05-30,15,7,21,21,21,21,21,0,22.8,51,1.8,0.0,1.0,167.2,False,4,15,True
2021-05-30 16:00:00,2021-05-30,16,7,21,21,21,21,21,0,21.2,54,1.8,0.0,1.0,167.2,False,4,15,True
2021-05-30 17:00:00,2021-05-30,17,7,24,26,22,21,23,0,20.7,60,1.4,0.0,1.0,167.2,False,4,15,True
2021-05-30 18:00:00,2021-05-30,18,7,21,21,21,21,21,0,19.3,67,2.1,0.0,1.5,167.2,False,4,15,True
2021-05-30 19:00:00,2021-05-30,19,7,21,21,21,21,21,0,17.9,80,0.2,0.0,1.5,167.2,False,4,15,True
2021-05-30 20:00:00,2021-05-30,20,7,22,26,24,21,23,0,17.6,84,0.6,0.0,1.5,167.2,False,4,15,True
2021-05-30 21:00:00,2021-05-30,21,7,21,21,21,22,21,0,17.3,85,0.8,0.0,1.5,167.2,False,4,15,True
2021-05-30 22:00:00,2021-05-30,22,7,21,21,21,21,21,0,17.0,88,0.7,0.0,1.5,167.2,False,4,15,True
2021-05-30 23:00:00,2021-05-30,23,7,21,24,26,25,24,0,16.0,93,0.3,0.0,1.5,167.2,False,4,15,True
2021-05-31 00:00:00,2021-05-31,0,1,21,21,21,21,21,0,15.5,95,0.6,0.0,1.5,167.2,False,64,1,False
2021-05-31 01:00:00,2021-05-31,1,1,21,21,21,21,21,0,15.3,98,0.0,0.0,1.5,167.2,False,64,1,False
2021-05-31 02:00:00,2021-05-31,2,1,21,21,21,22,21,0,15.2,98,0.3,0.0,1.5,167.2,False,64,1,False
2021-05-31 03:00:00,2021-05-31,3,1,26,24,21,22,23,0,15.5,98,1.6,0.0,1.5,167.2,False,64,1,False
2021-05-31 04:00:00,2021-05-31,4,1,21,21,21,21,21,0,15.8,98,1.1,0.0,1.5,167.2,False,64,1,False
2021-05-31 05:00:00,2021-05-31,5,1,21,21,20,21,21,0,16.1,98,1.3,0.2,1.5,167.2,False,64,1,False
2021-05-31 06:00:00,2021-05-31,6,1,22,26,25,21,24,0,15.8,98,0.9,0.6,1.5,167.2,False,64,1,False
2021-05-31 07:00:00,2021-05-31,7,1,22,35,56,83,49,0,15.6,98,2.3,0.6,1.5,167.2,False,64,1,False
2021-05-31 08:00:00,2021-05-31,8,1,145,153,169,171,160,697,17.4,95,1.7,0.6,1.5,167.2,False,64,1,False
2021-05-31 09:00:00,2021-05-31,9,1,168,170,171,168,169,901,21.5,61,0.6,0.6,1.0,167.2,False,64,1,False
2021-05-31 10:00:00,2021-05-31,10,1,134,172,169,164,160,1373,22.1,62,1.8,0.6,1.0,167.2,False,64,1,False
2021-05-31 11:00:00,2021-05-31,11,1,167,165,167,170,167,1278,24.4,47,2.1,0.6,1.0,167.2,False,64,1,False
2021-05-31 12:00:00,2021-05-31,12,1,115,93,88,119,104,246,23.8,48,2.0,0.6,1.0,167.2,False,64,1,False
2021-05-31 13:00:00,2021-05-31,13,1,157,164,157,159,159,647,24.7,48,2.0,0.6,1.0,167.2,False,64,1,False
2021-05-31 14:00:00,2021-05-31,14,1,156,148,161,157,156,806,23.3,52,2.9,0.6,1.0,167.2,False,64,1,False
2021-05-31 15:00:00,2021-05-31,15,1,119,145,151,154,142,2767,23.2,59,2.7,0.6,1.0,167.2,False,64,1,False
2021-05-31 16:00:00,2021-05-31,16,1,146,141,149,150,147,2857,21.5,51,3.2,0.6,1.0,167.2,False,64,1,False
2021-05-31 17:00:00,2021-05-31,17,1,111,93,135,162,125,705,20.8,55,1.8,0.6,1.0,167.2,False,64,1,False
2021-05-31 18:00:00,2021-05-31,18,1,168,159,145,154,157,1370,19.9,73,2.8,0.6,1.5,167.2,False,64,1,False
2021-05-31 19:00:00,2021-05-31,19,1,150,150,158,124,146,3082,18.7,86,1.6,0.6,1.5,167.2,False,64,1,False
2021-05-31 20:00:00,2021-05-31,20,1,114,113,118,107,113,186,18.0,76,1.0,0.6,1.5,167.2,False,64,1,False
2021-05-31 21:00:00,2021-05-31,21,1,102,114,121,116,113,130,17.1,78,0.4,0.6,1.5,167.2,False,64,1,False
2021-05-31 22:00:00,2021-05-31,22,1,98,102,103,107,103,77,17.0,89,0.5,0.6,1.5,167.2,False,64,1,False
2021-05-31 23:00:00,2021-05-31,23,1,109,110,105,71,99,154,16.6,95,0.6,0.6,1.5,167.2,False,64,1,False
2021-06-01 00:00:00,2021-06-01,0,2,62,61,61,61,61,457,15.8,96,0.6,0.0,1.5,191.6,False,23,3,True
2021-06-01 01:00:00,2021-06-01,1,2,89,94,106,105,99,80,15.3,98,0.6333333333333333,0.0,1.5,191.6,False,23,3,True
2021-06-01 02:00:00,2021-06-01,2,2,102,99,107,106,104,135,15.2,96,0.6666666666666666,0.0,1.5,191.6,False,23,3,True
2021-06-01 03:00:00,2021-06-01,3,2,98,104,101,107,103,51,14.4,97,0.7,0.0,1.5,191.6,False,23,3,True
2021-06-01 04:00:00,2021-06-01,4,2,107,106,106,100,105,138,14.5,98,1.5,0.0,1.5,191.6,False,23,3,True
2021-06-01 05:00:00,2021-06-01,5,2,84,78,93,103,90,64,14.8,98,1.3,0.0,1.5,191.6,False,23,3,True
2021-06-01 06:00:00,2021-06-01,6,2,116,106,106,106,109,48,16.8,93,1.2,0.0,1.5,191.6,False,23,3,True
2021-06-01 07:00:00,2021-06-01,7,2,101,109,139,139,122,1235,19.1,68,0.6,0.0,1.5,191.6,False,23,3,True
2021-06-01 08:00:00,2021-06-01,8,2,165,178,179,195,179,1518,21.8,54,1.0,0.0,1.5,191.6,False,23,3,True
2021-06-01 09:00:00,2021-06-01,9,2,175,167,168,182,173,966,22.3,48,0.9,0.0,1.0,191.6,False,23,3,True
2021-06-01 10:00:00,2021-06-01,10,2,134,183,178,187,171,715,24.4,40,1.7,0.0,1.0,191.6,False,23,3,True
2021-06-01 11:00:00,2021-06-01,11,2,184,180,177,156,174,330,24.4,38,2.3,0.0,1.0,191.6,False,23,3,True
2021-06-01 12:00:00,2021-06-01,12,2,93,80,80,121,94,554,24.5,39,1.6,0.0,1.0,191.6,False,23,3,True
2021-06-01 13:00:00,2021-06-01,13,2,163,175,177,163,170,476,25.0,38,2.2,0.0,1.0,191.6,False,23,3,True
2021-06-01 14:00:00,2021-06-01,14,2,167,167,163,161,165,2349,25.2,37,2.0,0.0,1.0,191.6,False,23,3,True
2021-06-01 15:00:00,2021-06-01,15,2,130,156,159,162,152,1584,24.9,37,1.8,0.0,1.0,191.6,False,23,3,True
2021-06-01 16:00:00,2021-06-01,16,2,167,151,161,169,162,1645,23.1,43,1.9,0.0,1.0,191.6,False,23,3,True
2021-06-01 17:00:00,2021-06-01,17,2,107,95,137,155,124,438,22.1,49,1.4,0.0,1.0,191.6,False,23,3,True
2021-06-01 18:00:00,2021-06-01,18,2,161,139,143,143,147,1643,21.6,54,0.5,0.0,1.5,191.6,False,23,3,True
2021-06-01 19:00:00,2021-06-01,19,2,140,141,158,135,144,2795,20.6,60,0.6,0.0,1.5,191.6,False,23,3,True
2021-06-01 20:00:00,2021-06-01,20,2,124,123,116,120,121,112,20.0,66,0.2,0.0,1.5,191.6,False,23,3,True
2021-06-01 21:00:00,2021-06-01,21,2,128,124,117,115,121,158,19.8,69,0.1,0.0,1.5,191.6,False,23,3,True
2021-06-01 22:00:00,2021-06-01,22,2,97,113,101,112,106,140,19.5,71,0.1,0.0,1.5,191.6,False,23,3,True
2021-06-01 23:00:00,2021-06-01,23,2,110,106,107,71,99,73,19.0,75,0.4,0.0,1.5,191.6,False,23,3,True
2021-06-02 00:00:00,2021-06-02,0,3,63,62,62,62,62,0,18.6,83,1.0,0.0,1.5,191.6,False,24,3,True
2021-06-02 01:00:00,2021-06-02,1,3,90,101,106,111,102,8,18.0,87,1.2,0.0,1.5,191.6,False,24,3,True
2021-06-02 02:00:00,2021-06-02,2,3,107,105,113,110,109,322,17.7,88,1.2,0.0,1.5,191.6,False,24,3,True
2021-06-02 03:00:00,2021-06-02,3,3,89,108,110,107,104,268,17.8,82,1.8,0.0,1.5,191.6,False,24,3,True
2021-06-02 04:00:00,2021-06-02,4,3,107,100,99,93,100,102,18.0,84,1.8,0.0,1.5,191.6,False,24,3,True
2021-06-02 05:00:00,2021-06-02,5,3,70,67,95,106,85,0,18.3,77,0.2,0.0,1.5,191.6,False,24,3,True
2021-06-02 06:00:00,2021-06-02,6,3,116,99,96,99,103,160,19.5,73,0.4,0.0,1.5,191.6,False,24,3,True
2021-06-02 07:00:00,2021-06-02,7,3,109,119,149,151,132,1339,21.0,70,0.7,0.0,1.5,191.6,False,24,3,True
2021-06-02 08:00:00,2021-06-02,8,3,167,173,172,177,172,338,24.0,55,0.6,0.0,1.5,191.6,False,24,3,True
2021-06-02 09:00:00,2021-06-02,9,3,169,180,179,178,177,1944,25.1,53,1.3,0.0,1.0,191.6,False,24,3,True
2021-06-02 10:00:00,2021-06-02,10,3,133,177,191,190,173,764,25.8,48,1.4,0.0,1.0,191.6,False,24,3,True
2021-06-02 11:00:00,2021-06-02,11,3,185,163,162,160,168,2183,23.8,70,2.3,0.0,1.0,191.6,False,24,3,True
2021-06-02 12:00:00,2021-06-02,12,3,103,86,91,131,103,343,24.4,67,1.8,0.0,1.0,191.6,False,24,3,True
2021-06-02 13:00:00,2021-06-02,13,3,177,189,179,182,182,5882,25.7,55,1.5,0.0,1.0,191.6,False,24,3,True
2021-06-02 14:00:00,2021-06-02,14,3,175,174,180,179,177,1072,25.1,58,1.6,0.0,1.0,191.6,False,24,3,True
2021-06-02 15:00:00,2021-06-02,15,3,152,166,157,147,156,822,24.2,59,1.5,0.0,1.0,191.6,False,24,3,True
2021-06-02 16:00:00,2021-06-02,16,3,159,172,171,166,167,2146,23.2,68,1.3,0.0,1.0,191.6,False,24,3,True
2021-06-02 17:00:00,2021-06-02,17,3,130,114,143,158,136,860,22.0,78,1.1,0.0,1.0,191.6,False,24,3,True
2021-06-02 18:00:00,2021-06-02,18,3,154,153,154,145,152,1840,21.4,85,1.2,0.0,1.5,191.6,False,24,3,True
2021-06-02 19:00:00,2021-06-02,19,3,142,135,122,111,128,2444,20.0,95,0.6,0.0,1.5,191.6,False,24,3,True
2021-06-02 20:00:00,2021-06-02,20,3,104,118,114,114,113,0,18.9,94,0.1,0.0,1.5,191.6,False,24,3,True
2021-06-02 21:00:00,2021-06-02,21,3,108,110,114,113,111,34,19.2,90,1.2,0.0,1.5,191.6,False,24,3,True
2021-06-02 22:00:00,2021-06-02,22,3,92,106,100,104,101,77,18.5,91,0.4,0.0,1.5,191.6,False,24,3,True
2021-06-02 23:00:00,2021-06-02,23,3,109,108,95,72,96,672,17.5,95,0.4,0.0,1.5,191.6,False,24,3,True
2021-06-03 00:00:00,2021-06-03,0,4,69,65,64,66,66,0,17.1,96,0.3,0.0,1.5,191.6,False,25,3,True
2021-06-03 01:00:00,2021-06-03,1,4,90,104,115,111,105,286,17.5,92,1.2,0.0,1.5,191.6,False,25,3,True
2021-06-03 02:00:00,2021-06-03,2,4,113,113,115,109,113,120,17.3,95,0.3,0.0,1.5,191.6,False,25,3,True
2021-06-03 03:00:00,2021-06-03,3,4,99,105,107,110,105,200,16.6,95,0.4,0.0,1.5,191.6,False,25,3,True
2021-06-03 04:00:00,2021-06-03,4,4,109,108,102,104,106,232,16.3,94,0.2,0.0,1.5,191.6,False,25,3,True
2021-06-03 05:00:00,2021-06-03,5,4,82,77,99,107,91,87,17.4,91,0.9,0.0,1.5,191.6,False,25,3,True
2021-06-03 06:00:00,2021-06-03,6,4,118,113,109,108,112,48,18.4,89,0.3,0.0,1.5,191.6,False,25,3,True
2021-06-03 07:00:00,2021-06-03,7,4,106,119,140,149,129,935,19.0,84,1.1,0.0,1.5,191.6,False,25,3,True
2021-06-03 08:00:00,2021-06-03,8,4,159,181,174,167,170,1187,20.0,79,0.4,0.0,1.5,191.6,False,25,3,True
2021-06-03 09:00:00,2021-06-03,9,4,170,169,171,169,170,1096,18.6,97,0.1,3.8,1.0,191.6,False,25,3,True
2021-06-03 10:00:00,2021-06-03,10,4,132,156,164,170,156,956,19.3,98,1.3,5.0,1.0,191.6,False,25,3,True
2021-06-03 11:00:00,2021-06-03,11,4,172,153,163,160,162,1969,18.4,98,2.0,7.9,1.0,191.6,False,25,3,True
2021-06-03 12:00:00,2021-06-03,12,4,106,89,90,121,102,50,18.7,98,1.2,8.3,1.0,191.6,False,25,3,True
2021-06-03 13:00:00,2021-06-03,13,4,152,156,165,159,158,1064,19.1,98,1.7,9.3,1.0,191.6,False,25,3,True
2021-06-03 14:00:00,2021-06-03,14,4,158,156,158,163,159,2090,19.2,98,1.4,11.4,1.0,191.6,False,25,3,True
2021-06-03 15:00:00,2021-06-03,15,4,135,153,156,161,151,1680,19.3,98,1.8,14.5,1.0,191.6,False,25,3,True
2021-06-03 16:00:00,2021-06-03,16,4,156,162,163,159,160,1547,19.0,98,2.6,18.7,1.0,191.6,False,25,3,True
2021-06-03 17:00:00,2021-06-03,17,4,128,113,137,151,132,1830,19.0,98,2.6,20.2,1.0,191.6,False,25,3,True
2021-06-03 18:00:00,2021-06-03,18,4,150,145,123,110,132,4404,19.3,98,1.4,21.1,1.5,191.6,False,25,3,True
2021-06-03 19:00:00,2021-06-03,19,4,112,119,117,111,115,2523,19.2,98,2.3,21.4,1.5,191.6,False,25,3,True
2021-06-03 20:00:00,2021-06-03,20,4,108,125,130,126,122,220,19.4,98,1.1,21.6,1.5,191.6,False,25,3,True
2021-06-03 21:00:00,2021-06-03,21,4,132,123,120,116,123,128,19.3,98,1.0,21.6,1.5,191.6,False,25,3,True
2021-06-03 22:00:00,2021-06-03,22,4,106,111,116,118,113,106,19.4,98,1.3,21.8,1.5,191.6,False,25,3,True
2021-06-03 23:00:00,2021-06-03,23,4,114,114,109,81,105,56,19.0,98,1.1,22.7,1.5,191.6,False,25,3,True
2021-06-04 00:00:00,2021-06-04,0,5,72,67,66,66,68,246,19.0,98,0.3,0.7,1.5,191.6,False,3,4,True
2021-06-04 01:00:00,2021-06-04,1,5,96,108,119,109,108,38,18.7,98,1.8,1.2,1.5,191.6,False,3,4,True
2021-06-04 02:00:00,2021-06-04,2,5,106,106,111,116,110,136,18.3,98,1.5,1.5,1.5,191.6,False,3,4,True
2021-06-04 03:00:00,2021-06-04,3,5,104,105,104,113,107,86,17.8,98,1.4,1.9,1.5,191.6,False,3,4,True
2021-06-04 04:00:00,2021-06-04,4,5,115,109,108,103,109,337,17.8,98,2.0,2.2,1.5,191.6,False,3,4,True
2021-06-04 05:00:00,2021-06-04,5,5,85,78,91,107,90,14,16.9,98,0.8,4.7,1.5,191.6,False,3,4,True
2021-06-04 06:00:00,2021-06-04,6,5,118,112,105,100,109,126,17.2,97,0.3,4.7,1.5,191.6,False,3,4,True
2021-06-04 07:00:00,2021-06-04,7,5,110,125,142,136,128,749,18.6,81,1.4,4.7,1.5,191.6,False,3,4,True
2021-06-04 08:00:00,2021-06-04,8,5,154,153,159,159,156,655,19.7,71,1.6,4.7,1.5,191.6,False,3,4,True
2021-06-04 09:00:00,2021-06-04,9,5,158,158,159,166,160,1270,20.2,68,1.8,4.7,1.0,191.6,False,3,4,True
2021-06-04 10:00:00,2021-06-04,10,5,127,158,173,168,157,1286,21.3,58,3.4,4.7,1.0,191.6,False,3,4,True
2021-06-04 11:00:00,2021-06-04,11,5,141,150,155,149,149,809,23.0,50,2.5,4.7,1.0,191.6,False,3,4,True
2021-06-04 12:00:00,2021-06-04,12,5,81,64,94,118,89,84,24.3,44,2.2,4.7,1.0,191.6,False,3,4,True
2021-06-04 13:00:00,2021-06-04,13,5,158,158,154,151,155,616,25.0,38,2.4,4.7,1.0,191.6,False,3,4,True
2021-06-04 14:00:00,2021-06-04,14,5,143,154,151,160,152,5176,26.0,37,2.4,4.7,1.0,191.6,False,3,4,True
2021-06-04 15:00:00,2021-06-04,15,5,125,142,144,149,140,739,23.9,52,2.1,4.7,1.0,191.6,False,3,4,True
2021-06-04 16:00:00,2021-06-04,16,5,140,141,145,140,142,1164,23.7,54,2.2,4.7,1.0,191.6,False,3,4,True
2021-06-04 17:00:00,2021-06-04,17,5,105,103,138,143,122,306,24.6,48,1.0,4.7,1.0,191.6,False,3,4,True
2021-06-04 18:00:00,2021-06-04,18,5,139,138,135,145,139,638,23.2,49,1.5,4.7,1.5,191.6,False,3,4,True
2021-06-04 19:00:00,2021-06-04,19,5,135,119,103,94,113,1622,22.2,53,2.8,4.7,1.5,191.6,False,3,4,True
2021-06-04 20:00:00,2021-06-04,20,5,91,96,105,111,101,94,21.7,57,2.0,4.7,1.5,191.6,False,3,4,True
2021-06-04 21:00:00,2021-06-04,21,5,110,105,109,109,108,52,20.2,64,1.8,4.7,1.5,191.6,False,3,4,True
2021-06-04 22:00:00,2021-06-04,22,5,96,111,111,109,107,200,20.5,63,2.5,4.7,1.5,191.6,False,3,4,True
2021-06-04 23:00:00,2021-06-04,23,5,109,112,102,65,97,0,18.7,70,1.0,4.7,1.5,191.6,False,3,4,True
2021-06-05 00:00:00,2021-06-05,0,6,63,63,64,63,63,25,19.9,66,1.7,0.0,1.5,191.6,False,1,7,True
2021-06-05 01:00:00,2021-06-05,1,6,96,93,116,113,105,84,16.0,85,0.6,0.0,1.5,191.6,False,1,7,True
2021-06-05 02:00:00,2021-06-05,2,6,106,96,106,107,104,84,15.9,79,0.5,0.0,1.5,191.6,False,1,7,True
2021-06-05 03:00:00,2021-06-05,3,6,92,110,110,109,105,555,16.1,80,1.6,0.0,1.5,191.6,False,1,7,True
2021-06-05 04:00:00,2021-06-05,4,6,108,105,106,108,107,40,15.9,76,0.8,0.0,1.5,191.6,False,1,7,True
2021-06-05 05:00:00,2021-06-05,5,6,89,83,99,98,92,4,17.2,68,2.8,0.0,1.5,191.6,False,1,7,True
2021-06-05 06:00:00,2021-06-05,6,6,102,111,110,103,107,20,17.5,75,0.8,0.0,1.5,191.6,False,1,7,True
2021-06-05 07:00:00,2021-06-05,7,6,92,75,48,29,61,509,20.0,53,1.2,0.0,1.5,191.6,False,1,7,True
2021-06-05 08:00:00,2021-06-05,8,6,27,25,22,22,24,0,21.9,47,2.1,0.0,1.5,191.6,False,1,7,True
2021-06-05 09:00:00,2021-06-05,9,6,22,22,22,22,22,0,24.0,40,1.7,0.0,1.0,191.6,False,1,7,True
2021-06-05 10:00:00,2021-06-05,10,6,22,22,22,22,22,0,25.7,35,3.6,0.0,1.0,191.6,False,1,7,True
2021-06-05 11:00:00,2021-06-05,11,6,22,23,28,27,25,0,26.7,37,4.0,0.0,1.0,191.6,False,1,7,True
2021-06-05 12:00:00,2021-06-05,12,6,22,23,22,22,22,0,27.4,38,4.7,0.0,1.0,191.6,False,1,7,True
2021-06-05 13:00:00,2021-06-05,13,6,22,23,22,22,22,0,28.2,36,5.0,0.0,1.0,191.6,False,1,7,True
2021-06-05 14:00:00,2021-06-05,14,6,22,23,22,23,23,0,28.5,41,4.0,0.0,1.0,191.6,False,1,7,True
2021-06-05 15:00:00,2021-06-05,15,6,28,26,23,22,25,0,27.5,45,4.9,0.0,1.0,191.6,False,1,7,True
2021-06-05 16:00:00,2021-06-05,16,6,23,23,22,23,23,0,26.2,56,4.9,0.0,1.0,191.6,False,1,7,True
2021-06-05 17:00:00,2021-06-05,17,6,22,22,22,23,22,0,25.5,60,4.5,0.0,1.0,191.6,False,1,7,True
2021-06-05 18:00:00,2021-06-05,18,6,22,23,27,27,25,0,24.5,65,4.1,0.0,1.5,191.6,False,1,7,True
2021-06-05 19:00:00,2021-06-05,19,6,22,22,22,22,22,0,23.3,71,4.1,0.0,1.5,191.6,False,1,7,True
2021-06-05 20:00:00,2021-06-05,20,6,22,22,22,22,22,0,21.1,83,1.5,0.0,1.5,191.6,False,1,7,True
2021-06-05 21:00:00,2021-06-05,21,6,23,22,22,27,24,0,21.8,77,2.8,0.0,1.5,191.6,False,1,7,True
2021-06-05 22:00:00,2021-06-05,22,6,26,22,22,22,23,0,21.4,78,3.4,0.0,1.5,191.6,False,1,7,True
2021-06-05 23:00:00,2021-06-05,23,6,22,22,22,22,22,0,20.8,76,1.8,0.0,1.5,191.6,False,1,7,True
2021-06-06 00:00:00,2021-06-06,0,7,22,22,22,22,22,0,20.1,79,1.6,0.0,1.5,191.6,False,2,2,True
2021-06-06 01:00:00,2021-06-06,1,7,24,27,24,24,25,0,19.8,75,1.1,0.0,1.5,191.6,False,2,2,True
2021-06-06 02:00:00,2021-06-06,2,7,22,22,22,22,22,0,20.4,70,1.2,0.0,1.5,191.6,False,2,2,True
2021-06-06 03:00:00,2021-06-06,3,7,22,22,22,22,22,0,17.7,83,0.1,0.0,1.5,191.6,False,2,2,True
2021-06-06 04:00:00,2021-06-06,4,7,22,24,27,22,24,0,17.6,80,0.8,0.0,1.5,191.6,False,2,2,True
2021-06-06 05:00:00,2021-06-06,5,7,22,22,22,22,22,0,17.9,85,0.2,0.0,1.5,191.6,False,2,2,True
2021-06-06 06:00:00,2021-06-06,6,7,22,22,22,22,22,0,19.8,80,0.7,0.0,1.5,191.6,False,2,2,True
2021-06-06 07:00:00,2021-06-06,7,7,21,23,26,25,24,0,21.9,70,0.7,0.0,1.5,191.6,False,2,2,True
2021-06-06 08:00:00,2021-06-06,8,7,22,22,22,22,22,0,23.5,65,1.5,0.0,1.5,191.6,False,2,2,True
2021-06-06 09:00:00,2021-06-06,9,7,24,22,22,22,23,0,24.8,56,1.8,0.0,1.0,191.6,False,2,2,True
2021-06-06 10:00:00,2021-06-06,10,7,22,22,22,25,23,0,24.8,56,1.8,0.0,1.0,191.6,False,2,2,True
2021-06-06 11:00:00,2021-06-06,11,7,27,24,22,22,24,0,26.4,61,2.1,0.0,1.0,191.6,False,2,2,True
2021-06-06 12:00:00,2021-06-06,12,7,22,22,22,22,22,0,26.7,60,2.1,0.0,1.0,191.6,False,2,2,True
2021-06-06 13:00:00,2021-06-06,13,7,22,22,22,22,22,0,27.6,54,1.9,0.0,1.0,191.6,False,2,2,True
2021-06-06 14:00:00,2021-06-06,14,7,22,24,27,24,24,0,23.9,68,3.2,0.0,1.0,191.6,False,2,2,True
2021-06-06 15:00:00,2021-06-06,15,7,22,22,22,22,22,0,25.5,65,1.8,0.0,1.0,191.6,False,2,2,True
2021-06-06 16:00:00,2021-06-06,16,7,24,22,23,22,23,0,26.1,64,1.1,0.0,1.0,191.6,False,2,2,True
2021-06-06 17:00:00,2021-06-06,17,7,22,22,22,25,23,0,27.0,53,3.1,0.0,1.0,191.6,False,2,2,True
2021-06-06 18:00:00,2021-06-06,18,7,27,22,22,22,23,0,24.5,64,0.9,0.0,1.5,191.6,False,2,2,True
2021-06-06 19:00:00,2021-06-06,19,7,22,22,22,22,22,0,24.1,64,1.9,0.0,1.5,191.6,False,2,2,True
2021-06-06 20:00:00,2021-06-06,20,7,22,22,22,22,22,0,23.5,66,2.8,0.0,1.5,191.6,False,2,2,True
2021-06-06 21:00:00,2021-06-06,21,7,26,27,25,22,25,0,21.7,77,0.7,0.0,1.5,191.6,False,2,2,True
2021-06-06 22:00:00,2021-06-06,22,7,23,23,23,22,23,0,21.6,75,0.8,0.0,1.5,191.6,False,2,2,True
2021-06-06 23:00:00,2021-06-06,23,7,24,22,22,22,23,0,22.7,70,2.0,0.0,1.5,191.6,False,2,2,True
2021-06-07 00:00:00,2021-06-07,0,1,22,22,22,25,23,0,22.4,70,1.6,0.0,1.5,191.6,False,5,2,True
2021-06-07 01:00:00,2021-06-07,1,1,26,22,22,22,23,0,21.8,71,2.7,0.0,1.5,191.6,False,5,2,True
2021-06-07 02:00:00,2021-06-07,2,1,22,21,21,22,22,0,21.0,74,1.8,0.0,1.5,191.6,False,5,2,True
2021-06-07 03:00:00,2021-06-07,3,1,22,22,22,23,22,0,20.5,74,2.1,0.0,1.5,191.6,False,5,2,True
2021-06-07 04:00:00,2021-06-07,4,1,22,26,26,23,24,0,18.7,82,0.6,0.0,1.5,191.6,False,5,2,True
2021-06-07 05:00:00,2021-06-07,5,1,22,22,22,22,22,0,19.2,80,0.8,0.0,1.5,191.6,False,5,2,True
2021-06-07 06:00:00,2021-06-07,6,1,24,21,22,22,22,0,21.8,70,0.5,0.0,1.5,191.6,False,5,2,True
2021-06-07 07:00:00,2021-06-07,7,1,24,44,67,90,56,0,23.4,68,1.5,0.0,1.5,191.6,False,5,2,True
2021-06-07 08:00:00,2021-06-07,8,1,151,169,182,182,171,876,25.8,51,1.1,0.0,1.5,191.6,False,5,2,True
2021-06-07 09:00:00,2021-06-07,9,1,179,166,157,162,166,490,27.3,41,2.3,0.0,1.0,191.6,False,5,2,True
2021-06-07 10:00:00,2021-06-07,10,1,137,176,159,171,161,1661,28.8,44,2.0,0.0,1.0,191.6,False,5,2,True
2021-06-07 11:00:00,2021-06-07,11,1,169,170,166,168,168,2549,27.5,51,2.0,0.0,1.0,191.6,False,5,2,True
2021-06-07 12:00:00,2021-06-07,12,1,120,105,106,129,115,100,26.7,54,2.3,0.0,1.0,191.6,False,5,2,True
2021-06-07 13:00:00,2021-06-07,13,1,169,173,182,175,175,1242,27.8,50,2.3,0.0,1.0,191.6,False,5,2,True
2021-06-07 14:00:00,2021-06-07,14,1,165,176,180,177,175,1430,29.2,45,1.3,0.0,1.0,191.6,False,5,2,True
2021-06-07 15:00:00,2021-06-07,15,1,135,166,175,174,163,3211,27.3,55,1.9,0.0,1.0,191.6,False,5,2,True
2021-06-07 16:00:00,2021-06-07,16,1,158,166,164,173,165,826,25.4,60,1.6,0.0,1.0,191.6,False,5,2,True
2021-06-07 17:00:00,2021-06-07,17,1,123,118,151,151,136,98,25.9,61,1.3,0.0,1.0,191.6,False,5,2,True
2021-06-07 18:00:00,2021-06-07,18,1,154,158,154,143,152,2299,24.4,68,0.2,0.0,1.5,191.6,False,5,2,True
2021-06-07 19:00:00,2021-06-07,19,1,141,147,131,99,130,1625,23.4,72,0.9,0.0,1.5,191.6,False,5,2,True
2021-06-07 20:00:00,2021-06-07,20,1,101,114,108,110,108,36,22.5,78,0.6,0.0,1.5,191.6,False,5,2,True
2021-06-07 21:00:00,2021-06-07,21,1,110,113,110,111,111,93,23.7,69,1.1,0.0,1.5,191.6,False,5,2,True
2021-06-07 22:00:00,2021-06-07,22,1,84,100,98,97,95,87,23.2,70,0.8,0.0,1.5,191.6,False,5,2,True
2021-06-07 23:00:00,2021-06-07,23,1,110,106,100,77,98,1,22.5,66,2.6,0.0,1.5,191.6,False,5,2,True
2021-06-08 00:00:00,2021-06-08,0,2,64,63,63,62,63,400,21.3,72,0.5,0.0,1.5,191.6,False,6,4,True
2021-06-08 01:00:00,2021-06-08,1,2,87,94,105,110,99,41,21.1,74,1.0,0.0,1.5,191.6,False,6,4,True
2021-06-08 02:00:00,2021-06-08,2,2,104,98,98,111,103,79,21.4,75,0.6,0.0,1.5,191.6,False,6,4,True
2021-06-08 03:00:00,2021-06-08,3,2,90,105,99,104,100,66,20.9,76,1.1,0.0,1.5,191.6,False,6,4,True
2021-06-08 04:00:00,2021-06-08,4,2,105,105,100,110,105,461,20.8,80,0.6,0.0,1.5,191.6,False,6,4,True
2021-06-08 05:00:00,2021-06-08,5,2,82,72,94,101,87,166,21.5,81,1.0,0.0,1.5,191.6,False,6,4,True
2021-06-08 06:00:00,2021-06-08,6,2,109,104,96,81,98,231,23.6,68,2.0,0.0,1.5,191.6,False,6,4,True
2021-06-08 07:00:00,2021-06-08,7,2,72,77,107,117,93,826,24.9,65,1.4,0.0,1.5,191.6,False,6,4,True
2021-06-08 08:00:00,2021-06-08,8,2,141,154,161,160,154,1348,27.6,60,1.4,0.0,1.5,191.6,False,6,4,True
2021-06-08 09:00:00,2021-06-08,9,2,165,160,160,156,160,2186,28.0,55,1.3,0.0,1.0,191.6,False,6,4,True
2021-06-08 10:00:00,2021-06-08,10,2,127,153,138,150,142,582,28.6,51,1.9,0.0,1.0,191.6,False,6,4,True
2021-06-08 11:00:00,2021-06-08,11,2,159,160,167,171,164,1904,28.0,50,2.8,0.0,1.0,191.6,False,6,4,True
2021-06-08 12:00:00,2021-06-08,12,2,106,87,94,124,103,154,27.5,47,3.7,0.0,1.0,191.6,False,6,4,True
2021-06-08 13:00:00,2021-06-08,13,2,157,174,168,160,165,938,27.1,42,3.2,0.0,1.0,191.6,False,6,4,True
2021-06-08 14:00:00,2021-06-08,14,2,156,164,167,176,166,1321,26.8,43,3.5,0.0,1.0,191.6,False,6,4,True
2021-06-08 15:00:00,2021-06-08,15,2,139,173,153,180,161,1058,26.3,45,2.8,0.0,1.0,191.6,False,6,4,True
2021-06-08 16:00:00,2021-06-08,16,2,150,166,164,152,158,1570,25.4,46,2.5,0.0,1.0,191.6,False,6,4,True
2021-06-08 17:00:00,2021-06-08,17,2,127,110,147,161,136,485,24.6,48,1.7,0.0,1.0,191.6,False,6,4,True
2021-06-08 18:00:00,2021-06-08,18,2,150,156,152,157,154,1743,23.5,51,2.0,0.0,1.5,191.6,False,6,4,True
2021-06-08 19:00:00,2021-06-08,19,2,155,144,140,128,142,915,22.9,52,1.4,0.0,1.5,191.6,False,6,4,True
2021-06-08 20:00:00,2021-06-08,20,2,134,132,117,132,129,103,22.4,53,0.9,0.0,1.5,191.6,False,6,4,True
2021-06-08 21:00:00,2021-06-08,21,2,132,123,116,114,121,10,21.3,57,0.4,0.0,1.5,191.6,False,6,4,True
2021-06-08 22:00:00,2021-06-08,22,2,91,109,115,113,107,430,20.9,57,0.2,0.0,1.5,191.6,False,6,4,True
2021-06-08 23:00:00,2021-06-08,23,2,105,114,104,82,101,140,21.3,57,1.2,0.0,1.5,191.6,False,6,4,True
2021-06-09 00:00:00,2021-06-09,0,3,72,69,65,65,68,4,20.2,65,0.5,0.0,1.5,191.6,False,28,3,True
2021-06-09 01:00:00,2021-06-09,1,3,92,97,103,103,99,21,19.6,71,0.2,0.0,1.5,191.6,False,28,3,True
2021-06-09 02:00:00,2021-06-09,2,3,107,106,99,103,104,600,19.6,72,0.3,0.0,1.5,191.6,False,28,3,True
2021-06-09 03:00:00,2021-06-09,3,3,92,109,113,99,103,54,18.9,74,1.6,0.0,1.5,191.6,False,28,3,True
2021-06-09 04:00:00,2021-06-09,4,3,96,101,100,101,100,50,18.6,79,0.2,0.0,1.5,191.6,False,28,3,True
2021-06-09 05:00:00,2021-06-09,5,3,84,73,90,91,85,0,19.0,84,1.3,0.0,1.5,191.6,False,28,3,True
2021-06-09 06:00:00,2021-06-09,6,3,102,100,106,105,103,246,20.4,76,0.7,0.0,1.5,191.6,False,28,3,True
2021-06-09 07:00:00,2021-06-09,7,3,105,115,150,140,128,746,22.5,70,0.9,0.0,1.5,191.6,False,28,3,True
2021-06-09 08:00:00,2021-06-09,8,3,158,169,174,174,169,648,25.0,52,1.0,0.0,1.5,191.6,False,28,3,True
2021-06-09 09:00:00,2021-06-09,9,3,168,179,178,164,172,1219,25.8,50,1.7,0.0,1.0,191.6,False,28,3,True
2021-06-09 10:00:00,2021-06-09,10,3,135,180,178,172,166,5042,26.5,43,2.3,0.0,1.0,191.6,False,28,3,True
2021-06-09 11:00:00,2021-06-09,11,3,168,166,178,174,172,777,26.8,45,3.1,0.0,1.0,191.6,False,28,3,True
2021-06-09 12:00:00,2021-06-09,12,3,119,102,96,122,110,0,27.6,40,2.3,0.0,1.0,191.6,False,28,3,True
2021-06-09 13:00:00,2021-06-09,13,3,159,162,175,181,169,1455,26.6,44,2.8,0.0,1.0,191.6,False,28,3,True
2021-06-09 14:00:00,2021-06-09,14,3,168,160,163,170,165,567,26.8,46,2.6,0.0,1.0,191.6,False,28,3,True
2021-06-09 15:00:00,2021-06-09,15,3,129,170,168,164,158,733,25.6,53,2.5,0.0,1.0,191.6,False,28,3,True
2021-06-09 16:00:00,2021-06-09,16,3,159,146,144,154,151,1098,24.8,56,1.4,0.0,1.0,191.6,False,28,3,True
2021-06-09 17:00:00,2021-06-09,17,3,108,104,144,161,129,705,24.3,55,0.9,0.0,1.0,191.6,False,28,3,True
2021-06-09 18:00:00,2021-06-09,18,3,156,156,161,145,155,181,22.1,65,1.1,0.0,1.5,191.6,False,28,3,True
2021-06-09 19:00:00,2021-06-09,19,3,148,136,131,111,132,2022,20.8,69,1.0,0.0,1.5,191.6,False,28,3,True
2021-06-09 20:00:00,2021-06-09,20,3,106,112,106,113,109,44,20.4,72,0.8,0.0,1.5,191.6,False,28,3,True
2021-06-09 21:00:00,2021-06-09,21,3,107,110,100,103,105,104,20.0,75,0.1,0.0,1.5,191.6,False,28,3,True
2021-06-09 22:00:00,2021-06-09,22,3,87,102,106,109,101,219,19.6,75,0.8,0.0,1.5,191.6,False,28,3,True
2021-06-09 23:00:00,2021-06-09,23,3,106,95,98,79,95,135,18.6,86,0.6,0.0,1.5,191.6,False,28,3,True
2021-06-10 00:00:00,2021-06-10,0,4,64,64,64,67,65,0,18.6,86,1.3,0.0,1.5,191.6,False,29,3,True
2021-06-10 01:00:00,2021-06-10,1,4,96,107,104,103,103,0,18.1,86,1.2,0.0,1.5,191.6,False,29,3,True
2021-06-10 02:00:00,2021-06-10,2,4,103,109,101,104,104,0,17.7,85,2.0,0.0,1.5,191.6,False,29,3,True
2021-06-10 03:00:00,2021-06-10,3,4,89,104,100,104,99,43,17.3,84,1.1,0.0,1.5,191.6,False,29,3,True
2021-06-10 04:00:00,2021-06-10,4,4,108,106,106,104,106,133,17.3,84,1.4,0.0,1.5,191.6,False,29,3,True
2021-06-10 05:00:00,2021-06-10,5,4,94,81,91,98,91,61,17.8,85,0.3,0.0,1.5,191.6,False,29,3,True
2021-06-10 06:00:00,2021-06-10,6,4,106,100,102,107,104,80,19.8,80,0.9,0.0,1.5,191.6,False,29,3,True
2021-06-10 07:00:00,2021-06-10,7,4,106,106,131,131,119,738,20.7,76,0.8,0.0,1.5,191.6,False,29,3,True
2021-06-10 08:00:00,2021-06-10,8,4,142,157,156,165,155,493,22.1,60,1.1,0.0,1.5,191.6,False,29,3,True
2021-06-10 09:00:00,2021-06-10,9,4,166,163,169,166,166,32,24.2,62,1.0,0.0,1.0,191.6,False,29,3,True
2021-06-10 10:00:00,2021-06-10,10,4,134,169,177,175,164,2032,25.7,58,1.5,0.0,1.0,191.6,False,29,3,True
2021-06-10 11:00:00,2021-06-10,11,4,161,149,168,165,161,829,27.2,59,2.0,0.0,1.0,191.6,False,29,3,True
2021-06-10 12:00:00,2021-06-10,12,4,116,101,102,125,111,1000,26.4,66,1.9,0.0,1.0,191.6,False,29,3,True
2021-06-10 13:00:00,2021-06-10,13,4,158,145,156,151,153,1013,25.1,72,2.1,0.0,1.0,191.6,False,29,3,True
2021-06-10 14:00:00,2021-06-10,14,4,153,162,169,165,162,481,23.9,78,1.7,0.0,1.0,191.6,False,29,3,True
2021-06-10 15:00:00,2021-06-10,15,4,128,162,161,158,152,364,23.5,83,1.5,0.0,1.0,191.6,False,29,3,True
2021-06-10 16:00:00,2021-06-10,16,4,154,156,150,150,153,2990,23.0,84,1.1,0.0,1.0,191.6,False,29,3,True
2021-06-10 17:00:00,2021-06-10,17,4,123,118,143,135,130,669,23.1,84,0.6,0.0,1.0,191.6,False,29,3,True
2021-06-10 18:00:00,2021-06-10,18,4,122,123,123,121,122,529,22.2,90,1.5,0.0,1.5,191.6,False,29,3,True
2021-06-10 19:00:00,2021-06-10,19,4,120,123,122,128,123,1095,22.2,91,1.1,0.0,1.5,191.6,False,29,3,True
2021-06-10 20:00:00,2021-06-10,20,4,122,124,142,145,133,31,22.7,86,0.8,0.0,1.5,191.6,False,29,3,True
2021-06-10 21:00:00,2021-06-10,21,4,141,132,128,115,129,300,22.5,83,1.3,0.0,1.5,191.6,False,29,3,True
2021-06-10 22:00:00,2021-06-10,22,4,108,124,122,116,118,201,22.6,83,0.9,0.0,1.5,191.6,False,29,3,True
2021-06-10 23:00:00,2021-06-10,23,4,115,113,103,88,105,153,23.6,77,2.0,0.0,1.5,191.6,False,29,3,True
2021-06-11 00:00:00,2021-06-11,0,5,72,70,69,68,70,52,23.5,78,1.7,0.0,1.5,191.6,False,9,4,True
2021-06-11 01:00:00,2021-06-11,1,5,100,103,112,113,107,176,22.3,88,0.4,0.2,1.5,191.6,False,9,4,True
2021-06-11 02:00:00,2021-06-11,2,5,106,95,105,111,104,180,21.5,94,0.6,0.6,1.5,191.6,False,9,4,True
2021-06-11 03:00:00,2021-06-11,3,5,98,107,103,96,101,20,21.5,97,2.0,1.1,1.5,191.6,False,9,4,True
2021-06-11 04:00:00,2021-06-11,4,5,113,114,110,108,111,0,20.9,98,0.9,1.4,1.5,191.6,False,9,4,True
2021-06-11 05:00:00,2021-06-11,5,5,83,76,97,103,90,496,21.2,98,2.8,2.1,1.5,191.6,False,9,4,True
2021-06-11 06:00:00,2021-06-11,6,5,107,107,107,100,105,110,20.3,98,1.5,5.2,1.5,191.6,False,9,4,True
2021-06-11 07:00:00,2021-06-11,7,5,113,127,149,143,133,1170,20.9,98,3.6,6.6,1.5,191.6,False,9,4,True
2021-06-11 08:00:00,2021-06-11,8,5,155,175,171,169,168,497,20.7,95,4.2,6.6,1.5,191.6,False,9,4,True
2021-06-11 09:00:00,2021-06-11,9,5,172,157,168,175,168,569,20.4,98,4.0,7.5,1.0,191.6,False,9,4,True
2021-06-11 10:00:00,2021-06-11,10,5,127,165,168,164,156,921,20.6,98,3.8,8.5,1.0,191.6,False,9,4,True
2021-06-11 11:00:00,2021-06-11,11,5,174,165,168,164,168,3102,19.9,98,3.2,10.5,1.0,191.6,False,9,4,True
2021-06-11 12:00:00,2021-06-11,12,5,108,93,93,122,104,436,20.4,98,1.7,11.3,1.0,191.6,False,9,4,True
2021-06-11 13:00:00,2021-06-11,13,5,160,149,155,150,154,1017,20.5,98,2.6,11.5,1.0,191.6,False,9,4,True
2021-06-11 14:00:00,2021-06-11,14,5,160,157,160,157,159,829,20.6,98,1.0,11.8,1.0,191.6,False,9,4,True
2021-06-11 15:00:00,2021-06-11,15,5,126,159,160,153,150,972,20.6,98,1.0,11.8,1.0,191.6,False,9,4,True
2021-06-11 16:00:00,2021-06-11,16,5,153,151,163,160,157,1834,20.8,98,0.8,12.6,1.0,191.6,False,9,4,True
2021-06-11 17:00:00,2021-06-11,17,5,119,107,158,159,136,1114,20.7,98,0.5,13.3,1.0,191.6,False,9,4,True
2021-06-11 18:00:00,2021-06-11,18,5,152,143,145,139,145,986,20.8,98,0.7,19.2,1.5,191.6,False,9,4,True
2021-06-11 19:00:00,2021-06-11,19,5,142,135,142,125,136,1237,20.7,98,0.8,27.8,1.5,191.6,False,9,4,True
2021-06-11 20:00:00,2021-06-11,20,5,113,120,130,120,121,237,20.4,98,0.9,29.9,1.5,191.6,False,9,4,True
2021-06-11 21:00:00,2021-06-11,21,5,116,106,111,104,109,108,20.3,98,0.0,30.1,1.5,191.6,False,9,4,True
2021-06-11 22:00:00,2021-06-11,22,5,92,105,110,109,104,42,20.4,98,0.1,30.3,1.5,191.6,False,9,4,True
2021-06-11 23:00:00,2021-06-11,23,5,101,110,105,83,100,16,20.4,98,0.2,30.3,1.5,191.6,False,9,4,True
2021-06-12 00:00:00,2021-06-12,0,6,71,64,65,65,66,0,20.3,98,0.4,0.1,1.5,191.6,False,26,6,True
2021-06-12 01:00:00,2021-06-12,1,6,97,106,111,110,106,77,20.6,98,0.8,0.1,1.5,191.6,False,26,6,True
2021-06-12 02:00:00,2021-06-12,2,6,107,100,98,111,104,1424,20.5,98,1.3,0.1,1.5,191.6,False,26,6,True
2021-06-12 03:00:00,2021-06-12,3,6,95,112,112,107,107,98,20.5,98,0.7,0.1,1.5,191.6,False,26,6,True
2021-06-12 04:00:00,2021-06-12,4,6,105,108,113,109,109,56,20.6,98,1.1,0.1,1.5,191.6,False,26,6,True
2021-06-12 05:00:00,2021-06-12,5,6,80,73,97,110,90,44,20.8,98,0.9,0.1,1.5,191.6,False,26,6,True
2021-06-12 06:00:00,2021-06-12,6,6,104,96,106,103,102,658,20.9,98,0.1,1.5,1.5,191.6,False,26,6,True
2021-06-12 07:00:00,2021-06-12,7,6,92,90,68,32,71,65,21.0,98,0.6,3.2,1.5,191.6,False,26,6,True
2021-06-12 08:00:00,2021-06-12,8,6,22,22,24,23,23,0,21.2,98,1.4,4.6,1.5,191.6,False,26,6,True
2021-06-12 09:00:00,2021-06-12,9,6,24,24,24,28,25,0,21.6,98,1.2,6.1,1.0,191.6,False,26,6,True
2021-06-12 10:00:00,2021-06-12,10,6,29,25,25,25,26,0,22.0,98,1.3,6.1,1.0,191.6,False,26,6,True
2021-06-12 11:00:00,2021-06-12,11,6,24,25,29,27,26,0,22.5,98,1.2,6.1,1.0,191.6,False,26,6,True
2021-06-12 12:00:00,2021-06-12,12,6,25,25,24,24,25,0,22.0,98,1.3,6.1,1.0,191.6,False,26,6,True
2021-06-12 13:00:00,2021-06-12,13,6,27,22,22,21,23,0,21.5,98,1.9,6.1,1.0,191.6,False,26,6,True
2021-06-12 14:00:00,2021-06-12,14,6,22,23,22,22,22,0,21.7,98,0.8,6.5,1.0,191.6,False,26,6,True
2021-06-12 15:00:00,2021-06-12,15,6,22,23,23,22,23,0,21.6,98,0.9,7.3,1.0,191.6,False,26,6,True
2021-06-12 16:00:00,2021-06-12,16,6,26,27,23,23,25,0,21.7,98,1.0,7.6,1.0,191.6,False,26,6,True
2021-06-12 17:00:00,2021-06-12,17,6,23,22,22,23,23,0,21.5,98,0.6,7.7,1.0,191.6,False,26,6,True
2021-06-12 18:00:00,2021-06-12,18,6,22,22,22,22,22,0,21.3,98,1.0,7.7,1.5,191.6,False,26,6,True
2021-06-12 19:00:00,2021-06-12,19,6,23,22,26,27,25,0,20.9,98,0.5,7.8,1.5,191.6,False,26,6,True
2021-06-12 20:00:00,2021-06-12,20,6,23,22,22,23,23,0,21.0,98,0.7,7.8,1.5,191.6,False,26,6,True
2021-06-12 21:00:00,2021-06-12,21,6,23,23,22,23,23,0,20.7,98,0.8,7.8,1.5,191.6,False,26,6,True
2021-06-12 22:00:00,2021-06-12,22,6,23,23,22,22,23,0,20.6,98,0.4,7.8,1.5,191.6,False,26,6,True
2021-06-12 23:00:00,2021-06-12,23,6,26,27,22,22,24,0,20.7,98,0.1,7.8,1.5,191.6,False,26,6,True
2021-06-13 00:00:00,2021-06-13,0,7,23,22,23,22,23,0,20.7,98,0.9,0.0,1.5,191.6,False,27,5,True
2021-06-13 01:00:00,2021-06-13,1,7,22,22,22,21,22,0,20.8,98,1.0,0.0,1.5,191.6,False,27,5,True
2021-06-13 02:00:00,2021-06-13,2,7,22,24,27,25,25,0,20.7,98,1.4,0.0,1.5,191.6,False,27,5,True
2021-06-13 03:00:00,2021-06-13,3,7,22,22,22,22,22,0,20.8,98,0.9,0.0,1.5,191.6,False,27,5,True
2021-06-13 04:00:00,2021-06-13,4,7,22,22,23,23,23,0,20.9,98,1.0,0.0,1.5,191.6,False,27,5,True
2021-06-13 05:00:00,2021-06-13,5,7,22,22,22,23,22,0,20.8,98,1.4,0.0,1.5,191.6,False,27,5,True
2021-06-13 06:00:00,2021-06-13,6,7,25,26,22,22,24,0,22.2,98,0.6,0.0,1.5,191.6,False,27,5,True
2021-06-13 07:00:00,2021-06-13,7,7,22,22,22,21,22,0,22.4,98,0.8,0.0,1.5,191.6,False,27,5,True
2021-06-13 08:00:00,2021-06-13,8,7,21,22,21,22,22,0,23.7,94,0.4,0.0,1.5,191.6,False,27,5,True
2021-06-13 09:00:00,2021-06-13,9,7,22,24,26,24,24,0,24.4,85,0.9,0.0,1.0,191.6,False,27,5,True
2021-06-13 10:00:00,2021-06-13,10,7,22,22,22,23,22,0,25.2,86,2.0,0.0,1.0,191.6,False,27,5,True
2021-06-13 11:00:00,2021-06-13,11,7,22,22,22,22,22,0,24.8,86,1.7,0.0,1.0,191.6,False,27,5,True
2021-06-13 12:00:00,2021-06-13,12,7,23,23,23,27,24,0,26.3,78,1.6,0.0,1.0,191.6,False,27,5,True
2021-06-13 13:00:00,2021-06-13,13,7,25,22,23,22,23,0,26.9,73,2.3,0.0,1.0,191.6,False,27,5,True
2021-06-13 14:00:00,2021-06-13,14,7,22,22,23,22,22,0,26.5,74,2.2,0.0,1.0,191.6,False,27,5,True
2021-06-13 15:00:00,2021-06-13,15,7,22,22,23,22,22,0,26.3,77,1.9,0.0,1.0,191.6,False,27,5,True
2021-06-13 16:00:00,2021-06-13,16,7,27,27,23,23,25,0,23.9,86,2.7,0.0,1.0,191.6,False,27,5,True
2021-06-13 17:00:00,2021-06-13,17,7,22,22,22,22,22,0,23.5,88,1.5,0.0,1.0,191.6,False,27,5,True
2021-06-13 18:00:00,2021-06-13,18,7,22,22,22,22,22,0,22.7,92,1.2,0.0,1.5,191.6,False,27,5,True
2021-06-13 19:00:00,2021-06-13,19,7,22,23,26,24,24,0,22.6,92,1.0,0.0,1.5,191.6,False,27,5,True
2021-06-13 20:00:00,2021-06-13,20,7,22,22,22,22,22,0,22.3,94,2.2,0.0,1.5,191.6,False,27,5,True
2021-06-13 21:00:00,2021-06-13,21,7,23,22,23,22,23,0,22.1,95,1.1,0.0,1.5,191.6,False,27,5,True
2021-06-13 22:00:00,2021-06-13,22,7,22,22,22,25,23,0,21.8,97,0.6,0.0,1.5,191.6,False,27,5,True
2021-06-13 23:00:00,2021-06-13,23,7,26,23,22,23,24,0,21.0,98,0.1,0.0,1.5,191.6,False,27,5,True
2021-06-14 00:00:00,2021-06-14,0,1,22,22,22,22,22,0,20.8,98,0.5,0.0,1.5,191.6,False,10,3,True
2021-06-14 01:00:00,2021-06-14,1,1,22,23,22,22,22,0,20.7,98,0.9,0.0,1.5,191.6,False,10,3,True
2021-06-14 02:00:00,2021-06-14,2,1,22,27,26,22,24,0,20.6,98,0.2,0.0,1.5,191.6,False,10,3,True
2021-06-14 03:00:00,2021-06-14,3,1,22,22,22,22,22,0,20.0,98,0.2,0.0,1.5,191.6,False,10,3,True
2021-06-14 04:00:00,2021-06-14,4,1,22,24,23,22,23,0,20.3,98,0.7,0.0,1.5,191.6,False,10,3,True
2021-06-14 05:00:00,2021-06-14,5,1,22,22,23,27,24,0,20.0,98,0.9,0.0,1.5,191.6,False,10,3,True
2021-06-14 06:00:00,2021-06-14,6,1,25,22,22,22,23,0,20.6,98,1.1,0.0,1.5,191.6,False,10,3,True
2021-06-14 07:00:00,2021-06-14,7,1,26,38,71,112,62,0,21.5,98,1.5,0.0,1.5,191.6,False,10,3,True
2021-06-14 08:00:00,2021-06-14,8,1,154,175,197,204,183,218,23.0,90,1.9,0.0,1.5,191.6,False,10,3,True
2021-06-14 09:00:00,2021-06-14,9,1,185,178,170,180,178,701,25.1,75,1.5,0.0,1.0,191.6,False,10,3,True
2021-06-14 10:00:00,2021-06-14,10,1,157,180,180,167,171,434,23.8,79,3.5,0.0,1.0,191.6,False,10,3,True
2021-06-14 11:00:00,2021-06-14,11,1,173,190,187,175,181,1351,24.4,78,3.8,0.0,1.0,191.6,False,10,3,True
2021-06-14 12:00:00,2021-06-14,12,1,123,104,108,140,119,0,23.9,80,3.3,0.0,1.0,191.6,False,10,3,True
2021-06-14 13:00:00,2021-06-14,13,1,175,187,192,188,186,2839,22.4,88,3.1,0.0,1.0,191.6,False,10,3,True
2021-06-14 14:00:00,2021-06-14,14,1,185,174,172,176,177,984,23.2,83,2.7,0.0,1.0,191.6,False,10,3,True
2021-06-14 15:00:00,2021-06-14,15,1,148,181,190,192,178,960,23.0,86,3.0,0.0,1.0,191.6,False,10,3,True
2021-06-14 16:00:00,2021-06-14,16,1,180,168,169,168,171,744,22.3,90,3.0,0.0,1.0,191.6,False,10,3,True
2021-06-14 17:00:00,2021-06-14,17,1,130,117,159,179,146,1417,21.9,89,2.6,0.0,1.0,191.6,False,10,3,True
2021-06-14 18:00:00,2021-06-14,18,1,182,182,169,158,173,829,21.3,91,2.4,0.0,1.5,191.6,False,10,3,True
2021-06-14 19:00:00,2021-06-14,19,1,164,158,157,122,150,2256,20.8,94,2.0,0.0,1.5,191.6,False,10,3,True
2021-06-14 20:00:00,2021-06-14,20,1,109,121,121,126,119,2,20.8,94,1.1,0.0,1.5,191.6,False,10,3,True
2021-06-14 21:00:00,2021-06-14,21,1,120,122,125,125,123,380,21.0,93,1.1,0.0,1.5,191.6,False,10,3,True
2021-06-14 22:00:00,2021-06-14,22,1,100,108,109,129,112,0,20.9,94,1.9,0.0,1.5,191.6,False,10,3,True
2021-06-14 23:00:00,2021-06-14,23,1,118,113,106,90,107,18,20.6,97,1.1,0.0,1.5,191.6,False,10,3,True
2021-06-15 00:00:00,2021-06-15,0,2,83,77,72,72,76,468,20.4,98,0.9,0.0,1.5,191.6,False,11,4,True
2021-06-15 01:00:00,2021-06-15,1,2,100,110,115,116,110,0,20.4,98,0.6,0.0,1.5,191.6,False,11,4,True
2021-06-15 02:00:00,2021-06-15,2,2,114,117,121,117,117,110,20.6,96,1.0,0.0,1.5,191.6,False,11,4,True
2021-06-15 03:00:00,2021-06-15,3,2,104,119,117,123,116,69,20.4,94,1.2,0.0,1.5,191.6,False,11,4,True
2021-06-15 04:00:00,2021-06-15,4,2,122,111,100,106,110,69,20.4,94,1.2,0.0,1.5,191.6,False,11,4,True
2021-06-15 05:00:00,2021-06-15,5,2,94,87,96,112,97,0,20.4,95,0.9,0.0,1.5,191.6,False,11,4,True
2021-06-15 06:00:00,2021-06-15,6,2,121,118,117,117,118,128,20.7,96,0.8,0.0,1.5,191.6,False,11,4,True
2021-06-15 07:00:00,2021-06-15,7,2,116,119,144,150,132,1228,22.0,90,1.3,0.0,1.5,191.6,False,11,4,True
2021-06-15 08:00:00,2021-06-15,8,2,176,196,198,181,188,2120,22.0,88,2.2,0.0,1.5,191.6,False,11,4,True
2021-06-15 09:00:00,2021-06-15,9,2,184,195,176,188,186,1455,21.5,90,2.2,0.0,1.0,191.6,False,11,4,True
2021-06-15 10:00:00,2021-06-15,10,2,138,174,181,164,164,1189,21.9,88,2.4,0.0,1.0,191.6,False,11,4,True
2021-06-15 11:00:00,2021-06-15,11,2,162,180,167,184,173,1370,21.8,90,2.5,0.0,1.0,191.6,False,11,4,True
2021-06-15 12:00:00,2021-06-15,12,2,128,105,92,122,112,274,21.7,90,1.6,0.0,1.0,191.6,False,11,4,True
2021-06-15 13:00:00,2021-06-15,13,2,168,177,170,170,171,2845,21.4,92,2.4,0.0,1.0,191.6,False,11,4,True
2021-06-15 14:00:00,2021-06-15,14,2,182,181,173,172,177,923,21.2,93,1.9,0.0,1.0,191.6,False,11,4,True
2021-06-15 15:00:00,2021-06-15,15,2,137,168,171,176,163,994,21.0,97,2.1,0.0,1.0,191.6,False,11,4,True
2021-06-15 16:00:00,2021-06-15,16,2,166,172,181,160,170,3214,20.6,98,1.9,0.3,1.0,191.6,False,11,4,True
2021-06-15 17:00:00,2021-06-15,17,2,118,108,149,159,134,602,20.7,98,0.6,1.0,1.0,191.6,False,11,4,True
2021-06-15 18:00:00,2021-06-15,18,2,161,161,153,170,161,2017,20.6,98,1.0,1.1,1.5,191.6,False,11,4,True
2021-06-15 19:00:00,2021-06-15,19,2,162,159,154,147,156,1905,20.5,98,3.2,2.7,1.5,191.6,False,11,4,True
2021-06-15 20:00:00,2021-06-15,20,2,133,131,127,120,128,1,20.0,98,2.6,4.1,1.5,191.6,False,11,4,True
2021-06-15 21:00:00,2021-06-15,21,2,124,131,129,124,127,338,19.5,98,2.3,5.5,1.5,191.6,False,11,4,True
2021-06-15 22:00:00,2021-06-15,22,2,108,111,116,123,115,24,18.4,98,3.1,6.2,1.5,191.6,False,11,4,True
2021-06-15 23:00:00,2021-06-15,23,2,116,120,110,85,108,191,18.3,98,2.2,7.6,1.5,191.6,False,11,4,True
2021-06-16 00:00:00,2021-06-16,0,3,76,73,71,72,73,550,18.7,98,2.6,0.2,1.5,191.6,False,30,3,True
2021-06-16 01:00:00,2021-06-16,1,3,100,115,120,109,111,22,18.2,98,2.8,1.0,1.5,191.6,False,30,3,True
2021-06-16 02:00:00,2021-06-16,2,3,106,117,116,117,114,175,18.3,98,3.1,3.7,1.5,191.6,False,30,3,True
2021-06-16 03:00:00,2021-06-16,3,3,106,113,114,113,112,453,18.5,98,2.9,5.8,1.5,191.6,False,30,3,True
2021-06-16 04:00:00,2021-06-16,4,3,118,115,113,102,112,85,18.7,98,2.8,6.4,1.5,191.6,False,30,3,True
2021-06-16 05:00:00,2021-06-16,5,3,79,75,102,111,92,226,18.9,98,2.9,7.5,1.5,191.6,False,30,3,True
2021-06-16 06:00:00,2021-06-16,6,3,114,119,121,105,115,194,18.9,98,2.9,8.9,1.5,191.6,False,30,3,True
2021-06-16 07:00:00,2021-06-16,7,3,96,116,148,161,130,682,19.2,98,2.7,10.6,1.5,191.6,False,30,3,True
2021-06-16 08:00:00,2021-06-16,8,3,170,185,180,173,177,1140,19.3,98,3.2,11.4,1.5,191.6,False,30,3,True
2021-06-16 09:00:00,2021-06-16,9,3,171,168,187,192,180,1405,19.2,98,2.2,14.3,1.0,191.6,False,30,3,True
2021-06-16 10:00:00,2021-06-16,10,3,150,179,193,190,178,873,19.3,98,3.1,15.4,1.0,191.6,False,30,3,True
2021-06-16 11:00:00,2021-06-16,11,3,186,172,175,170,176,376,19.5,98,3.4,15.4,1.0,191.6,False,30,3,True
2021-06-16 12:00:00,2021-06-16,12,3,120,104,95,116,109,776,19.8,96,3.7,15.4,1.0,191.6,False,30,3,True
2021-06-16 13:00:00,2021-06-16,13,3,158,175,172,171,169,908,19.8,95,3.5,15.4,1.0,191.6,False,30,3,True
2021-06-16 14:00:00,2021-06-16,14,3,167,169,172,174,171,2028,19.7,97,4.1,15.4,1.0,191.6,False,30,3,True
2021-06-16 15:00:00,2021-06-16,15,3,138,177,180,157,163,1068,19.9,96,3.7,15.4,1.0,191.6,False,30,3,True
2021-06-16 16:00:00,2021-06-16,16,3,165,171,177,160,168,1631,19.4,98,2.4,15.4,1.0,191.6,False,30,3,True
2021-06-16 17:00:00,2021-06-16,17,3,133,139,166,177,154,69,19.4,98,3.2,15.9,1.0,191.6,False,30,3,True
2021-06-16 18:00:00,2021-06-16,18,3,177,169,163,162,168,914,19.2,98,4.2,15.9,1.5,191.6,False,30,3,True
2021-06-16 19:00:00,2021-06-16,19,3,152,145,142,117,139,2889,19.3,98,4.1,15.9,1.5,191.6,False,30,3,True
2021-06-16 20:00:00,2021-06-16,20,3,108,112,120,115,114,289,18.9,98,3.4,15.9,1.5,191.6,False,30,3,True
2021-06-16 21:00:00,2021-06-16,21,3,110,120,117,123,118,31,18.9,97,3.3,16.0,1.5,191.6,False,30,3,True
2021-06-16 22:00:00,2021-06-16,22,3,102,102,99,107,103,201,18.4,98,3.2,16.2,1.5,191.6,False,30,3,True
2021-06-16 23:00:00,2021-06-16,23,3,107,119,111,85,106,0,18.1,98,3.1,16.2,1.5,191.6,False,30,3,True
2021-06-17 00:00:00,2021-06-17,0,4,72,72,72,71,72,0,17.6,98,2.4,0.4,1.5,191.6,False,13,4,True
2021-06-17 01:00:00,2021-06-17,1,4,96,104,108,118,107,29,17.3,98,2.4,0.7,1.5,191.6,False,13,4,True
2021-06-17 02:00:00,2021-06-17,2,4,115,117,107,110,112,141,17.1,98,2.3,0.9,1.5,191.6,False,13,4,True
2021-06-17 03:00:00,2021-06-17,3,4,112,118,120,115,116,36,17.1,98,2.1,1.0,1.5,191.6,False,13,4,True
2021-06-17 04:00:00,2021-06-17,4,4,111,110,114,115,113,160,16.9,98,2.5,1.2,1.5,191.6,False,13,4,True
2021-06-17 05:00:00,2021-06-17,5,4,98,83,96,112,97,16,16.9,98,2.0,1.3,1.5,191.6,False,13,4,True
2021-06-17 06:00:00,2021-06-17,6,4,118,116,126,122,121,231,17.4,98,2.9,1.3,1.5,191.6,False,13,4,True
2021-06-17 07:00:00,2021-06-17,7,4,120,124,162,158,141,591,18.0,98,2.5,1.3,1.5,191.6,False,13,4,True
2021-06-17 08:00:00,2021-06-17,8,4,178,193,197,193,190,1191,18.3,97,2.8,1.3,1.5,191.6,False,13,4,True
2021-06-17 09:00:00,2021-06-17,9,4,188,180,173,179,180,987,18.6,95,2.4,1.3,1.0,191.6,False,13,4,True
2021-06-17 10:00:00,2021-06-17,10,4,142,170,177,175,166,711,19.2,93,1.6,1.3,1.0,191.6,False,13,4,True
2021-06-17 11:00:00,2021-06-17,11,4,188,190,177,177,183,3403,19.6,92,2.2,1.3,1.0,191.6,False,13,4,True
2021-06-17 12:00:00,2021-06-17,12,4,116,88,85,123,103,202,19.4,91,2.2,1.3,1.0,191.6,False,13,4,True
2021-06-17 13:00:00,2021-06-17,13,4,169,188,192,182,183,1735,20.2,89,1.5,1.3,1.0,191.6,False,13,4,True
2021-06-17 14:00:00,2021-06-17,14,4,171,179,176,189,179,802,20.2,88,1.8,1.3,1.0,191.6,False,13,4,True
2021-06-17 15:00:00,2021-06-17,15,4,147,179,179,174,170,1135,20.7,85,1.5,1.3,1.0,191.6,False,13,4,True
2021-06-17 16:00:00,2021-06-17,16,4,166,164,170,174,169,358,20.0,86,1.4,1.3,1.0,191.6,False,13,4,True
2021-06-17 17:00:00,2021-06-17,17,4,132,118,144,158,138,991,19.6,89,1.1,1.3,1.0,191.6,False,13,4,True
2021-06-17 18:00:00,2021-06-17,18,4,171,166,177,167,170,1558,19.0,92,1.0,1.3,1.5,191.6,False,13,4,True
2021-06-17 19:00:00,2021-06-17,19,4,160,160,169,147,159,2358,18.8,92,1.1,1.3,1.5,191.6,False,13,4,True
2021-06-17 20:00:00,2021-06-17,20,4,133,143,143,135,139,6,18.7,93,1.0,1.3,1.5,191.6,False,13,4,True
2021-06-17 21:00:00,2021-06-17,21,4,125,134,125,123,127,2,18.7,95,0.0,1.3,1.5,191.6,False,13,4,True
2021-06-17 22:00:00,2021-06-17,22,4,119,128,126,127,125,28,18.8,96,0.7,1.3,1.5,191.6,False,13,4,True
2021-06-17 23:00:00,2021-06-17,23,4,125,120,105,94,111,10,18.8,96,0.7,1.3,1.5,191.6,False,13,4,True
2021-06-18 00:00:00,2021-06-18,0,5,90,82,75,73,80,200,18.5,98,0.7,0.2,1.5,191.6,False,14,4,True
2021-06-18 01:00:00,2021-06-18,1,5,98,117,117,115,112,191,18.3,98,0.2,0.5,1.5,191.6,False,14,4,True
2021-06-18 02:00:00,2021-06-18,2,5,117,121,117,105,115,98,18.3,98,0.4,0.5,1.5,191.6,False,14,4,True
2021-06-18 03:00:00,2021-06-18,3,5,101,118,126,111,114,185,18.1,98,0.3,0.7,1.5,191.6,False,14,4,True
2021-06-18 04:00:00,2021-06-18,4,5,104,110,117,115,112,0,17.9,98,0.6,1.5,1.5,191.6,False,14,4,True
2021-06-18 05:00:00,2021-06-18,5,5,96,90,100,120,102,0,17.9,98,0.5,2.6,1.5,191.6,False,14,4,True
2021-06-18 06:00:00,2021-06-18,6,5,123,122,123,114,121,460,18.4,98,0.1,2.8,1.5,191.6,False,14,4,True
2021-06-18 07:00:00,2021-06-18,7,5,112,125,138,157,133,1086,18.8,98,0.7,2.9,1.5,191.6,False,14,4,True
2021-06-18 08:00:00,2021-06-18,8,5,166,153,150,177,162,470,19.6,98,0.4,2.9,1.5,191.6,False,14,4,True
2021-06-18 09:00:00,2021-06-18,9,5,168,162,166,186,171,680,20.3,98,0.9,2.9,1.0,191.6,False,14,4,True
2021-06-18 10:00:00,2021-06-18,10,5,156,179,168,156,165,771,22.7,92,0.9,2.9,1.0,191.6,False,14,4,True
2021-06-18 11:00:00,2021-06-18,11,5,165,185,182,177,177,982,23.2,80,1.3,2.9,1.0,191.6,False,14,4,True
2021-06-18 12:00:00,2021-06-18,12,5,104,88,90,124,102,235,23.4,83,1.0,2.9,1.0,191.6,False,14,4,True
2021-06-18 13:00:00,2021-06-18,13,5,170,180,176,171,174,2310,25.0,77,1.6,2.9,1.0,191.6,False,14,4,True
2021-06-18 14:00:00,2021-06-18,14,5,170,166,153,165,164,1500,24.7,78,1.2,2.9,1.0,191.6,False,14,4,True
2021-06-18 15:00:00,2021-06-18,15,5,130,170,168,154,156,805,23.1,83,1.6,2.9,1.0,191.6,False,14,4,True
2021-06-18 16:00:00,2021-06-18,16,5,156,161,174,156,162,1065,22.5,87,1.5,2.9,1.0,191.6,False,14,4,True
2021-06-18 17:00:00,2021-06-18,17,5,140,133,153,164,148,527,22.2,90,1.0,2.9,1.0,191.6,False,14,4,True
2021-06-18 18:00:00,2021-06-18,18,5,154,146,150,151,150,766,22.4,90,0.3,2.9,1.5,191.6,False,14,4,True
2021-06-18 19:00:00,2021-06-18,19,5,139,138,142,131,138,3528,21.8,95,0.0,2.9,1.5,191.6,False,14,4,True
2021-06-18 20:00:00,2021-06-18,20,5,119,124,114,112,117,322,21.6,94,1.8,2.9,1.5,191.6,False,14,4,True
2021-06-18 21:00:00,2021-06-18,21,5,108,115,110,121,114,92,21.2,93,0.6,2.9,1.5,191.6,False,14,4,True
2021-06-18 22:00:00,2021-06-18,22,5,117,115,116,108,114,33,21.3,95,1.3,2.9,1.5,191.6,False,14,4,True
2021-06-18 23:00:00,2021-06-18,23,5,116,120,109,80,106,70,21.1,96,1.5,2.9,1.5,191.6,False,14,4,True
2021-06-19 00:00:00,2021-06-19,0,6,70,67,65,65,67,104,20.5,98,1.3,0.0,1.5,191.6,False,31,2,True
2021-06-19 01:00:00,2021-06-19,1,6,95,114,114,118,110,102,20.5,95,2.1,0.0,1.5,191.6,False,31,2,True
2021-06-19 02:00:00,2021-06-19,2,6,119,116,111,114,115,6,20.2,91,1.4,0.0,1.5,191.6,False,31,2,True
2021-06-19 03:00:00,2021-06-19,3,6,92,109,99,98,100,50,19.4,88,1.7,0.0,1.5,191.6,False,31,2,True
2021-06-19 04:00:00,2021-06-19,4,6,105,108,114,110,109,0,20.2,82,2.1,0.0,1.5,191.6,False,31,2,True
2021-06-19 05:00:00,2021-06-19,5,6,85,76,90,102,88,3,20.6,80,2.5,0.0,1.5,191.6,False,31,2,True
2021-06-19 06:00:00,2021-06-19,6,6,109,105,103,94,103,450,22.1,73,2.8,0.0,1.5,191.6,False,31,2,True
2021-06-19 07:00:00,2021-06-19,7,6,82,74,41,32,57,844,23.3,72,2.0,0.0,1.5,191.6,False,31,2,True
2021-06-19 08:00:00,2021-06-19,8,6,25,22,22,22,23,0,24.2,63,3.1,0.0,1.5,191.6,False,31,2,True
2021-06-19 09:00:00,2021-06-19,9,6,22,22,22,22,22,0,25.2,54,3.1,0.0,1.0,191.6,False,31,2,True
2021-06-19 10:00:00,2021-06-19,10,6,22,22,22,22,22,0,26.5,50,2.2,0.0,1.0,191.6,False,31,2,True
2021-06-19 11:00:00,2021-06-19,11,6,24,27,23,22,24,0,26.6,52,1.6,0.0,1.0,191.6,False,31,2,True
2021-06-19 12:00:00,2021-06-19,12,6,22,22,22,22,22,0,26.3,46,3.9,0.0,1.0,191.6,False,31,2,True
2021-06-19 13:00:00,2021-06-19,13,6,22,21,22,22,22,0,27.0,47,3.5,0.0,1.0,191.6,False,31,2,True
2021-06-19 14:00:00,2021-06-19,14,6,22,23,27,26,25,0,26.9,48,2.7,0.0,1.0,191.6,False,31,2,True
2021-06-19 15:00:00,2021-06-19,15,6,22,22,23,22,22,0,26.5,46,2.3,0.0,1.0,191.6,False,31,2,True
2021-06-19 16:00:00,2021-06-19,16,6,22,22,22,22,22,0,25.6,51,2.0,0.0,1.0,191.6,False,31,2,True
2021-06-19 17:00:00,2021-06-19,17,6,23,22,22,23,23,0,24.1,47,1.3,0.0,1.0,191.6,False,31,2,True
2021-06-19 18:00:00,2021-06-19,18,6,23,27,25,22,24,0,23.5,61,1.2,0.0,1.5,191.6,False,31,2,True
2021-06-19 19:00:00,2021-06-19,19,6,22,22,22,22,22,0,22.4,70,0.8,0.0,1.5,191.6,False,31,2,True
2021-06-19 20:00:00,2021-06-19,20,6,22,22,22,22,22,0,21.9,76,0.3,0.0,1.5,191.6,False,31,2,True
2021-06-19 21:00:00,2021-06-19,21,6,22,22,23,27,24,0,21.0,82,0.9,0.0,1.5,191.6,False,31,2,True
2021-06-19 22:00:00,2021-06-19,22,6,25,23,22,22,23,0,19.9,82,0.1,0.0,1.5,191.6,False,31,2,True
2021-06-19 23:00:00,2021-06-19,23,6,22,22,22,22,22,0,19.6,83,0.5,0.0,1.5,191.6,False,31,2,True
2021-06-20 00:00:00,2021-06-20,0,7,22,22,22,22,22,0,19.3,88,1.2,0.0,1.5,191.6,False,65,1,False
2021-06-20 01:00:00,2021-06-20,1,7,24,27,24,22,24,0,18.6,88,1.0,0.0,1.5,191.6,False,65,1,False
2021-06-20 02:00:00,2021-06-20,2,7,22,22,22,22,22,0,18.4,90,0.1,0.0,1.5,191.6,False,65,1,False
2021-06-20 03:00:00,2021-06-20,3,7,22,22,22,22,22,0,18.2,94,0.9,0.0,1.5,191.6,False,65,1,False
2021-06-20 04:00:00,2021-06-20,4,7,22,22,23,27,24,0,17.5,95,0.5,0.0,1.5,191.6,False,65,1,False
2021-06-20 05:00:00,2021-06-20,5,7,26,22,22,22,23,0,18.0,94,0.7,0.0,1.5,191.6,False,65,1,False
2021-06-20 06:00:00,2021-06-20,6,7,22,22,22,22,22,0,20.1,86,1.3,0.0,1.5,191.6,False,65,1,False
2021-06-20 07:00:00,2021-06-20,7,7,21,21,22,22,22,0,21.8,79,1.6,0.0,1.5,191.6,False,65,1,False
2021-06-20 08:00:00,2021-06-20,8,7,23,26,24,22,24,0,23.5,70,1.1,0.0,1.5,191.6,False,65,1,False
2021-06-20 09:00:00,2021-06-20,9,7,22,22,22,22,22,0,25.5,61,1.0,0.0,1.0,191.6,False,65,1,False
2021-06-20 10:00:00,2021-06-20,10,7,22,22,22,22,22,0,25.9,67,1.6,0.0,1.0,191.6,False,65,1,False
2021-06-20 11:00:00,2021-06-20,11,7,22,23,27,25,24,0,26.9,63,2.0,0.0,1.0,191.6,False,65,1,False
2021-06-20 12:00:00,2021-06-20,12,7,22,22,22,22,22,0,26.8,64,2.2,0.0,1.0,191.6,False,65,1,False
2021-06-20 13:00:00,2021-06-20,13,7,23,22,22,22,22,0,26.2,62,2.3,0.0,1.0,191.6,False,65,1,False
2021-06-20 14:00:00,2021-06-20,14,7,22,22,23,24,23,0,27.0,67,1.9,0.0,1.0,191.6,False,65,1,False
2021-06-20 15:00:00,2021-06-20,15,7,28,24,23,23,25,0,27.6,61,1.8,0.0,1.0,191.6,False,65,1,False
2021-06-20 16:00:00,2021-06-20,16,7,23,22,24,24,23,0,28.0,58,1.7,0.0,1.0,191.6,False,65,1,False
2021-06-20 17:00:00,2021-06-20,17,7,24,23,23,22,23,0,27.6,58,1.2,0.0,1.0,191.6,False,65,1,False
2021-06-20 18:00:00,2021-06-20,18,7,22,26,26,23,24,0,25.9,63,1.2,0.0,1.5,191.6,False,65,1,False
2021-06-20 19:00:00,2021-06-20,19,7,23,22,23,22,23,0,23.7,76,0.7,0.0,1.5,191.6,False,65,1,False
2021-06-20 20:00:00,2021-06-20,20,7,22,22,22,22,22,0,22.5,84,1.2,0.0,1.5,191.6,False,65,1,False
2021-06-20 21:00:00,2021-06-20,21,7,23,23,26,27,25,0,22.0,86,0.0,0.0,1.5,191.6,False,65,1,False
2021-06-20 22:00:00,2021-06-20,22,7,23,23,22,22,23,0,21.7,87,0.2,0.0,1.5,191.6,False,65,1,False
2021-06-20 23:00:00,2021-06-20,23,7,23,22,22,23,23,0,21.1,90,0.1,0.0,1.5,191.6,False,65,1,False
2021-06-21 00:00:00,2021-06-21,0,1,23,22,23,25,23,0,20.6,92,0.6,0.0,1.5,191.6,False,15,2,True
2021-06-21 01:00:00,2021-06-21,1,1,28,23,22,22,24,0,19.9,96,0.0,0.0,1.5,191.6,False,15,2,True
2021-06-21 02:00:00,2021-06-21,2,1,23,22,22,22,22,0,20.1,95,0.4,0.0,1.5,191.6,False,15,2,True
2021-06-21 03:00:00,2021-06-21,3,1,23,22,23,22,23,0,19.3,96,0.5,0.0,1.5,191.6,False,15,2,True
2021-06-21 04:00:00,2021-06-21,4,1,24,27,24,23,25,0,19.6,86,2.0,0.0,1.5,191.6,False,15,2,True
2021-06-21 05:00:00,2021-06-21,5,1,23,22,22,22,22,0,21.2,69,2.4,0.0,1.5,191.6,False,15,2,True
2021-06-21 06:00:00,2021-06-21,6,1,22,22,22,23,22,0,22.7,57,1.1,0.0,1.5,191.6,False,15,2,True
2021-06-21 07:00:00,2021-06-21,7,1,29,38,62,101,58,0,24.0,61,1.5,0.0,1.5,191.6,False,15,2,True
2021-06-21 08:00:00,2021-06-21,8,1,148,196,208,206,190,180,25.2,55,2.1,0.0,1.5,191.6,False,15,2,True
2021-06-21 09:00:00,2021-06-21,9,1,192,194,184,187,189,1350,26.9,46,2.2,0.0,1.0,191.6,False,15,2,True
2021-06-21 10:00:00,2021-06-21,10,1,164,202,196,178,185,1175,27.4,43,2.8,0.0,1.0,191.6,False,15,2,True
2021-06-21 11:00:00,2021-06-21,11,1,174,170,191,189,181,2287,27.8,41,3.1,0.0,1.0,191.6,False,15,2,True
2021-06-21 12:00:00,2021-06-21,12,1,132,102,98,126,115,24,25.2,62,3.7,0.0,1.0,191.6,False,15,2,True
2021-06-21 13:00:00,2021-06-21,13,1,178,190,191,199,190,642,24.8,68,3.9,0.0,1.0,191.6,False,15,2,True
2021-06-21 14:00:00,2021-06-21,14,1,178,182,201,196,189,1038,22.6,76,3.7,0.0,1.0,191.6,False,15,2,True
2021-06-21 15:00:00,2021-06-21,15,1,151,174,184,165,169,1258,21.1,82,2.8,0.0,1.0,191.6,False,15,2,True
2021-06-21 16:00:00,2021-06-21,16,1,164,154,160,162,160,955,22.2,79,1.9,0.0,1.0,191.6,False,15,2,True
2021-06-21 17:00:00,2021-06-21,17,1,117,109,148,162,134,1810,21.3,83,3.3,0.0,1.0,191.6,False,15,2,True
2021-06-21 18:00:00,2021-06-21,18,1,155,156,157,157,156,2438,21.0,79,2.9,0.0,1.5,191.6,False,15,2,True
2021-06-21 19:00:00,2021-06-21,19,1,145,159,150,119,143,2118,20.2,80,2.0,0.0,1.5,191.6,False,15,2,True
2021-06-21 20:00:00,2021-06-21,20,1,115,133,134,125,127,137,19.9,78,2.5,0.0,1.5,191.6,False,15,2,True
2021-06-21 21:00:00,2021-06-21,21,1,121,122,133,131,127,72,19.4,81,2.1,0.0,1.5,191.6,False,15,2,True
2021-06-21 22:00:00,2021-06-21,22,1,100,118,117,121,114,100,19.0,81,1.9,0.0,1.5,191.6,False,15,2,True
2021-06-21 23:00:00,2021-06-21,23,1,124,130,113,82,112,56,18.9,86,1.6,0.0,1.5,191.6,False,15,2,True
2021-06-22 00:00:00,2021-06-22,0,2,69,71,74,71,71,226,18.3,85,1.2,0.0,1.5,191.6,False,16,4,True
2021-06-22 01:00:00,2021-06-22,1,2,93,112,109,118,108,24,17.8,89,1.2,0.0,1.5,191.6,False,16,4,True
2021-06-22 02:00:00,2021-06-22,2,2,118,110,103,120,113,0,17.3,93,1.4,0.0,1.5,191.6,False,16,4,True
2021-06-22 03:00:00,2021-06-22,3,2,96,123,117,116,113,606,16.8,95,1.7,0.0,1.5,191.6,False,16,4,True
2021-06-22 04:00:00,2021-06-22,4,2,113,112,121,120,117,40,17.2,93,1.4,0.0,1.5,191.6,False,16,4,True
2021-06-22 05:00:00,2021-06-22,5,2,86,76,100,112,94,850,17.9,89,1.8,0.0,1.5,191.6,False,16,4,True
2021-06-22 06:00:00,2021-06-22,6,2,117,117,114,108,114,157,18.7,87,1.7,0.0,1.5,191.6,False,16,4,True
2021-06-22 07:00:00,2021-06-22,7,2,105,128,162,159,139,1039,19.6,78,2.1,0.0,1.5,191.6,False,16,4,True
2021-06-22 08:00:00,2021-06-22,8,2,165,167,174,178,171,433,20.7,72,2.1,0.0,1.5,191.6,False,16,4,True
2021-06-22 09:00:00,2021-06-22,9,2,170,176,160,160,167,4451,20.9,73,1.4,0.0,1.0,191.6,False,16,4,True
2021-06-22 10:00:00,2021-06-22,10,2,140,175,189,185,172,1033,20.4,77,2.6,0.0,1.0,191.6,False,16,4,True
2021-06-22 11:00:00,2021-06-22,11,2,169,172,180,168,172,1559,21.7,74,1.4,0.0,1.0,191.6,False,16,4,True
2021-06-22 12:00:00,2021-06-22,12,2,116,104,101,122,111,351,22.6,70,2.2,0.0,1.0,191.6,False,16,4,True
2021-06-22 13:00:00,2021-06-22,13,2,156,155,168,186,166,628,22.3,70,2.4,0.0,1.0,191.6,False,16,4,True
2021-06-22 14:00:00,2021-06-22,14,2,172,151,140,163,157,1159,22.0,71,3.1,0.0,1.0,191.6,False,16,4,True
2021-06-22 15:00:00,2021-06-22,15,2,125,171,168,161,156,953,20.7,76,2.3,0.0,1.0,191.6,False,16,4,True
2021-06-22 16:00:00,2021-06-22,16,2,148,175,162,154,160,1619,20.3,80,2.0,0.0,1.0,191.6,False,16,4,True
2021-06-22 17:00:00,2021-06-22,17,2,104,87,129,159,120,276,19.6,85,1.6,0.1,1.0,191.6,False,16,4,True
2021-06-22 18:00:00,2021-06-22,18,2,164,150,147,149,153,907,19.2,88,1.1,0.1,1.5,191.6,False,16,4,True
2021-06-22 19:00:00,2021-06-22,19,2,153,142,174,154,156,2535,19.3,85,1.8,0.1,1.5,191.6,False,16,4,True
2021-06-22 20:00:00,2021-06-22,20,2,133,134,129,134,133,59,19.3,85,1.7,0.1,1.5,191.6,False,16,4,True
2021-06-22 21:00:00,2021-06-22,21,2,123,128,128,123,126,112,19.5,84,1.5,0.1,1.5,191.6,False,16,4,True
2021-06-22 22:00:00,2021-06-22,22,2,98,122,118,116,114,123,19.0,88,1.9,0.1,1.5,191.6,False,16,4,True
2021-06-22 23:00:00,2021-06-22,23,2,131,120,114,88,113,144,18.9,89,1.1,0.1,1.5,191.6,False,16,4,True
2021-06-23 00:00:00,2021-06-23,0,3,70,69,69,68,69,126,18.6,92,1.8,0.0,1.5,191.6,False,17,4,True
2021-06-23 01:00:00,2021-06-23,1,3,97,105,102,106,103,61,18.2,92,1.8,0.0,1.5,191.6,False,17,4,True
2021-06-23 02:00:00,2021-06-23,2,3,119,123,123,113,120,46,18.2,93,1.6,0.0,1.5,191.6,False,17,4,True
2021-06-23 03:00:00,2021-06-23,3,3,92,99,108,113,103,150,17.4,97,1.6,0.0,1.5,191.6,False,17,4,True
2021-06-23 04:00:00,2021-06-23,4,3,116,111,109,111,112,41,17.2,98,1.1,0.0,1.5,191.6,False,17,4,True
2021-06-23 05:00:00,2021-06-23,5,3,86,72,98,125,95,1006,17.1,98,2.1,0.0,1.5,191.6,False,17,4,True
2021-06-23 06:00:00,2021-06-23,6,3,125,115,108,119,117,106,18.3,95,1.5,0.0,1.5,191.6,False,17,4,True
2021-06-23 07:00:00,2021-06-23,7,3,120,134,158,149,140,1090,19.2,89,1.1,0.0,1.5,191.6,False,17,4,True
2021-06-23 08:00:00,2021-06-23,8,3,151,174,165,160,163,898,19.9,84,0.4,0.0,1.5,191.6,False,17,4,True
2021-06-23 09:00:00,2021-06-23,9,3,162,160,161,156,160,1005,20.1,81,1.4,0.0,1.0,191.6,False,17,4,True
2021-06-23 10:00:00,2021-06-23,10,3,127,149,156,160,148,4520,20.5,83,1.7,0.0,1.0,191.6,False,17,4,True
2021-06-23 11:00:00,2021-06-23,11,3,166,152,152,153,156,1185,20.7,80,1.7,0.0,1.0,191.6,False,17,4,True
2021-06-23 12:00:00,2021-06-23,12,3,97,85,86,104,93,16,21.2,77,3.1,0.0,1.0,191.6,False,17,4,True
2021-06-23 13:00:00,2021-06-23,13,3,153,149,150,161,153,854,21.0,80,3.1,0.0,1.0,191.6,False,17,4,True
2021-06-23 14:00:00,2021-06-23,14,3,149,146,156,153,151,1068,20.9,78,3.8,0.0,1.0,191.6,False,17,4,True
2021-06-23 15:00:00,2021-06-23,15,3,132,165,161,142,150,1057,21.1,77,3.2,0.0,1.0,191.6,False,17,4,True
2021-06-23 16:00:00,2021-06-23,16,3,142,165,168,163,160,668,20.8,80,2.2,0.0,1.0,191.6,False,17,4,True
2021-06-23 17:00:00,2021-06-23,17,3,102,98,142,170,128,1183,20.5,79,2.9,0.0,1.0,191.6,False,17,4,True
2021-06-23 18:00:00,2021-06-23,18,3,166,161,161,158,162,1462,20.1,83,1.8,0.0,1.5,191.6,False,17,4,True
2021-06-23 19:00:00,2021-06-23,19,3,146,141,143,117,137,1696,19.7,84,1.5,0.0,1.5,191.6,False,17,4,True
2021-06-23 20:00:00,2021-06-23,20,3,126,123,125,136,128,133,19.5,84,1.7,0.0,1.5,191.6,False,17,4,True
2021-06-23 21:00:00,2021-06-23,21,3,126,124,127,126,126,68,19.1,84,1.5,0.0,1.5,191.6,False,17,4,True
2021-06-23 22:00:00,2021-06-23,22,3,91,120,123,122,114,75,19.3,84,1.2,0.0,1.5,191.6,False,17,4,True
2021-06-23 23:00:00,2021-06-23,23,3,103,120,116,101,110,381,19.3,84,1.5,0.0,1.5,191.6,False,17,4,True
2021-06-24 00:00:00,2021-06-24,0,4,73,70,69,69,70,200,19.2,85,1.0,0.0,1.5,191.6,False,18,4,True
2021-06-24 01:00:00,2021-06-24,1,4,98,106,119,121,111,204,18.8,86,1.2,0.0,1.5,191.6,False,18,4,True
2021-06-24 02:00:00,2021-06-24,2,4,126,120,113,113,118,207,18.6,86,0.9,0.0,1.5,191.6,False,18,4,True
2021-06-24 03:00:00,2021-06-24,3,4,106,117,121,123,117,77,18.0,89,1.0,0.0,1.5,191.6,False,18,4,True
2021-06-24 04:00:00,2021-06-24,4,4,118,114,121,112,116,64,17.8,91,1.1,0.0,1.5,191.6,False,18,4,True
2021-06-24 05:00:00,2021-06-24,5,4,99,83,106,116,101,10,18.3,91,1.6,0.0,1.5,191.6,False,18,4,True
2021-06-24 06:00:00,2021-06-24,6,4,124,122,112,113,118,116,19.6,85,0.9,0.0,1.5,191.6,False,18,4,True
2021-06-24 07:00:00,2021-06-24,7,4,120,136,169,172,149,1695,20.3,82,0.9,0.0,1.5,191.6,False,18,4,True
2021-06-24 08:00:00,2021-06-24,8,4,171,188,185,184,182,429,20.8,81,1.0,0.0,1.5,191.6,False,18,4,True
2021-06-24 09:00:00,2021-06-24,9,4,154,165,172,156,162,902,21.7,76,0.7,0.0,1.0,191.6,False,18,4,True
2021-06-24 10:00:00,2021-06-24,10,4,123,154,168,171,154,2375,23.3,68,1.1,0.0,1.0,191.6,False,18,4,True
2021-06-24 11:00:00,2021-06-24,11,4,163,165,170,156,164,2152,24.1,68,1.5,0.0,1.0,191.6,False,18,4,True
2021-06-24 12:00:00,2021-06-24,12,4,113,93,99,116,105,328,25.1,62,1.3,0.0,1.0,191.6,False,18,4,True
2021-06-24 13:00:00,2021-06-24,13,4,147,163,182,190,171,814,24.0,67,2.1,0.0,1.0,191.6,False,18,4,True
2021-06-24 14:00:00,2021-06-24,14,4,175,169,151,158,163,1221,23.7,69,2.0,0.0,1.0,191.6,False,18,4,True
2021-06-24 15:00:00,2021-06-24,15,4,114,141,166,180,150,2131,23.7,70,2.0,0.0,1.0,191.6,False,18,4,True
2021-06-24 16:00:00,2021-06-24,16,4,163,157,165,164,162,959,23.0,74,1.5,0.0,1.0,191.6,False,18,4,True
2021-06-24 17:00:00,2021-06-24,17,4,123,107,145,164,135,232,22.8,76,1.3,0.0,1.0,191.6,False,18,4,True
2021-06-24 18:00:00,2021-06-24,18,4,152,146,142,159,150,1270,21.5,79,1.3,0.0,1.5,191.6,False,18,4,True
2021-06-24 19:00:00,2021-06-24,19,4,160,154,168,155,159,2119,20.9,85,1.0,0.0,1.5,191.6,False,18,4,True
2021-06-24 20:00:00,2021-06-24,20,4,128,131,141,142,136,31,20.3,88,0.8,0.0,1.5,191.6,False,18,4,True
2021-06-24 21:00:00,2021-06-24,21,4,140,142,122,120,131,21,20.0,90,0.9,0.0,1.5,191.6,False,18,4,True
2021-06-24 22:00:00,2021-06-24,22,4,104,124,122,135,121,0,19.1,94,0.7,0.0,1.5,191.6,False,18,4,True
2021-06-24 23:00:00,2021-06-24,23,4,129,122,119,89,115,86,19.6,95,0.4,0.0,1.5,191.6,False,18,4,True
2021-06-25 00:00:00,2021-06-25,0,5,74,70,70,70,71,0,19.0,96,0.1,0.0,1.5,191.6,False,19,4,True
2021-06-25 01:00:00,2021-06-25,1,5,104,123,128,121,119,13,19.1,97,0.4,0.0,1.5,191.6,False,19,4,True
2021-06-25 02:00:00,2021-06-25,2,5,125,126,102,115,117,72,18.9,98,0.0,0.0,1.5,191.6,False,19,4,True
2021-06-25 03:00:00,2021-06-25,3,5,98,124,127,128,119,1602,19.3,97,0.3,0.0,1.5,191.6,False,19,4,True
2021-06-25 04:00:00,2021-06-25,4,5,116,116,122,119,118,72,18.4,98,0.7,0.0,1.5,191.6,False,19,4,True
2021-06-25 05:00:00,2021-06-25,5,5,105,93,112,114,106,2078,18.7,98,0.7,0.0,1.5,191.6,False,19,4,True
2021-06-25 06:00:00,2021-06-25,6,5,108,107,120,122,114,120,20.1,94,0.0,0.0,1.5,191.6,False,19,4,True
2021-06-25 07:00:00,2021-06-25,7,5,122,124,152,142,135,1336,22.3,83,0.7,0.0,1.5,191.6,False,19,4,True
2021-06-25 08:00:00,2021-06-25,8,5,135,154,166,168,156,1077,22.7,79,1.1,0.0,1.5,191.6,False,19,4,True
2021-06-25 09:00:00,2021-06-25,9,5,162,170,178,169,170,620,25.2,66,1.4,0.0,1.0,191.6,False,19,4,True
2021-06-25 10:00:00,2021-06-25,10,5,151,176,178,182,172,1426,25.9,68,1.7,0.0,1.0,191.6,False,19,4,True
2021-06-25 11:00:00,2021-06-25,11,5,184,177,177,183,180,1382,26.0,67,2.0,0.0,1.0,191.6,False,19,4,True
2021-06-25 12:00:00,2021-06-25,12,5,136,112,105,134,122,262,26.5,68,2.1,0.0,1.0,191.6,False,19,4,True
2021-06-25 13:00:00,2021-06-25,13,5,185,184,174,174,179,1234,26.0,66,2.1,0.0,1.0,191.6,False,19,4,True
2021-06-25 14:00:00,2021-06-25,14,5,184,177,169,178,177,705,25.1,71,2.3,0.0,1.0,191.6,False,19,4,True
2021-06-25 15:00:00,2021-06-25,15,5,152,182,186,178,175,414,24.8,73,2.0,0.0,1.0,191.6,False,19,4,True
2021-06-25 16:00:00,2021-06-25,16,5,165,155,169,176,166,790,25.0,68,1.7,0.0,1.0,191.6,False,19,4,True
2021-06-25 17:00:00,2021-06-25,17,5,126,104,154,180,141,758,24.3,70,1.3,0.0,1.0,191.6,False,19,4,True
2021-06-25 18:00:00,2021-06-25,18,5,164,148,130,124,142,1300,23.0,78,1.1,0.0,1.5,191.6,False,19,4,True
2021-06-25 19:00:00,2021-06-25,19,5,127,111,107,96,110,2139,21.7,87,1.4,0.0,1.5,191.6,False,19,4,True
2021-06-25 20:00:00,2021-06-25,20,5,100,109,111,115,109,10,21.7,89,1.8,0.0,1.5,191.6,False,19,4,True
2021-06-25 21:00:00,2021-06-25,21,5,121,118,118,108,116,16,21.3,89,1.0,0.0,1.5,191.6,False,19,4,True
2021-06-25 22:00:00,2021-06-25,22,5,108,116,136,132,123,303,21.0,89,0.4,0.0,1.5,191.6,False,19,4,True
2021-06-25 23:00:00,2021-06-25,23,5,122,107,94,84,102,229,21.0,89,0.1,0.0,1.5,191.6,False,19,4,True
2021-06-26 00:00:00,2021-06-26,0,6,71,71,71,71,71,0,21.1,90,0.3,0.0,1.5,191.6,False,32,2,True
2021-06-26 01:00:00,2021-06-26,1,6,103,124,124,112,116,204,20.9,91,0.9,0.0,1.5,191.6,False,32,2,True
2021-06-26 02:00:00,2021-06-26,2,6,107,103,109,125,111,875,20.3,94,0.3,0.0,1.5,191.6,False,32,2,True
2021-06-26 03:00:00,2021-06-26,3,6,104,113,113,107,109,62,19.9,97,1.7,0.0,1.5,191.6,False,32,2,True
2021-06-26 04:00:00,2021-06-26,4,6,120,131,124,126,125,205,19.9,97,1.2,0.0,1.5,191.6,False,32,2,True
2021-06-26 05:00:00,2021-06-26,5,6,96,79,101,113,97,130,20.0,97,0.8,0.0,1.5,191.6,False,32,2,True
2021-06-26 06:00:00,2021-06-26,6,6,119,127,119,107,118,0,20.5,97,0.2,0.0,1.5,191.6,False,32,2,True
2021-06-26 07:00:00,2021-06-26,7,6,95,94,64,30,71,2337,20.4,98,0.8,0.0,1.5,191.6,False,32,2,True
2021-06-26 08:00:00,2021-06-26,8,6,24,23,23,23,23,0,21.5,95,0.5,0.2,1.5,191.6,False,32,2,True
2021-06-26 09:00:00,2021-06-26,9,6,23,23,23,23,23,0,21.8,91,1.2,0.2,1.0,191.6,False,32,2,True
2021-06-26 10:00:00,2021-06-26,10,6,23,25,28,27,26,0,23.9,83,1.0,0.2,1.0,191.6,False,32,2,True
2021-06-26 11:00:00,2021-06-26,11,6,23,24,24,24,24,0,26.4,59,1.5,0.2,1.0,191.6,False,32,2,True
2021-06-26 12:00:00,2021-06-26,12,6,23,24,24,24,24,0,26.0,59,0.7,0.2,1.0,191.6,False,32,2,True
2021-06-26 13:00:00,2021-06-26,13,6,23,23,27,28,25,0,27.2,63,1.9,0.2,1.0,191.6,False,32,2,True
2021-06-26 14:00:00,2021-06-26,14,6,25,23,23,24,24,0,26.0,65,1.8,0.2,1.0,191.6,False,32,2,True
2021-06-26 15:00:00,2021-06-26,15,6,23,23,23,24,23,0,25.2,70,2.5,0.2,1.0,191.6,False,32,2,True
2021-06-26 16:00:00,2021-06-26,16,6,23,23,23,24,23,0,23.9,71,1.4,0.2,1.0,191.6,False,32,2,True
2021-06-26 17:00:00,2021-06-26,17,6,28,28,23,24,26,0,23.6,72,1.1,0.2,1.0,191.6,False,32,2,True
2021-06-26 18:00:00,2021-06-26,18,6,24,24,23,24,24,0,23.3,74,1.9,0.2,1.5,191.6,False,32,2,True
2021-06-26 19:00:00,2021-06-26,19,6,24,23,24,24,24,0,22.3,80,0.6,0.2,1.5,191.6,False,32,2,True
2021-06-26 20:00:00,2021-06-26,20,6,24,28,25,23,25,0,21.5,88,0.7,0.2,1.5,191.6,False,32,2,True
2021-06-26 21:00:00,2021-06-26,21,6,23,24,23,24,24,0,20.7,91,0.2,0.2,1.5,191.6,False,32,2,True
2021-06-26 22:00:00,2021-06-26,22,6,24,24,23,24,24,0,20.3,93,0.2,0.2,1.5,191.6,False,32,2,True
2021-06-26 23:00:00,2021-06-26,23,6,23,24,28,27,26,0,20.1,91,1.5,0.2,1.5,191.6,False,32,2,True
2021-06-27 00:00:00,2021-06-27,0,7,23,23,23,23,23,0,19.6,89,1.8,0.0,1.5,191.6,False,66,1,False
2021-06-27 01:00:00,2021-06-27,1,7,23,23,23,23,23,0,19.3,88,1.6,0.0,1.5,191.6,False,66,1,False
2021-06-27 02:00:00,2021-06-27,2,7,23,23,24,24,24,0,19.0,91,0.6,0.0,1.5,191.6,False,66,1,False
2021-06-27 03:00:00,2021-06-27,3,7,27,24,23,24,25,0,18.2,95,0.7,0.0,1.5,191.6,False,66,1,False
2021-06-27 04:00:00,2021-06-27,4,7,22,22,23,23,23,0,18.4,97,1.9,0.0,1.5,191.6,False,66,1,False
2021-06-27 05:00:00,2021-06-27,5,7,22,23,23,24,23,0,18.6,98,0.4,0.0,1.5,191.6,False,66,1,False
2021-06-27 06:00:00,2021-06-27,6,7,27,24,23,24,25,0,20.6,91,1.1,0.0,1.5,191.6,False,66,1,False
2021-06-27 07:00:00,2021-06-27,7,7,23,23,23,23,23,0,22.0,85,2.6,0.0,1.5,191.6,False,66,1,False
2021-06-27 08:00:00,2021-06-27,8,7,23,23,23,26,24,0,24.2,72,1.7,0.0,1.5,191.6,False,66,1,False
2021-06-27 09:00:00,2021-06-27,9,7,28,26,24,24,26,0,25.7,61,3.2,0.0,1.0,191.6,False,66,1,False
2021-06-27 10:00:00,2021-06-27,10,7,24,24,24,24,24,0,25.9,56,3.6,0.0,1.0,191.6,False,66,1,False
2021-06-27 11:00:00,2021-06-27,11,7,24,24,24,24,24,0,26.0,61,3.5,0.0,1.0,191.6,False,66,1,False
2021-06-27 12:00:00,2021-06-27,12,7,27,31,23,24,26,0,25.6,64,3.8,0.0,1.0,191.6,False,66,1,False
2021-06-27 13:00:00,2021-06-27,13,7,24,24,24,24,24,0,25.6,64,3.7,0.0,1.0,191.6,False,66,1,False
2021-06-27 14:00:00,2021-06-27,14,7,24,24,24,24,24,0,25.7,68,3.8,0.0,1.0,191.6,False,66,1,False
2021-06-27 15:00:00,2021-06-27,15,7,24,29,28,24,26,0,25.1,70,2.8,0.0,1.0,191.6,False,66,1,False
2021-06-27 16:00:00,2021-06-27,16,7,24,24,24,24,24,0,24.9,71,2.7,0.0,1.0,191.6,False,66,1,False
2021-06-27 17:00:00,2021-06-27,17,7,24,24,24,24,24,0,23.9,73,2.9,0.0,1.0,191.6,False,66,1,False
2021-06-27 18:00:00,2021-06-27,18,7,24,24,26,28,26,0,22.9,76,2.6,0.0,1.5,191.6,False,66,1,False
2021-06-27 19:00:00,2021-06-27,19,7,25,25,24,23,24,0,22.3,84,2.8,0.0,1.5,191.6,False,66,1,False
2021-06-27 20:00:00,2021-06-27,20,7,24,24,24,24,24,0,22.4,84,2.1,0.0,1.5,191.6,False,66,1,False
2021-06-27 21:00:00,2021-06-27,21,7,24,24,24,24,24,0,21.9,87,1.0,0.0,1.5,191.6,False,66,1,False
2021-06-27 22:00:00,2021-06-27,22,7,29,27,24,24,26,0,21.9,88,1.0,0.0,1.5,191.6,False,66,1,False
2021-06-27 23:00:00,2021-06-27,23,7,24,24,24,24,24,0,22.0,88,0.9,0.0,1.5,191.6,False,66,1,False
2021-06-28 00:00:00,2021-06-28,0,1,24,23,24,24,24,0,21.6,89,1.3,0.0,1.5,191.6,False,20,2,True
2021-06-28 01:00:00,2021-06-28,1,1,23,26,28,25,26,0,21.3,92,1.3,0.0,1.5,191.6,False,20,2,True
2021-06-28 02:00:00,2021-06-28,2,1,23,24,24,25,24,0,21.2,94,1.4,0.0,1.5,191.6,False,20,2,True
2021-06-28 03:00:00,2021-06-28,3,1,23,24,24,23,24,0,21.0,94,1.2,0.0,1.5,191.6,False,20,2,True
2021-06-28 04:00:00,2021-06-28,4,1,24,24,26,28,26,0,21.1,93,1.3,0.0,1.5,191.6,False,20,2,True
2021-06-28 05:00:00,2021-06-28,5,1,24,23,24,23,24,0,21.1,94,0.9,0.0,1.5,191.6,False,20,2,True
2021-06-28 06:00:00,2021-06-28,6,1,23,23,23,23,23,0,21.6,91,1.6,0.0,1.5,191.6,False,20,2,True
2021-06-28 07:00:00,2021-06-28,7,1,28,42,66,92,57,0,22.7,85,2.4,0.0,1.5,191.6,False,20,2,True
2021-06-28 08:00:00,2021-06-28,8,1,144,167,190,198,175,277,24.1,76,1.8,0.0,1.5,191.6,False,20,2,True
2021-06-28 09:00:00,2021-06-28,9,1,185,182,174,172,178,767,24.5,70,3.0,0.0,1.0,191.6,False,20,2,True
2021-06-28 10:00:00,2021-06-28,10,1,135,184,182,168,167,1376,25.3,71,3.7,0.0,1.0,191.6,False,20,2,True
2021-06-28 11:00:00,2021-06-28,11,1,176,178,193,184,183,2873,25.8,70,3.6,0.0,1.0,191.6,False,20,2,True
2021-06-28 12:00:00,2021-06-28,12,1,131,112,107,135,121,452,24.9,71,4.7,0.0,1.0,191.6,False,20,2,True
2021-06-28 13:00:00,2021-06-28,13,1,169,189,191,191,185,1350,25.5,72,3.0,0.0,1.0,191.6,False,20,2,True
2021-06-28 14:00:00,2021-06-28,14,1,183,171,178,189,180,1903,25.3,72,2.8,0.0,1.0,191.6,False,20,2,True
2021-06-28 15:00:00,2021-06-28,15,1,155,188,194,189,182,372,25.1,67,2.8,0.0,1.0,191.6,False,20,2,True
2021-06-28 16:00:00,2021-06-28,16,1,172,163,164,172,168,2416,24.4,70,2.9,0.0,1.0,191.6,False,20,2,True
2021-06-28 17:00:00,2021-06-28,17,1,132,123,166,179,150,1626,23.4,72,2.8,0.0,1.0,191.6,False,20,2,True
2021-06-28 18:00:00,2021-06-28,18,1,183,185,168,171,177,2365,22.7,78,2.2,0.0,1.5,191.6,False,20,2,True
2021-06-28 19:00:00,2021-06-28,19,1,158,169,163,121,153,1463,22.4,83,1.8,0.0,1.5,191.6,False,20,2,True
2021-06-28 20:00:00,2021-06-28,20,1,110,113,111,113,112,0,21.9,85,2.2,0.0,1.5,191.6,False,20,2,True
2021-06-28 21:00:00,2021-06-28,21,1,115,120,123,113,118,259,21.0,89,1.1,0.0,1.5,191.6,False,20,2,True
2021-06-28 22:00:00,2021-06-28,22,1,102,104,111,119,109,135,20.9,90,1.5,0.0,1.5,191.6,False,20,2,True
2021-06-28 23:00:00,2021-06-28,23,1,126,111,111,81,107,173,21.3,88,1.3,0.0,1.5,191.6,False,20,2,True
2021-06-29 00:00:00,2021-06-29,0,2,67,66,66,66,66,0,21.0,91,1.3,0.0,1.5,191.6,False,21,3,True
2021-06-29 01:00:00,2021-06-29,1,2,94,101,112,110,104,91,21.0,92,1.5,0.0,1.5,191.6,False,21,3,True
2021-06-29 02:00:00,2021-06-29,2,2,124,124,107,95,113,41,20.9,91,1.4,0.0,1.5,191.6,False,21,3,True
2021-06-29 03:00:00,2021-06-29,3,2,90,100,109,115,104,2,20.8,90,1.5,0.0,1.5,191.6,False,21,3,True
2021-06-29 04:00:00,2021-06-29,4,2,112,114,114,99,110,516,20.1,93,1.8,0.0,1.5,191.6,False,21,3,True
2021-06-29 05:00:00,2021-06-29,5,2,76,72,102,110,90,106,20.4,94,0.8,0.0,1.5,191.6,False,21,3,True
2021-06-29 06:00:00,2021-06-29,6,2,119,113,108,112,113,18,21.4,89,1.2,0.0,1.5,191.6,False,21,3,True
2021-06-29 07:00:00,2021-06-29,7,2,113,120,154,160,137,1052,22.7,78,1.4,0.0,1.5,191.6,False,21,3,True
2021-06-29 08:00:00,2021-06-29,8,2,190,222,207,189,202,893,23.3,77,1.7,0.0,1.5,191.6,False,21,3,True
2021-06-29 09:00:00,2021-06-29,9,2,183,179,179,176,179,1026,25.0,71,2.9,0.0,1.0,191.6,False,21,3,True
2021-06-29 10:00:00,2021-06-29,10,2,139,169,175,168,163,1301,25.6,68,3.0,0.0,1.0,191.6,False,21,3,True
2021-06-29 11:00:00,2021-06-29,11,2,182,191,200,200,193,1340,25.0,69,3.6,0.0,1.0,191.6,False,21,3,True
2021-06-29 12:00:00,2021-06-29,12,2,134,104,100,133,118,530,25.1,69,3.3,0.0,1.0,191.6,False,21,3,True
2021-06-29 13:00:00,2021-06-29,13,2,179,194,186,187,187,1288,25.3,65,3.5,0.0,1.0,191.6,False,21,3,True
2021-06-29 14:00:00,2021-06-29,14,2,168,181,183,177,177,6234,25.1,69,3.5,0.0,1.0,191.6,False,21,3,True
2021-06-29 15:00:00,2021-06-29,15,2,139,179,170,165,163,695,24.3,68,3.1,0.0,1.0,191.6,False,21,3,True
2021-06-29 16:00:00,2021-06-29,16,2,167,167,157,164,164,1124,24.2,73,3.3,0.0,1.0,191.6,False,21,3,True
2021-06-29 17:00:00,2021-06-29,17,2,122,99,136,153,128,60,23.3,78,2.3,0.0,1.0,191.6,False,21,3,True
2021-06-29 18:00:00,2021-06-29,18,2,160,163,164,175,166,773,22.7,83,2.0,0.0,1.5,191.6,False,21,3,True
2021-06-29 19:00:00,2021-06-29,19,2,177,173,154,137,160,3860,22.4,86,1.4,0.0,1.5,191.6,False,21,3,True
2021-06-29 20:00:00,2021-06-29,20,2,132,134,137,135,135,164,22.2,87,1.5,0.0,1.5,191.6,False,21,3,True
2021-06-29 21:00:00,2021-06-29,21,2,125,126,125,119,124,3,22.2,84,0.8,0.0,1.5,191.6,False,21,3,True
2021-06-29 22:00:00,2021-06-29,22,2,105,108,121,116,113,37,22.0,87,0.5,0.0,1.5,191.6,False,21,3,True
2021-06-29 23:00:00,2021-06-29,23,2,110,113,109,82,104,42,21.6,89,1.2,0.0,1.5,191.6,False,21,3,True
2021-06-30 00:00:00,2021-06-30,0,3,69,67,67,65,67,0,21.0,92,1.5,0.0,1.5,191.6,False,22,3,True
2021-06-30 01:00:00,2021-06-30,1,3,90,102,112,112,104,791,20.4,94,0.4,0.0,1.5,191.6,False,22,3,True
2021-06-30 02:00:00,2021-06-30,2,3,118,110,108,103,110,162,21.2,91,0.7,0.0,1.5,191.6,False,22,3,True
2021-06-30 03:00:00,2021-06-30,3,3,101,110,120,117,112,83,21.3,91,0.2,0.0,1.5,191.6,False,22,3,True
2021-06-30 04:00:00,2021-06-30,4,3,116,114,103,103,109,109,21.2,92,0.3,0.0,1.5,191.6,False,22,3,True
2021-06-30 05:00:00,2021-06-30,5,3,93,82,103,115,98,52,21.3,94,0.3,0.0,1.5,191.6,False,22,3,True
2021-06-30 06:00:00,2021-06-30,6,3,113,111,115,118,114,0,22.1,89,0.5,0.0,1.5,191.6,False,22,3,True
2021-06-30 07:00:00,2021-06-30,7,3,116,125,142,143,132,1446,22.5,86,1.0,0.0,1.5,191.6,False,22,3,True
2021-06-30 08:00:00,2021-06-30,8,3,164,177,185,193,180,808,23.7,78,1.3,0.0,1.5,191.6,False,22,3,True
2021-06-30 09:00:00,2021-06-30,9,3,184,187,173,171,179,1437,24.0,70,1.6,0.0,1.0,191.6,False,22,3,True
2021-06-30 10:00:00,2021-06-30,10,3,142,171,169,152,159,635,24.7,70,1.9,0.0,1.0,191.6,False,22,3,True
2021-06-30 11:00:00,2021-06-30,11,3,146,139,141,150,144,1840,24.8,68,2.5,0.0,1.0,191.6,False,22,3,True
2021-06-30 12:00:00,2021-06-30,12,3,119,104,99,109,108,203,26.1,62,2.4,0.0,1.0,191.6,False,22,3,True
2021-06-30 13:00:00,2021-06-30,13,3,145,166,171,184,167,750,26.1,63,2.7,0.0,1.0,191.6,False,22,3,True
2021-06-30 14:00:00,2021-06-30,14,3,177,160,161,165,166,1621,25.1,68,3.7,0.0,1.0,191.6,False,22,3,True
2021-06-30 15:00:00,2021-06-30,15,3,133,175,178,168,164,1370,24.5,75,3.8,0.0,1.0,191.6,False,22,3,True
2021-06-30 16:00:00,2021-06-30,16,3,163,165,152,162,161,774,23.3,77,3.4,0.0,1.0,191.6,False,22,3,True
2021-06-30 17:00:00,2021-06-30,17,3,133,144,181,167,156,3212,23.4,76,3.3,0.0,1.0,191.6,False,22,3,True
2021-06-30 18:00:00,2021-06-30,18,3,153,156,164,165,160,1356,22.6,82,2.9,0.0,1.5,191.6,False,22,3,True
2021-06-30 19:00:00,2021-06-30,19,3,162,155,141,107,141,1526,22.1,87,1.6,0.0,1.5,191.6,False,22,3,True
2021-06-30 20:00:00,2021-06-30,20,3,100,109,115,112,109,227,21.5,88,0.6,0.0,1.5,191.6,False,22,3,True
2021-06-30 21:00:00,2021-06-30,21,3,113,117,113,108,113,96,21.5,90,0.5,0.0,1.5,191.6,False,22,3,True
2021-06-30 22:00:00,2021-06-30,22,3,88,103,114,118,106,77,20.8,93,0.9,0.0,1.5,191.6,False,22,3,True
2021-06-30 23:00:00,2021-06-30,23,3,120,116,103,77,104,0,20.5,94,1.2,0.0,1.5,191.6,False,22,3,True
2021-07-01 00:00:00,2021-07-01,0,4,69,69,67,67,68,76,19.9,96,1.3,0.0,1.5,191.6,False,67,1,False
2021-07-01 01:00:00,2021-07-01,1,4,90,100,110,115,104,44,19.6,96,0.4,0.0,1.5,191.6,False,67,1,False
2021-07-01 02:00:00,2021-07-01,2,4,116,113,111,112,113,240,19.3,97,1.0,0.0,1.5,191.6,False,67,1,False
2021-07-01 03:00:00,2021-07-01,3,4,95,109,112,111,107,402,19.3,98,1.8,0.0,1.5,191.6,False,67,1,False
2021-07-01 04:00:00,2021-07-01,4,4,111,106,97,100,104,185,19.5,97,1.7,0.0,1.5,191.6,False,67,1,False
2021-07-01 05:00:00,2021-07-01,5,4,82,77,99,114,93,174,20.0,95,0.3,0.0,1.5,191.6,False,67,1,False
2021-07-01 06:00:00,2021-07-01,6,4,110,104,115,112,110,23,21.1,91,1.6,0.0,1.5,191.6,False,67,1,False
2021-07-01 07:00:00,2021-07-01,7,4,105,125,148,138,129,752,22.9,81,1.9,0.0,1.5,191.6,False,67,1,False
2021-07-01 08:00:00,2021-07-01,8,4,163,180,190,194,182,676,23.8,76,1.7,0.0,1.5,191.6,False,67,1,False
2021-07-01 09:00:00,2021-07-01,9,4,171,184,183,174,178,1028,24.4,77,2.7,0.0,1.0,191.6,False,67,1,False
2021-07-01 10:00:00,2021-07-01,10,4,147,179,185,175,172,2373,26.0,73,2.7,0.0,1.0,191.6,False,67,1,False
2021-07-01 11:00:00,2021-07-01,11,4,190,188,187,187,188,992,25.8,75,2.1,0.0,1.0,191.6,False,67,1,False
2021-07-01 12:00:00,2021-07-01,12,4,115,105,110,115,111,340,27.3,69,2.8,0.0,1.0,191.6,False,67,1,False
2021-07-01 13:00:00,2021-07-01,13,4,163,196,194,206,190,474,26.4,70,3.9,0.0,1.0,191.6,False,67,1,False
2021-07-01 14:00:00,2021-07-01,14,4,191,192,190,173,187,3036,27.1,68,3.3,0.0,1.0,191.6,False,67,1,False
2021-07-01 15:00:00,2021-07-01,15,4,135,144,179,197,164,354,26.4,71,2.9,0.0,1.0,191.6,False,67,1,False
2021-07-01 16:00:00,2021-07-01,16,4,188,165,163,163,170,1794,25.1,76,3.3,0.0,1.0,191.6,False,67,1,False
2021-07-01 17:00:00,2021-07-01,17,4,126,106,146,160,135,1125,24.6,76,1.7,0.0,1.0,191.6,False,67,1,False
2021-07-01 18:00:00,2021-07-01,18,4,164,164,143,156,157,1767,23.8,75,1.7,0.0,1.5,191.6,False,67,1,False
2021-07-01 19:00:00,2021-07-01,19,4,163,171,165,154,163,2064,22.9,76,2.2,0.0,1.5,191.6,False,67,1,False
2021-07-01 20:00:00,2021-07-01,20,4,137,143,147,140,142,6,22.2,84,2.3,0.0,1.5,191.6,False,67,1,False
2021-07-01 21:00:00,2021-07-01,21,4,139,141,138,140,140,66,21.2,80,0.8,0.0,1.5,191.6,False,67,1,False
2021-07-01 22:00:00,2021-07-01,22,4,113,121,122,121,119,244,20.8,82,1.0,0.0,1.5,191.6,False,67,1,False
2021-07-01 23:00:00,2021-07-01,23,4,124,120,110,79,108,118,20.9,88,1.3,0.0,1.5,191.6,False,67,1,False
2021-07-02 00:00:00,2021-07-02,0,5,69,68,68,68,68,0,21.5,86,2.3,0.0,1.5,191.6,False,68,1,False
2021-07-02 01:00:00,2021-07-02,1,5,97,104,109,115,106,309,20.8,88,1.3,0.0,1.5,191.6,False,68,1,False
2021-07-02 02:00:00,2021-07-02,2,5,115,121,117,111,116,15,19.9,90,0.5,0.0,1.5,191.6,False,68,1,False
2021-07-02 03:00:00,2021-07-02,3,5,92,112,115,113,108,101,20.1,93,2.0,0.0,1.5,191.6,False,68,1,False
2021-07-02 04:00:00,2021-07-02,4,5,109,110,102,104,106,382,19.8,95,1.1,0.0,1.5,191.6,False,68,1,False
2021-07-02 05:00:00,2021-07-02,5,5,83,79,103,120,96,698,20.4,95,1.1,0.0,1.5,191.6,False,68,1,False
2021-07-02 06:00:00,2021-07-02,6,5,117,114,110,106,112,36,22.0,90,2.3,0.0,1.5,191.6,False,68,1,False
2021-07-02 07:00:00,2021-07-02,7,5,118,130,143,139,133,938,22.4,86,2.8,0.0,1.5,191.6,False,68,1,False
2021-07-02 08:00:00,2021-07-02,8,5,145,158,168,173,161,813,23.1,83,3.0,0.0,1.5,191.6,False,68,1,False
2021-07-02 09:00:00,2021-07-02,9,5,187,175,172,165,175,852,23.4,82,1.8,0.0,1.0,191.6,False,68,1,False
2021-07-02 10:00:00,2021-07-02,10,5,140,162,179,175,164,512,23.2,84,2.6,0.0,1.0,191.6,False,68,1,False
2021-07-02 11:00:00,2021-07-02,11,5,184,177,186,167,179,1301,23.0,86,2.9,0.0,1.0,191.6,False,68,1,False
2021-07-02 12:00:00,2021-07-02,12,5,113,98,103,117,108,0,24.1,80,3.3,0.0,1.0,191.6,False,68,1,False
2021-07-02 13:00:00,2021-07-02,13,5,157,166,177,178,170,1376,24.1,80,2.8,0.0,1.0,191.6,False,68,1,False
2021-07-02 14:00:00,2021-07-02,14,5,167,173,183,177,175,855,24.5,79,2.7,0.0,1.0,191.6,False,68,1,False
2021-07-02 15:00:00,2021-07-02,15,5,138,133,142,160,143,5516,24.2,80,3.3,0.0,1.0,191.6,False,68,1,False
2021-07-02 16:00:00,2021-07-02,16,5,164,153,158,158,158,1544,23.6,83,3.0,0.0,1.0,191.6,False,68,1,False
2021-07-02 17:00:00,2021-07-02,17,5,120,126,168,175,147,795,23.2,83,2.7,0.0,1.0,191.6,False,68,1,False
2021-07-02 18:00:00,2021-07-02,18,5,169,160,155,155,160,972,23.0,85,2.0,0.0,1.5,191.6,False,68,1,False
2021-07-02 19:00:00,2021-07-02,19,5,149,137,136,120,136,2548,22.7,85,1.5,0.0,1.5,191.6,False,68,1,False
2021-07-02 20:00:00,2021-07-02,20,5,116,118,130,123,122,21,22.6,87,2.3,0.0,1.5,191.6,False,68,1,False
2021-07-02 21:00:00,2021-07-02,21,5,116,107,111,121,114,70,23.0,86,2.3,0.0,1.5,191.6,False,68,1,False
2021-07-02 22:00:00,2021-07-02,22,5,107,117,113,106,111,119,22.9,86,1.7,0.0,1.5,191.6,False,68,1,False
2021-07-02 23:00:00,2021-07-02,23,5,95,103,96,79,93,76,22.9,86,2.3,0.0,1.5,191.6,False,68,1,False
2021-07-03 00:00:00,2021-07-03,0,6,76,65,64,63,67,154,22.8,87,1.9,0.0,1.5,191.6,False,69,1,False
2021-07-03 01:00:00,2021-07-03,1,6,92,105,107,110,104,270,22.9,87,1.8,0.0,1.5,191.6,False,69,1,False
2021-07-03 02:00:00,2021-07-03,2,6,107,106,105,105,106,0,22.4,91,1.2,0.0,1.5,191.6,False,69,1,False
2021-07-03 03:00:00,2021-07-03,3,6,94,105,103,108,103,94,22.4,91,1.6,0.0,1.5,191.6,False,69,1,False
2021-07-03 04:00:00,2021-07-03,4,6,112,106,100,99,104,36,22.4,90,1.7,0.0,1.5,191.6,False,69,1,False
2021-07-03 05:00:00,2021-07-03,5,6,80,73,96,105,89,39,22.5,90,1.7,0.0,1.5,191.6,False,69,1,False
2021-07-03 06:00:00,2021-07-03,6,6,105,101,95,91,98,0,22.6,88,2.7,0.0,1.5,191.6,False,69,1,False
2021-07-03 07:00:00,2021-07-03,7,6,83,68,31,28,53,1142,22.8,87,2.2,0.0,1.5,191.6,False,69,1,False
2021-07-03 08:00:00,2021-07-03,8,6,23,22,22,22,22,0,22.5,90,2.5,0.0,1.5,191.6,False,69,1,False
2021-07-03 09:00:00,2021-07-03,9,6,23,27,25,23,25,0,22.9,87,2.8,0.0,1.0,191.6,False,69,1,False
2021-07-03 10:00:00,2021-07-03,10,6,23,23,22,22,23,0,23.2,85,3.1,0.0,1.0,191.6,False,69,1,False
2021-07-03 11:00:00,2021-07-03,11,6,22,23,22,23,23,0,23.0,86,2.8,0.0,1.0,191.6,False,69,1,False
2021-07-03 12:00:00,2021-07-03,12,6,22,22,27,26,24,0,22.6,89,3.1,0.0,1.0,191.6,False,69,1,False
2021-07-03 13:00:00,2021-07-03,13,6,22,22,22,22,22,0,22.4,92,3.6,0.1,1.0,191.6,False,69,1,False
2021-07-03 14:00:00,2021-07-03,14,6,22,22,22,23,22,0,21.9,97,2.9,0.8,1.0,191.6,False,69,1,False
2021-07-03 15:00:00,2021-07-03,15,6,21,22,22,25,23,0,21.5,98,1.4,5.2,1.0,191.6,False,69,1,False
2021-07-03 16:00:00,2021-07-03,16,6,26,22,22,22,23,0,21.5,98,1.7,12.0,1.0,191.6,False,69,1,False
2021-07-03 17:00:00,2021-07-03,17,6,22,22,22,22,22,0,21.7,98,2.4,15.3,1.0,191.6,False,69,1,False
2021-07-03 18:00:00,2021-07-03,18,6,22,23,21,22,22,0,21.8,98,2.0,16.7,1.5,191.6,False,69,1,False
2021-07-03 19:00:00,2021-07-03,19,6,26,27,22,22,24,0,21.6,98,1.1,18.1,1.5,191.6,False,69,1,False
2021-07-03 20:00:00,2021-07-03,20,6,23,22,22,22,22,0,21.8,98,1.3,18.3,1.5,191.6,False,69,1,False
2021-07-03 21:00:00,2021-07-03,21,6,23,23,23,22,23,0,21.8,98,0.4,19.1,1.5,191.6,False,69,1,False
2021-07-03 22:00:00,2021-07-03,22,6,23,24,27,23,24,0,21.8,98,0.9,20.5,1.5,191.6,False,69,1,False
2021-07-03 23:00:00,2021-07-03,23,6,23,22,22,22,22,0,21.8,98,0.5,23.4,1.5,191.6,False,69,1,False
2021-07-04 00:00:00,2021-07-04,0,7,22,23,22,22,22,0,22.4,98,0.1,1.3,1.5,191.6,False,70,1,False
2021-07-04 01:00:00,2021-07-04,1,7,22,22,27,27,25,0,23.6,98,2.7,9.4,1.5,191.6,False,70,1,False
2021-07-04 02:00:00,2021-07-04,2,7,24,23,23,22,23,0,24.8,98,3.4,9.9,1.5,191.6,False,70,1,False
2021-07-04 03:00:00,2021-07-04,3,7,22,23,23,22,23,0,24.9,98,3.8,11.0,1.5,191.6,False,70,1,False
2021-07-04 04:00:00,2021-07-04,4,7,23,23,22,22,23,0,24.6,98,2.5,16.5,1.5,191.6,False,70,1,False
2021-07-04 05:00:00,2021-07-04,5,7,23,27,23,23,24,0,24.8,98,1.8,19.6,1.5,191.6,False,70,1,False
2021-07-04 06:00:00,2021-07-04,6,7,22,22,23,22,22,0,24.8,98,2.0,24.5,1.5,191.6,False,70,1,False
2021-07-04 07:00:00,2021-07-04,7,7,21,22,23,22,22,0,25.8,98,2.2,24.7,1.5,191.6,False,70,1,False
2021-07-04 08:00:00,2021-07-04,8,7,24,28,24,21,24,0,27.4,85,3.9,24.7,1.5,191.6,False,70,1,False
2021-07-04 09:00:00,2021-07-04,9,7,22,22,22,22,22,0,28.7,71,4.5,24.7,1.0,191.6,False,70,1,False
2021-07-04 10:00:00,2021-07-04,10,7,22,23,23,23,23,0,29.1,68,3.6,24.7,1.0,191.6,False,70,1,False
2021-07-04 11:00:00,2021-07-04,11,7,24,26,28,25,26,0,29.7,64,4.1,24.7,1.0,191.6,False,70,1,False
2021-07-04 12:00:00,2021-07-04,12,7,24,23,23,23,23,0,30.6,58,4.0,24.7,1.0,191.6,False,70,1,False
2021-07-04 13:00:00,2021-07-04,13,7,23,24,23,23,23,0,31.3,59,3.4,24.7,1.0,191.6,False,70,1,False
2021-07-04 14:00:00,2021-07-04,14,7,23,23,23,27,24,0,29.7,64,4.1,24.7,1.0,191.6,False,70,1,False
2021-07-04 15:00:00,2021-07-04,15,7,27,23,23,23,24,0,28.1,70,3.3,24.7,1.0,191.6,False,70,1,False
2021-07-04 16:00:00,2021-07-04,16,7,23,23,23,25,24,0,27.4,73,3.1,24.7,1.0,191.6,False,70,1,False
2021-07-04 17:00:00,2021-07-04,17,7,22,22,22,22,22,0,27.0,75,2.8,24.7,1.0,191.6,False,70,1,False
2021-07-04 18:00:00,2021-07-04,18,7,25,27,23,23,25,0,26.4,76,2.9,24.7,1.5,191.6,False,70,1,False
2021-07-04 19:00:00,2021-07-04,19,7,23,22,22,23,23,0,25.9,78,2.5,24.7,1.5,191.6,False,70,1,False
2021-07-04 20:00:00,2021-07-04,20,7,22,23,22,22,22,0,25.4,81,1.85,24.7,1.5,191.6,False,70,1,False
2021-07-04 21:00:00,2021-07-04,21,7,24,24,28,25,25,0,23.6,94,1.2,24.9,1.5,191.6,False,70,1,False
2021-07-04 22:00:00,2021-07-04,22,7,23,24,23,23,23,0,23.1,97,0.8,24.9,1.5,191.6,False,70,1,False
2021-07-04 23:00:00,2021-07-04,23,7,23,23,22,22,23,0,22.8,98,0.4,24.9,1.5,191.6,False,70,1,False
2021-07-05 00:00:00,2021-07-05,0,1,23,23,27,28,25,0,22.6,97,0.2,0.0,1.5,191.6,False,71,1,False
2021-07-05 01:00:00,2021-07-05,1,1,23,23,23,22,23,0,23.5,89,1.6,0.0,1.5,191.6,False,71,1,False
2021-07-05 02:00:00,2021-07-05,2,1,23,23,22,23,23,0,22.7,94,1.2,0.0,1.5,191.6,False,71,1,False
2021-07-05 03:00:00,2021-07-05,3,1,23,23,23,25,24,0,22.7,93,1.2,0.0,1.5,191.6,False,71,1,False
2021-07-05 04:00:00,2021-07-05,4,1,27,23,23,22,24,0,22.8,90,2.1,0.0,1.5,191.6,False,71,1,False
2021-07-05 05:00:00,2021-07-05,5,1,23,23,22,22,23,0,23.1,88,1.0,0.0,1.5,191.6,False,71,1,False
2021-07-05 06:00:00,2021-07-05,6,1,23,22,21,23,22,0,22.7,94,0.6,0.1,1.5,191.6,False,71,1,False
2021-07-05 07:00:00,2021-07-05,7,1,33,46,69,104,63,0,22.4,96,0.6,0.1,1.5,191.6,False,71,1,False
2021-07-05 08:00:00,2021-07-05,8,1,145,172,183,173,168,982,23.4,93,1.1,0.1,1.5,191.6,False,71,1,False
2021-07-05 09:00:00,2021-07-05,9,1,172,170,175,163,170,2566,24.1,86,1.7,0.1,1.0,191.6,False,71,1,False
2021-07-05 10:00:00,2021-07-05,10,1,148,180,179,185,173,814,24.6,87,0.7,0.1,1.0,191.6,False,71,1,False
2021-07-05 11:00:00,2021-07-05,11,1,185,169,168,164,172,1097,24.9,87,1.3,0.1,1.0,191.6,False,71,1,False
2021-07-05 12:00:00,2021-07-05,12,1,116,101,99,100,104,31,25.8,82,2.5,0.1,1.0,191.6,False,71,1,False
2021-07-05 13:00:00,2021-07-05,13,1,148,165,176,181,168,613,26.0,78,1.8,0.1,1.0,191.6,False,71,1,False
2021-07-05 14:00:00,2021-07-05,14,1,169,170,167,168,169,2781,25.7,75,1.9,0.1,1.0,191.6,False,71,1,False
2021-07-05 15:00:00,2021-07-05,15,1,141,140,174,183,160,711,25.5,77,2.5,0.1,1.0,191.6,False,71,1,False
2021-07-05 16:00:00,2021-07-05,16,1,173,156,151,153,158,2870,24.9,80,1.2,0.1,1.0,191.6,False,71,1,False
2021-07-05 17:00:00,2021-07-05,17,1,128,115,133,140,129,224,23.9,85,0.9,0.1,1.0,191.6,False,71,1,False
2021-07-05 18:00:00,2021-07-05,18,1,153,156,163,158,158,308,22.9,95,0.8,0.3,1.5,191.6,False,71,1,False
2021-07-05 19:00:00,2021-07-05,19,1,153,141,141,122,139,1932,22.6,94,0.4,0.3,1.5,191.6,False,71,1,False
2021-07-05 20:00:00,2021-07-05,20,1,113,111,126,130,120,9,22.1,98,0.5,1.1,1.5,191.6,False,71,1,False
2021-07-05 21:00:00,2021-07-05,21,1,124,122,110,110,117,356,21.5,98,1.2,6.9,1.5,191.6,False,71,1,False
2021-07-05 22:00:00,2021-07-05,22,1,94,100,108,115,104,89,21.6,98,1.2,10.4,1.5,191.6,False,71,1,False
2021-07-05 23:00:00,2021-07-05,23,1,116,107,100,83,102,332,22.1,98,1.0,18.7,1.5,191.6,False,71,1,False
2021-07-06 00:00:00,2021-07-06,0,2,68,68,68,68,68,50,22.8,98,0.7,6.7,1.5,191.6,False,72,1,False
2021-07-06 01:00:00,2021-07-06,1,2,86,108,111,108,103,434,23.8,98,1.5,8.7,1.5,191.6,False,72,1,False
2021-07-06 02:00:00,2021-07-06,2,2,110,108,107,93,105,246,23.8,98,0.9,12.9,1.5,191.6,False,72,1,False
2021-07-06 03:00:00,2021-07-06,3,2,88,102,114,116,105,236,23.8,98,0.9,15.0,1.5,191.6,False,72,1,False
2021-07-06 04:00:00,2021-07-06,4,2,106,103,103,112,106,262,23.9,98,1.6,18.3,1.5,191.6,False,72,1,False
2021-07-06 05:00:00,2021-07-06,5,2,94,89,98,110,98,2,23.7,98,3.0,23.7,1.5,191.6,False,72,1,False
2021-07-06 06:00:00,2021-07-06,6,2,105,99,95,91,98,70,23.8,98,3.4,27.7,1.5,191.6,False,72,1,False
2021-07-06 07:00:00,2021-07-06,7,2,93,105,132,145,119,2041,23.7,98,3.5,37.7,1.5,191.6,False,72,1,False
2021-07-06 08:00:00,2021-07-06,8,2,166,177,182,193,180,313,24.2,98,2.5,41.4,1.5,191.6,False,72,1,False
2021-07-06 09:00:00,2021-07-06,9,2,176,176,185,182,180,734,24.6,98,2.7,42.1,1.0,191.6,False,72,1,False
2021-07-06 10:00:00,2021-07-06,10,2,150,176,172,175,168,792,23.1,98,2.8,44.2,1.0,191.6,False,72,1,False
2021-07-06 11:00:00,2021-07-06,11,2,177,182,175,171,176,568,23.2,98,1.5,45.6,1.0,191.6,False,72,1,False
2021-07-06 12:00:00,2021-07-06,12,2,132,106,106,97,110,0,22.5,98,1.4,47.6,1.0,191.6,False,72,1,False
2021-07-06 13:00:00,2021-07-06,13,2,141,170,169,154,159,2227,22.9,95,2.4,47.7,1.0,191.6,False,72,1,False
2021-07-06 14:00:00,2021-07-06,14,2,182,176,172,185,179,648,23.5,96,1.8,47.7,1.0,191.6,False,72,1,False
2021-07-06 15:00:00,2021-07-06,15,2,147,144,173,169,158,1272,23.0,98,2.5,51.7,1.0,191.6,False,72,1,False
2021-07-06 16:00:00,2021-07-06,16,2,177,172,167,168,171,985,22.7,98,2.0,56.8,1.0,191.6,False,72,1,False
2021-07-06 17:00:00,2021-07-06,17,2,124,107,136,148,129,124,23.2,98,2.2,57.3,1.0,191.6,False,72,1,False
2021-07-06 18:00:00,2021-07-06,18,2,146,161,153,153,153,1300,23.0,98,0.3,58.0,1.5,191.6,False,72,1,False
2021-07-06 19:00:00,2021-07-06,19,2,153,157,146,147,151,3876,23.7,98,2.9,58.7,1.5,191.6,False,72,1,False
2021-07-06 20:00:00,2021-07-06,20,2,131,133,138,133,134,10,23.7,98,1.2,58.9,1.5,191.6,False,72,1,False
2021-07-06 21:00:00,2021-07-06,21,2,132,120,122,129,126,166,24.1,98,3.3,58.9,1.5,191.6,False,72,1,False
2021-07-06 22:00:00,2021-07-06,22,2,109,114,110,115,112,150,24.1,98,3.0,58.9,1.5,191.6,False,72,1,False
2021-07-06 23:00:00,2021-07-06,23,2,104,99,114,107,106,75,23.9,98,1.4,60.4,1.5,191.6,False,72,1,False
2021-07-07 00:00:00,2021-07-07,0,3,89,72,71,70,76,250,23.6,98,1.1,0.0,1.5,191.6,False,73,1,False
2021-07-07 01:00:00,2021-07-07,1,3,91,97,106,112,102,5,23.9,98,0.6,0.0,1.5,191.6,False,73,1,False
2021-07-07 02:00:00,2021-07-07,2,3,106,106,107,105,106,42,23.6,98,0.3,0.0,1.5,191.6,False,73,1,False
2021-07-07 03:00:00,2021-07-07,3,3,107,109,115,109,110,442,23.8,98,0.6,0.0,1.5,191.6,False,73,1,False
2021-07-07 04:00:00,2021-07-07,4,3,108,105,104,108,106,90,23.9,98,0.1,0.0,1.5,191.6,False,73,1,False
2021-07-07 05:00:00,2021-07-07,5,3,95,85,96,101,94,387,24.0,98,0.4,0.0,1.5,191.6,False,73,1,False
2021-07-07 06:00:00,2021-07-07,6,3,101,106,101,100,102,38,24.2,98,0.0,0.4,1.5,191.6,False,73,1,False
2021-07-07 07:00:00,2021-07-07,7,3,114,122,138,145,130,1847,25.4,98,2.2,0.4,1.5,191.6,False,73,1,False
2021-07-07 08:00:00,2021-07-07,8,3,157,172,192,203,181,675,25.0,98,0.1,0.4,1.5,191.6,False,73,1,False
2021-07-07 09:00:00,2021-07-07,9,3,187,182,168,175,178,1990,25.5,98,0.8,0.6,1.0,191.6,False,73,1,False
2021-07-07 10:00:00,2021-07-07,10,3,152,185,186,171,174,3638,24.9,98,0.8,1.0,1.0,191.6,False,73,1,False
2021-07-07 11:00:00,2021-07-07,11,3,172,183,181,174,178,954,23.3,98,1.4,10.9,1.0,191.6,False,73,1,False
2021-07-07 12:00:00,2021-07-07,12,3,131,105,104,106,112,0,23.8,98,0.4,21.4,1.0,191.6,False,73,1,False
2021-07-07 13:00:00,2021-07-07,13,3,146,178,185,182,173,320,23.8,98,0.5,24.3,1.0,191.6,False,73,1,False
2021-07-07 14:00:00,2021-07-07,14,3,185,181,167,167,175,1323,24.2,98,1.8,26.1,1.0,191.6,False,73,1,False
2021-07-07 15:00:00,2021-07-07,15,3,144,138,176,173,158,1208,23.4,98,2.4,29.9,1.0,191.6,False,73,1,False
2021-07-07 16:00:00,2021-07-07,16,3,178,181,174,175,177,1579,23.6,98,1.5,33.7,1.0,191.6,False,73,1,False
2021-07-07 17:00:00,2021-07-07,17,3,120,98,156,179,138,175,23.4,98,1.8,37.0,1.0,191.6,False,73,1,False
2021-07-07 18:00:00,2021-07-07,18,3,169,173,165,167,169,1717,23.4,98,0.9,38.5,1.5,191.6,False,73,1,False
2021-07-07 19:00:00,2021-07-07,19,3,164,169,159,134,157,2321,22.7,98,2.4,38.8,1.5,191.6,False,73,1,False
2021-07-07 20:00:00,2021-07-07,20,3,106,127,124,109,117,162,22.5,98,3.7,38.8,1.5,191.6,False,73,1,False
2021-07-07 21:00:00,2021-07-07,21,3,117,120,110,113,115,68,22.4,98,2.3,38.8,1.5,191.6,False,73,1,False
2021-07-07 22:00:00,2021-07-07,22,3,87,105,112,113,104,104,22.3,98,1.1,38.8,1.5,191.6,False,73,1,False
2021-07-07 23:00:00,2021-07-07,23,3,110,107,97,105,105,72,22.2,98,0.3,38.8,1.5,191.6,False,73,1,False
2021-07-08 00:00:00,2021-07-08,0,4,78,72,73,70,73,242,22.0,98,0.3,0.0,1.5,191.6,False,74,1,False
2021-07-08 01:00:00,2021-07-08,1,4,89,102,101,104,99,703,21.9,98,0.6,0.0,1.5,191.6,False,74,1,False
2021-07-08 02:00:00,2021-07-08,2,4,106,98,110,102,104,192,21.9,98,0.1,0.0,1.5,191.6,False,74,1,False
2021-07-08 03:00:00,2021-07-08,3,4,94,102,115,109,105,130,21.9,98,0.2,0.0,1.5,191.6,False,74,1,False
2021-07-08 04:00:00,2021-07-08,4,4,100,105,108,109,106,208,22.1,98,0.4,0.0,1.5,191.6,False,74,1,False
2021-07-08 05:00:00,2021-07-08,5,4,102,81,94,107,96,314,22.3,98,0.4,0.0,1.5,191.6,False,74,1,False
2021-07-08 06:00:00,2021-07-08,6,4,109,109,107,115,110,58,22.8,98,2.6,0.0,1.5,191.6,False,74,1,False
2021-07-08 07:00:00,2021-07-08,7,4,116,125,143,146,133,436,23.5,98,1.4,0.0,1.5,191.6,False,74,1,False
2021-07-08 08:00:00,2021-07-08,8,4,150,154,173,187,166,560,23.7,98,2.4,0.1,1.5,191.6,False,74,1,False
2021-07-08 09:00:00,2021-07-08,9,4,172,186,177,184,180,516,24.8,97,1.9,0.1,1.0,191.6,False,74,1,False
2021-07-08 10:00:00,2021-07-08,10,4,159,186,190,201,184,112,26.0,89,2.2,0.1,1.0,191.6,False,74,1,False
2021-07-08 11:00:00,2021-07-08,11,4,191,190,192,187,190,562,26.8,84,2.0,0.1,1.0,191.6,False,74,1,False
2021-07-08 12:00:00,2021-07-08,12,4,131,112,116,120,120,0,25.5,89,1.9,0.1,1.0,191.6,False,74,1,False
2021-07-08 13:00:00,2021-07-08,13,4,166,186,201,191,186,2140,24.1,95,2.9,0.7,1.0,191.6,False,74,1,False
2021-07-08 14:00:00,2021-07-08,14,4,185,200,190,161,184,1434,23.4,98,2.3,0.9,1.0,191.6,False,74,1,False
2021-07-08 15:00:00,2021-07-08,15,4,148,142,168,184,161,350,24.6,93,1.7,0.9,1.0,191.6,False,74,1,False
2021-07-08 16:00:00,2021-07-08,16,4,177,183,186,149,174,2282,24.6,89,1.3,0.9,1.0,191.6,False,74,1,False
2021-07-08 17:00:00,2021-07-08,17,4,118,102,138,155,128,86,23.2,97,0.9,2.7,1.0,191.6,False,74,1,False
2021-07-08 18:00:00,2021-07-08,18,4,155,153,141,139,147,3577,22.7,98,1.2,6.0,1.5,191.6,False,74,1,False
2021-07-08 19:00:00,2021-07-08,19,4,141,142,153,151,147,5585,22.2,98,1.0,16.2,1.5,191.6,False,74,1,False
2021-07-08 20:00:00,2021-07-08,20,4,132,132,126,129,130,26,22.2,98,0.4,17.2,1.5,191.6,False,74,1,False
2021-07-08 21:00:00,2021-07-08,21,4,127,128,123,120,125,6,22.0,98,0.7,17.2,1.5,191.6,False,74,1,False
2021-07-08 22:00:00,2021-07-08,22,4,104,109,113,118,111,0,21.9,98,0.6,17.2,1.5,191.6,False,74,1,False
2021-07-08 23:00:00,2021-07-08,23,4,119,115,116,103,113,0,21.9,98,0.4,17.2,1.5,191.6,False,74,1,False
2021-07-09 00:00:00,2021-07-09,0,5,78,72,72,71,73,0,22.0,98,0.6,0.0,1.5,191.6,False,75,1,False
2021-07-09 01:00:00,2021-07-09,1,5,94,105,104,105,102,37,22.1,98,0.7,0.0,1.5,191.6,False,75,1,False
2021-07-09 02:00:00,2021-07-09,2,5,105,111,114,108,110,12,21.9,98,0.4,1.8,1.5,191.6,False,75,1,False
2021-07-09 03:00:00,2021-07-09,3,5,86,101,98,109,99,0,21.9,98,0.4,2.5,1.5,191.6,False,75,1,False
2021-07-09 04:00:00,2021-07-09,4,5,105,105,106,99,104,32,21.9,98,0.7,2.6,1.5,191.6,False,75,1,False
2021-07-09 05:00:00,2021-07-09,5,5,99,85,104,105,98,0,22.0,98,0.8,2.9,1.5,191.6,False,75,1,False
2021-07-09 06:00:00,2021-07-09,6,5,109,109,125,110,113,0,22.2,98,0.5,3.2,1.5,191.6,False,75,1,False
2021-07-09 07:00:00,2021-07-09,7,5,113,128,150,156,137,536,22.3,98,1.1,3.3,1.5,191.6,False,75,1,False
2021-07-09 08:00:00,2021-07-09,8,5,154,170,188,183,174,564,22.7,98,0.7,3.3,1.5,191.6,False,75,1,False
2021-07-09 09:00:00,2021-07-09,9,5,168,163,168,165,166,565,22.7,98,1.1,3.3,1.0,191.6,False,75,1,False
2021-07-09 10:00:00,2021-07-09,10,5,139,171,168,176,164,1753,23.3,98,1.1,3.3,1.0,191.6,False,75,1,False
2021-07-09 11:00:00,2021-07-09,11,5,163,169,176,175,171,1082,24.7,96,0.1,3.3,1.0,191.6,False,75,1,False
2021-07-09 12:00:00,2021-07-09,12,5,112,90,97,99,100,0,24.7,95,0.9,4.4,1.0,191.6,False,75,1,False
2021-07-09 13:00:00,2021-07-09,13,5,156,186,185,168,174,1119,24.0,96,1.4,4.4,1.0,191.6,False,75,1,False
2021-07-09 14:00:00,2021-07-09,14,5,165,182,185,192,181,2229,22.6,98,2.0,4.4,1.0,191.6,False,75,1,False
2021-07-09 15:00:00,2021-07-09,15,5,153,149,179,188,167,774,22.7,98,1.4,4.8,1.0,191.6,False,75,1,False
2021-07-09 16:00:00,2021-07-09,16,5,176,163,173,172,171,1881,22.9,98,1.2,4.8,1.0,191.6,False,75,1,False
2021-07-09 17:00:00,2021-07-09,17,5,124,120,163,165,143,955,23.2,98,0.5,4.8,1.0,191.6,False,75,1,False
2021-07-09 18:00:00,2021-07-09,18,5,168,174,173,163,170,1186,23.0,98,1.2,4.8,1.5,191.6,False,75,1,False
2021-07-09 19:00:00,2021-07-09,19,5,140,134,139,123,134,3718,23.0,98,0.3,4.8,1.5,191.6,False,75,1,False
2021-07-09 20:00:00,2021-07-09,20,5,97,101,106,111,104,36,22.9,98,0.3,4.8,1.5,191.6,False,75,1,False
2021-07-09 21:00:00,2021-07-09,21,5,106,97,101,109,103,3,22.9,98,1.0,4.8,1.5,191.6,False,75,1,False
2021-07-09 22:00:00,2021-07-09,22,5,91,102,111,104,102,45,22.9,98,0.7,4.8,1.5,191.6,False,75,1,False
2021-07-09 23:00:00,2021-07-09,23,5,93,100,106,85,96,0,22.7,98,0.7,4.8,1.5,191.6,False,75,1,False
2021-07-10 00:00:00,2021-07-10,0,6,70,62,64,64,65,0,22.3,98,0.3,0.0,1.5,191.6,False,76,1,False
2021-07-10 01:00:00,2021-07-10,1,6,89,102,98,97,97,6,22.1,98,0.7,0.0,1.5,191.6,False,76,1,False
2021-07-10 02:00:00,2021-07-10,2,6,100,97,96,94,97,41,22.5,98,1.4,0.0,1.5,191.6,False,76,1,False
2021-07-10 03:00:00,2021-07-10,3,6,85,96,100,106,97,0,22.2,98,1.2,0.0,1.5,191.6,False,76,1,False
2021-07-10 04:00:00,2021-07-10,4,6,106,96,99,98,100,30,22.0,98,0.6,0.0,1.5,191.6,False,76,1,False
2021-07-10 05:00:00,2021-07-10,5,6,83,69,84,97,83,0,21.8,98,1.1,0.0,1.5,191.6,False,76,1,False
2021-07-10 06:00:00,2021-07-10,6,6,103,102,104,94,101,120,22.4,98,1.2,0.0,1.5,191.6,False,76,1,False
2021-07-10 07:00:00,2021-07-10,7,6,105,91,69,34,75,290,24.4,98,0.7,0.0,1.5,191.6,False,76,1,False
2021-07-10 08:00:00,2021-07-10,8,6,26,27,26,26,26,0,26.3,93,0.8,0.0,1.5,191.6,False,76,1,False
2021-07-10 09:00:00,2021-07-10,9,6,27,27,27,26,27,0,27.1,86,1.6,0.0,1.0,191.6,False,76,1,False
2021-07-10 10:00:00,2021-07-10,10,6,27,32,30,29,30,0,27.9,80,1.5,0.0,1.0,191.6,False,76,1,False
2021-07-10 11:00:00,2021-07-10,11,6,31,29,29,28,29,0,28.4,75,1.3,0.0,1.0,191.6,False,76,1,False
2021-07-10 12:00:00,2021-07-10,12,6,26,25,26,25,26,0,29.5,66,3.6,0.0,1.0,191.6,False,76,1,False
2021-07-10 13:00:00,2021-07-10,13,6,27,28,23,22,25,0,30.0,65,3.6,0.0,1.0,191.6,False,76,1,False
2021-07-10 14:00:00,2021-07-10,14,6,23,22,22,23,23,0,29.6,65,3.8,0.0,1.0,191.6,False,76,1,False
2021-07-10 15:00:00,2021-07-10,15,6,24,23,23,25,24,0,28.8,69,4.5,0.0,1.0,191.6,False,76,1,False
2021-07-10 16:00:00,2021-07-10,16,6,24,27,24,22,24,0,28.9,71,3.3,0.0,1.0,191.6,False,76,1,False
2021-07-10 17:00:00,2021-07-10,17,6,23,23,22,22,23,0,28.4,71,3.2,0.0,1.0,191.6,False,76,1,False
2021-07-10 18:00:00,2021-07-10,18,6,22,22,22,22,22,0,27.6,74,1.2,0.0,1.5,191.6,False,76,1,False
2021-07-10 19:00:00,2021-07-10,19,6,22,26,26,23,24,0,25.7,72,3.3,0.0,1.5,191.6,False,76,1,False
2021-07-10 20:00:00,2021-07-10,20,6,21,22,23,22,22,0,21.6,95,1.4,0.2,1.5,191.6,False,76,1,False
2021-07-10 21:00:00,2021-07-10,21,6,23,22,22,22,22,0,21.5,98,0.0,0.2,1.5,191.6,False,76,1,False
2021-07-10 22:00:00,2021-07-10,22,6,23,26,26,23,25,0,21.6,98,1.6,0.2,1.5,191.6,False,76,1,False
2021-07-10 23:00:00,2021-07-10,23,6,22,22,22,23,22,0,21.5,98,0.6,0.2,1.5,191.6,False,76,1,False
2021-07-11 00:00:00,2021-07-11,0,7,22,22,23,23,23,0,21.9,98,0.3,0.0,1.5,191.6,False,77,1,False
2021-07-11 01:00:00,2021-07-11,1,7,23,26,27,26,26,0,21.6,98,1.1,0.0,1.5,191.6,False,77,1,False
2021-07-11 02:00:00,2021-07-11,2,7,23,23,22,22,23,0,21.8,98,0.1,0.0,1.5,191.6,False,77,1,False
2021-07-11 03:00:00,2021-07-11,3,7,24,22,23,23,23,0,21.8,98,0.9,0.0,1.5,191.6,False,77,1,False
2021-07-11 04:00:00,2021-07-11,4,7,23,22,24,23,23,0,22.2,98,1.3,0.0,1.5,191.6,False,77,1,False
2021-07-11 05:00:00,2021-07-11,5,7,27,24,22,21,24,0,21.8,98,0.2,0.0,1.5,191.6,False,77,1,False
2021-07-11 06:00:00,2021-07-11,6,7,22,22,22,22,22,0,23.6,98,0.0,0.0,1.5,191.6,False,77,1,False
2021-07-11 07:00:00,2021-07-11,7,7,22,22,22,22,22,0,25.8,90,0.5,0.0,1.5,191.6,False,77,1,False
2021-07-11 08:00:00,2021-07-11,8,7,22,27,24,22,24,0,27.3,79,1.2,0.0,1.5,191.6,False,77,1,False
2021-07-11 09:00:00,2021-07-11,9,7,22,22,22,22,22,0,29.0,68,2.4,0.0,1.0,191.6,False,77,1,False
2021-07-11 10:00:00,2021-07-11,10,7,23,22,23,22,23,0,30.4,68,2.4,0.0,1.0,191.6,False,77,1,False
2021-07-11 11:00:00,2021-07-11,11,7,22,26,28,23,25,0,30.8,61,3.1,0.0,1.0,191.6,False,77,1,False
2021-07-11 12:00:00,2021-07-11,12,7,23,23,24,22,23,0,31.2,57,3.6,0.0,1.0,191.6,False,77,1,False
2021-07-11 13:00:00,2021-07-11,13,7,24,24,23,23,24,0,31.8,57,3.9,0.0,1.0,191.6,False,77,1,False
2021-07-11 14:00:00,2021-07-11,14,7,24,24,28,27,26,0,31.3,57,3.1,0.0,1.0,191.6,False,77,1,False
2021-07-11 15:00:00,2021-07-11,15,7,24,24,24,24,24,0,28.3,77,1.5,0.0,1.0,191.6,False,77,1,False
2021-07-11 16:00:00,2021-07-11,16,7,24,24,24,26,25,0,28.6,80,1.3,0.0,1.0,191.6,False,77,1,False
2021-07-11 17:00:00,2021-07-11,17,7,23,23,23,26,24,0,28.7,81,1.1,0.0,1.0,191.6,False,77,1,False
2021-07-11 18:00:00,2021-07-11,18,7,26,23,22,22,23,0,27.7,83,0.8,0.0,1.5,191.6,False,77,1,False
2021-07-11 19:00:00,2021-07-11,19,7,22,23,22,22,22,0,26.6,92,0.8,0.0,1.5,191.6,False,77,1,False
2021-07-11 20:00:00,2021-07-11,20,7,23,23,22,23,23,0,26.7,94,1.3,0.0,1.5,191.6,False,77,1,False
2021-07-11 21:00:00,2021-07-11,21,7,26,28,24,23,25,0,26.6,94,1.0,0.0,1.5,191.6,False,77,1,False
2021-07-11 22:00:00,2021-07-11,22,7,23,22,24,23,23,0,25.2,89,1.9,0.0,1.5,191.6,False,77,1,False
2021-07-11 23:00:00,2021-07-11,23,7,23,22,22,23,23,0,24.5,92,1.1,0.0,1.5,191.6,False,77,1,False
2021-07-12 00:00:00,2021-07-12,0,1,23,26,26,23,25,0,23.6,95,1.1,0.0,1.5,191.6,False,78,1,False
2021-07-12 01:00:00,2021-07-12,1,1,23,23,23,22,23,0,23.7,98,1.2,0.0,1.5,191.6,False,78,1,False
2021-07-12 02:00:00,2021-07-12,2,1,23,22,23,22,23,0,23.5,98,1.5,0.0,1.5,191.6,False,78,1,False
2021-07-12 03:00:00,2021-07-12,3,1,22,23,24,27,24,0,23.5,98,2.0,0.0,1.5,191.6,False,78,1,False
2021-07-12 04:00:00,2021-07-12,4,1,23,21,22,22,22,0,23.8,95,1.6,0.0,1.5,191.6,False,78,1,False
2021-07-12 05:00:00,2021-07-12,5,1,23,23,23,23,23,0,23.8,96,1.1,0.0,1.5,191.6,False,78,1,False
2021-07-12 06:00:00,2021-07-12,6,1,23,23,23,25,24,0,25.9,87,1.1,0.0,1.5,191.6,False,78,1,False
2021-07-12 07:00:00,2021-07-12,7,1,31,40,66,123,65,0,25.5,91,1.6,0.0,1.5,191.6,False,78,1,False
2021-07-12 08:00:00,2021-07-12,8,1,153,196,198,195,186,522,28.4,81,1.3,0.0,1.5,191.6,False,78,1,False
2021-07-12 09:00:00,2021-07-12,9,1,195,192,187,191,191,498,30.3,72,1.1,0.0,1.0,191.6,False,78,1,False
2021-07-12 10:00:00,2021-07-12,10,1,149,180,183,186,175,1883,31.6,62,1.9,0.0,1.0,191.6,False,78,1,False
2021-07-12 11:00:00,2021-07-12,11,1,188,187,187,180,186,1127,31.8,65,2.3,0.0,1.0,191.6,False,78,1,False
2021-07-12 12:00:00,2021-07-12,12,1,134,115,107,103,115,194,32.0,67,2.3,0.0,1.0,191.6,False,78,1,False
2021-07-12 13:00:00,2021-07-12,13,1,146,169,178,174,167,676,31.8,69,2.2,0.0,1.0,191.6,False,78,1,False
2021-07-12 14:00:00,2021-07-12,14,1,177,184,185,190,184,5121,31.4,67,1.9,0.0,1.0,191.6,False,78,1,False
2021-07-12 15:00:00,2021-07-12,15,1,143,143,182,188,164,1018,30.6,70,2.3,0.0,1.0,191.6,False,78,1,False
2021-07-12 16:00:00,2021-07-12,16,1,177,164,177,177,174,1233,29.6,70,1.4,0.0,1.0,191.6,False,78,1,False
2021-07-12 17:00:00,2021-07-12,17,1,125,105,147,173,138,509,29.7,71,1.0,0.0,1.0,191.6,False,78,1,False
2021-07-12 18:00:00,2021-07-12,18,1,164,153,162,149,157,1047,28.0,82,1.1,0.0,1.5,191.6,False,78,1,False
2021-07-12 19:00:00,2021-07-12,19,1,158,175,165,129,157,2885,27.0,88,0.5,0.0,1.5,191.6,False,78,1,False
2021-07-12 20:00:00,2021-07-12,20,1,117,119,136,127,125,6,27.0,90,2.0,0.0,1.5,191.6,False,78,1,False
2021-07-12 21:00:00,2021-07-12,21,1,119,133,120,106,120,217,26.3,93,2.0,0.0,1.5,191.6,False,78,1,False
2021-07-12 22:00:00,2021-07-12,22,1,104,120,125,113,116,28,25.8,94,0.7,0.0,1.5,191.6,False,78,1,False
2021-07-12 23:00:00,2021-07-12,23,1,112,115,105,79,103,79,25.3,97,1.7,0.0,1.5,191.6,False,78,1,False
2021-07-13 00:00:00,2021-07-13,0,2,70,69,69,69,69,0,25.1,98,2.0,0.0,1.5,191.6,True,79,1,False
2021-07-13 01:00:00,2021-07-13,1,2,77,93,119,94,96,0,25.0,97,1.3,0.0,1.5,191.6,True,79,1,False
2021-07-13 02:00:00,2021-07-13,2,2,117,110,114,107,112,0,24.9,96,1.5,0.0,1.5,191.6,True,79,1,False
2021-07-13 03:00:00,2021-07-13,3,2,115,107,112,107,110,0,24.7,96,0.4,0.0,1.5,191.6,True,79,1,False
2021-07-13 04:00:00,2021-07-13,4,2,106,112,101,106,106,0,24.5,96,1.4,0.0,1.5,191.6,True,79,1,False
2021-07-13 05:00:00,2021-07-13,5,2,121,153,162,136,143,0,24.7,96,0.2,0.0,1.5,191.6,True,79,1,False
2021-07-13 06:00:00,2021-07-13,6,2,125,124,121,120,123,0,25.8,93,1.0,0.0,1.5,191.6,True,79,1,False
2021-07-13 07:00:00,2021-07-13,7,2,112,107,113,111,111,0,27.5,84,1.0,0.0,1.5,191.6,True,79,1,False
2021-07-13 08:00:00,2021-07-13,8,2,112,110,81,104,102,0,29.2,73,1.9,0.0,1.5,191.6,True,79,1,False
2021-07-13 09:00:00,2021-07-13,9,2,105,118,112,113,112,0,29.3,69,3.0,0.0,1.0,191.6,True,79,1,False
2021-07-13 10:00:00,2021-07-13,10,2,112,124,138,123,124,0,31.3,66,2.1,0.0,1.0,191.6,True,79,1,False
2021-07-13 11:00:00,2021-07-13,11,2,108,144,167,135,139,0,31.6,63,3.0,0.0,1.0,191.6,True,79,1,False
2021-07-13 12:00:00,2021-07-13,12,2,120,129,121,123,123,0,31.9,64,1.3,0.0,1.0,191.6,True,79,1,False
2021-07-13 13:00:00,2021-07-13,13,2,108,98,110,112,107,0,30.1,74,1.9,0.0,1.0,191.6,True,79,1,False
2021-07-13 14:00:00,2021-07-13,14,2,123,155,174,147,150,0,32.7,65,1.7,0.0,1.0,191.6,True,79,1,False
2021-07-13 15:00:00,2021-07-13,15,2,181,186,181,174,181,0,30.5,74,2.3,0.0,1.0,191.6,True,79,1,False
2021-07-13 16:00:00,2021-07-13,16,2,179,181,167,170,174,0,29.7,77,2.3,0.0,1.0,191.6,True,79,1,False
2021-07-13 17:00:00,2021-07-13,17,2,144,136,147,146,143,0,28.4,82,1.1,0.0,1.0,191.6,True,79,1,False
2021-07-13 18:00:00,2021-07-13,18,2,152,143,160,153,152,0,28.2,84,0.6,0.0,1.5,191.6,True,79,1,False
2021-07-13 19:00:00,2021-07-13,19,2,170,168,187,172,174,0,27.5,87,0.7,0.0,1.5,191.6,True,79,1,False
2021-07-13 20:00:00,2021-07-13,20,2,168,189,169,174,175,0,27.0,90,0.2,0.0,1.5,191.6,True,79,1,False
2021-07-13 21:00:00,2021-07-13,21,2,165,178,179,173,174,0,27.3,87,1.5,0.0,1.5,191.6,True,79,1,False
2021-07-13 22:00:00,2021-07-13,22,2,187,171,177,176,178,0,26.8,88,2.4,0.0,1.5,191.6,True,79,1,False
2021-07-13 23:00:00,2021-07-13,23,2,190,188,187,188,188,0,26.3,90,1.6,0.0,1.5,191.6,True,79,1,False
2021-07-14 00:00:00,2021-07-14,0,3,75,71,73,72,73,327,26.3,88,2.0,0.0,1.5,191.6,False,80,1,False
2021-07-14 01:00:00,2021-07-14,1,3,90,112,107,99,102,166,26.1,87,1.9,0.0,1.5,191.6,False,80,1,False
2021-07-14 02:00:00,2021-07-14,2,3,109,108,107,97,105,354,25.7,88,1.3,0.0,1.5,191.6,False,80,1,False
2021-07-14 03:00:00,2021-07-14,3,3,86,100,114,109,102,111,25.6,88,2.1,0.0,1.5,191.6,False,80,1,False
2021-07-14 04:00:00,2021-07-14,4,3,106,107,105,103,105,66,24.3,95,0.4,0.0,1.5,191.6,False,80,1,False
2021-07-14 05:00:00,2021-07-14,5,3,81,73,88,115,89,0,25.3,97,0.3,0.0,1.5,191.6,False,80,1,False
2021-07-14 06:00:00,2021-07-14,6,3,112,100,100,110,106,45,27.4,88,0.8,0.0,1.5,191.6,False,80,1,False
2021-07-14 07:00:00,2021-07-14,7,3,111,126,154,137,132,582,28.9,76,0.5,0.0,1.5,191.6,False,80,1,False
2021-07-14 08:00:00,2021-07-14,8,3,157,186,186,186,179,530,29.4,73,1.5,0.0,1.5,191.6,False,80,1,False
2021-07-14 09:00:00,2021-07-14,9,3,177,180,195,188,185,1304,30.2,67,1.8,0.0,1.0,191.6,False,80,1,False
2021-07-14 10:00:00,2021-07-14,10,3,158,182,185,173,175,1851,30.4,75,2.2,0.0,1.0,191.6,False,80,1,False
2021-07-14 11:00:00,2021-07-14,11,3,182,193,189,177,185,1796,30.4,74,1.9,0.0,1.0,191.6,False,80,1,False
2021-07-14 12:00:00,2021-07-14,12,3,110,94,96,97,99,88,31.5,74,1.9,0.0,1.0,191.6,False,80,1,False
2021-07-14 13:00:00,2021-07-14,13,3,143,179,168,173,166,1564,31.4,71,2.6,0.0,1.0,191.6,False,80,1,False
2021-07-14 14:00:00,2021-07-14,14,3,186,176,170,179,178,1154,32.1,71,2.0,0.0,1.0,191.6,False,80,1,False
2021-07-14 15:00:00,2021-07-14,15,3,141,123,136,136,134,587,30.9,74,2.0,0.0,1.0,191.6,False,80,1,False
2021-07-14 16:00:00,2021-07-14,16,3,155,150,156,156,154,1732,30.3,76,2.5,0.0,1.0,191.6,False,80,1,False
2021-07-14 17:00:00,2021-07-14,17,3,125,110,145,179,140,2473,29.6,77,1.3,0.0,1.0,191.6,False,80,1,False
2021-07-14 18:00:00,2021-07-14,18,3,169,164,163,163,165,283,28.2,84,0.6,0.0,1.5,191.6,False,80,1,False
2021-07-14 19:00:00,2021-07-14,19,3,148,148,142,114,138,1793,27.6,88,0.3,0.0,1.5,191.6,False,80,1,False
2021-07-14 20:00:00,2021-07-14,20,3,110,120,111,106,112,268,27.8,90,1.2,0.0,1.5,191.6,False,80,1,False
2021-07-14 21:00:00,2021-07-14,21,3,113,110,112,111,112,58,27.2,91,1.3,0.0,1.5,191.6,False,80,1,False
2021-07-14 22:00:00,2021-07-14,22,3,101,115,113,112,110,51,27.1,89,2.3,0.0,1.5,191.6,False,80,1,False
2021-07-14 23:00:00,2021-07-14,23,3,109,112,112,83,104,70,26.3,93,0.9,0.0,1.5,191.6,False,80,1,False
2021-07-15 00:00:00,2021-07-15,0,4,70,66,65,68,67,0,25.6,96,0.6,0.0,1.5,191.6,True,81,1,False
2021-07-15 01:00:00,2021-07-15,1,4,75,90,106,89,90,0,25.8,95,0.9,0.0,1.5,191.6,True,81,1,False
2021-07-15 02:00:00,2021-07-15,2,4,119,112,107,106,111,0,25.7,97,1.5,0.0,1.5,191.6,True,81,1,False
2021-07-15 03:00:00,2021-07-15,3,4,111,109,110,107,109,0,24.9,98,0.6,0.0,1.5,191.6,True,81,1,False
2021-07-15 04:00:00,2021-07-15,4,4,107,121,103,107,110,0,24.5,98,0.6,0.0,1.5,191.6,True,81,1,False
2021-07-15 05:00:00,2021-07-15,5,4,96,88,76,92,88,0,24.7,98,0.5,0.0,1.5,191.6,True,81,1,False
2021-07-15 06:00:00,2021-07-15,6,4,95,106,108,104,103,0,25.4,98,1.1,0.0,1.5,191.6,True,81,1,False
2021-07-15 07:00:00,2021-07-15,7,4,110,106,105,108,107,0,26.6,95,1.0,0.0,1.5,191.6,True,81,1,False
2021-07-15 08:00:00,2021-07-15,8,4,124,144,139,130,134,0,27.5,90,0.9,0.0,1.5,191.6,True,81,1,False
2021-07-15 09:00:00,2021-07-15,9,4,117,102,120,113,113,0,29.3,81,1.6,0.0,1.0,191.6,True,81,1,False
2021-07-15 10:00:00,2021-07-15,10,4,107,108,105,110,108,0,30.0,76,1.6,0.0,1.0,191.6,True,81,1,False
2021-07-15 11:00:00,2021-07-15,11,4,100,138,168,131,134,0,29.8,76,2.4,0.0,1.0,191.6,True,81,1,False
2021-07-15 12:00:00,2021-07-15,12,4,123,114,115,118,118,0,30.1,75,2.6,0.0,1.0,191.6,True,81,1,False
2021-07-15 13:00:00,2021-07-15,13,4,130,122,114,122,122,0,30.3,75,2.3,0.0,1.0,191.6,True,81,1,False
2021-07-15 14:00:00,2021-07-15,14,4,132,168,169,150,155,0,29.3,76,2.9,0.0,1.0,191.6,True,81,1,False
2021-07-15 15:00:00,2021-07-15,15,4,148,159,149,150,152,0,28.7,75,1.0,0.0,1.0,191.6,True,81,1,False
2021-07-15 16:00:00,2021-07-15,16,4,186,193,179,176,184,0,28.7,80,0.7,0.0,1.0,191.6,True,81,1,False
2021-07-15 17:00:00,2021-07-15,17,4,173,173,174,169,172,0,27.1,87,1.2,0.0,1.0,191.6,True,81,1,False
2021-07-15 18:00:00,2021-07-15,18,4,188,202,192,186,192,0,26.6,90,1.0,0.0,1.5,191.6,True,81,1,False
2021-07-15 19:00:00,2021-07-15,19,4,160,160,157,162,160,0,25.8,92,0.7,0.0,1.5,191.6,True,81,1,False
2021-07-15 20:00:00,2021-07-15,20,4,150,146,166,158,155,0,25.3,94,1.0,0.0,1.5,191.6,True,81,1,False
2021-07-15 21:00:00,2021-07-15,21,4,186,188,190,185,187,0,25.3,94,1.0,0.0,1.5,191.6,True,81,1,False
2021-07-15 22:00:00,2021-07-15,22,4,196,200,202,195,198,0,25.4,93,1.1,0.0,1.5,191.6,True,81,1,False
2021-07-15 23:00:00,2021-07-15,23,4,178,190,193,186,187,0,24.9,93,0.8,0.0,1.5,191.6,True,81,1,False
2021-07-16 00:00:00,2021-07-16,0,5,67,65,64,65,65,36,23.9,98,1.5,0.0,1.5,191.6,False,82,1,False
2021-07-16 01:00:00,2021-07-16,1,5,95,96,100,92,96,74,24.4,97,1.1,0.0,1.5,191.6,False,82,1,False
2021-07-16 02:00:00,2021-07-16,2,5,99,103,101,102,101,37,23.8,98,0.3,0.0,1.5,191.6,False,82,1,False
2021-07-16 03:00:00,2021-07-16,3,5,98,114,106,108,107,175,23.4,98,1.1,0.0,1.5,191.6,False,82,1,False
2021-07-16 04:00:00,2021-07-16,4,5,109,106,105,102,106,211,23.1,98,0.4,0.0,1.5,191.6,False,82,1,False
2021-07-16 05:00:00,2021-07-16,5,5,80,74,89,107,88,92,23.3,98,1.4,0.0,1.5,191.6,False,82,1,False
2021-07-16 06:00:00,2021-07-16,6,5,108,109,98,109,106,304,24.9,97,1.1,0.0,1.5,191.6,False,82,1,False
2021-07-16 07:00:00,2021-07-16,7,5,107,120,157,157,135,563,27.0,87,0.9,0.0,1.5,191.6,False,82,1,False
2021-07-16 08:00:00,2021-07-16,8,5,177,193,194,182,187,555,27.5,82,1.4,0.0,1.5,191.6,False,82,1,False
2021-07-16 09:00:00,2021-07-16,9,5,190,173,188,189,185,1863,28.4,76,3.3,0.0,1.0,191.6,False,82,1,False
2021-07-16 10:00:00,2021-07-16,10,5,130,171,187,187,169,4118,29.0,76,3.3,0.0,1.0,191.6,False,82,1,False
2021-07-16 11:00:00,2021-07-16,11,5,177,182,194,197,188,1964,28.3,74,3.5,0.0,1.0,191.6,False,82,1,False
2021-07-16 12:00:00,2021-07-16,12,5,128,108,110,119,116,248,29.0,72,3.0,0.0,1.0,191.6,False,82,1,False
2021-07-16 13:00:00,2021-07-16,13,5,154,176,177,181,172,2135,28.5,76,3.6,0.0,1.0,191.6,False,82,1,False
2021-07-16 14:00:00,2021-07-16,14,5,161,147,173,181,166,2010,28.3,77,3.3,0.0,1.0,191.6,False,82,1,False
2021-07-16 15:00:00,2021-07-16,15,5,134,133,189,176,158,1731,27.4,79,2.6,0.0,1.0,191.6,False,82,1,False
2021-07-16 16:00:00,2021-07-16,16,5,178,176,149,156,165,2823,27.0,80,2.2,0.0,1.0,191.6,False,82,1,False
2021-07-16 17:00:00,2021-07-16,17,5,114,106,157,176,138,2670,26.9,82,1.0,0.0,1.0,191.6,False,82,1,False
2021-07-16 18:00:00,2021-07-16,18,5,168,155,156,151,158,1066,26.0,87,2.6,0.0,1.5,191.6,False,82,1,False
2021-07-16 19:00:00,2021-07-16,19,5,143,141,146,115,136,1287,25.4,88,1.3,0.0,1.5,191.6,False,82,1,False
2021-07-16 20:00:00,2021-07-16,20,5,104,111,123,117,114,16,25.1,90,1.5,0.0,1.5,191.6,False,82,1,False
2021-07-16 21:00:00,2021-07-16,21,5,117,120,111,106,114,45,25.0,91,1.9,0.0,1.5,191.6,False,82,1,False
2021-07-16 22:00:00,2021-07-16,22,5,94,106,112,95,102,59,24.7,93,1.9,0.3,1.5,191.6,False,82,1,False
2021-07-16 23:00:00,2021-07-16,23,5,118,111,99,77,101,330,24.8,96,1.6,0.3,1.5,191.6,False,82,1,False
2021-07-17 00:00:00,2021-07-17,0,6,66,63,62,63,64,21,24.6,95,1.1,0.0,1.5,191.6,False,83,1,False
2021-07-17 01:00:00,2021-07-17,1,6,90,110,102,100,101,130,24.6,95,0.9,0.0,1.5,191.6,False,83,1,False
2021-07-17 02:00:00,2021-07-17,2,6,105,101,92,95,98,426,24.4,96,1.3,0.0,1.5,191.6,False,83,1,False
2021-07-17 03:00:00,2021-07-17,3,6,85,90,99,102,94,108,23.6,98,1.7,0.0,1.5,191.6,False,83,1,False
2021-07-17 04:00:00,2021-07-17,4,6,97,89,96,103,96,95,23.9,98,1.3,0.0,1.5,191.6,False,83,1,False
2021-07-17 05:00:00,2021-07-17,5,6,77,64,87,108,84,63,24.3,98,1.2,0.0,1.5,191.6,False,83,1,False
2021-07-17 06:00:00,2021-07-17,6,6,96,76,81,87,85,30,25.3,94,1.8,0.0,1.5,191.6,False,83,1,False
2021-07-17 07:00:00,2021-07-17,7,6,88,73,40,28,57,994,25.5,87,1.0,0.0,1.5,191.6,False,83,1,False
2021-07-17 08:00:00,2021-07-17,8,6,25,27,24,23,25,0,25.3,86,2.2,0.1,1.5,191.6,False,83,1,False
2021-07-17 09:00:00,2021-07-17,9,6,23,23,22,24,23,0,25.9,80,1.9,0.6,1.0,191.6,False,83,1,False
2021-07-17 10:00:00,2021-07-17,10,6,24,23,23,23,23,0,26.4,78,2.8,0.6,1.0,191.6,False,83,1,False
2021-07-17 11:00:00,2021-07-17,11,6,23,24,23,27,24,0,26.8,81,2.1,0.6,1.0,191.6,False,83,1,False
2021-07-17 12:00:00,2021-07-17,12,6,26,24,23,24,24,0,27.0,79,2.8,0.6,1.0,191.6,False,83,1,False
2021-07-17 13:00:00,2021-07-17,13,6,24,23,23,23,23,0,27.3,76,2.5,0.6,1.0,191.6,False,83,1,False
2021-07-17 14:00:00,2021-07-17,14,6,23,24,23,23,23,0,26.8,79,1.7,0.6,1.0,191.6,False,83,1,False
2021-07-17 15:00:00,2021-07-17,15,6,28,27,23,23,25,0,28.2,69,2.1,0.6,1.0,191.6,False,83,1,False
2021-07-17 16:00:00,2021-07-17,16,6,23,23,24,22,23,0,28.4,68,2.3,0.6,1.0,191.6,False,83,1,False
2021-07-17 17:00:00,2021-07-17,17,6,22,22,23,22,22,0,26.4,76,2.3,0.6,1.0,191.6,False,83,1,False
2021-07-17 18:00:00,2021-07-17,18,6,22,25,27,23,24,0,25.9,78,2.6,0.6,1.5,191.6,False,83,1,False
2021-07-17 19:00:00,2021-07-17,19,6,22,23,23,23,23,0,25.3,84,0.7,0.6,1.5,191.6,False,83,1,False
2021-07-17 20:00:00,2021-07-17,20,6,23,22,23,23,23,0,25.3,83,1.3,0.6,1.5,191.6,False,83,1,False
2021-07-17 21:00:00,2021-07-17,21,6,24,24,23,24,24,0,25.4,82,0.5,0.6,1.5,191.6,False,83,1,False
2021-07-17 22:00:00,2021-07-17,22,6,28,24,24,24,25,0,25.3,87,1.1,0.6,1.5,191.6,False,83,1,False
2021-07-17 23:00:00,2021-07-17,23,6,23,22,23,24,23,0,25.0,88,1.0,0.6,1.5,191.6,False,83,1,False
2021-07-18 00:00:00,2021-07-18,0,7,23,22,23,24,23,0,24.5,93,1.0,0.0,1.5,191.6,False,84,1,False
2021-07-18 01:00:00,2021-07-18,1,7,28,26,23,23,25,0,24.5,93,1.6,0.0,1.5,191.6,False,84,1,False
2021-07-18 02:00:00,2021-07-18,2,7,23,23,23,24,23,0,24.2,94,1.4,0.0,1.5,191.6,False,84,1,False
2021-07-18 03:00:00,2021-07-18,3,7,22,23,24,23,23,0,24.0,96,0.9,0.0,1.5,191.6,False,84,1,False
2021-07-18 04:00:00,2021-07-18,4,7,23,28,25,23,25,0,23.6,97,1.4,0.0,1.5,191.6,False,84,1,False
2021-07-18 05:00:00,2021-07-18,5,7,22,22,22,22,22,0,23.5,98,1.3,0.0,1.5,191.6,False,84,1,False
2021-07-18 06:00:00,2021-07-18,6,7,23,23,23,22,23,0,24.0,96,1.3,0.0,1.5,191.6,False,84,1,False
2021-07-18 07:00:00,2021-07-18,7,7,23,25,28,25,25,0,26.5,88,1.5,0.0,1.5,191.6,False,84,1,False
2021-07-18 08:00:00,2021-07-18,8,7,22,23,23,24,23,0,27.2,81,2.2,0.0,1.5,191.6,False,84,1,False
2021-07-18 09:00:00,2021-07-18,9,7,22,23,23,23,23,0,27.7,79,2.8,0.0,1.0,191.6,False,84,1,False
2021-07-18 10:00:00,2021-07-18,10,7,22,22,23,23,23,0,28.8,73,3.2,0.0,1.0,191.6,False,84,1,False
2021-07-18 11:00:00,2021-07-18,11,7,24,27,23,24,25,0,28.1,76,1.8,0.0,1.0,191.6,False,84,1,False
2021-07-18 12:00:00,2021-07-18,12,7,23,23,22,23,23,0,28.4,71,2.6,0.0,1.0,191.6,False,84,1,False
2021-07-18 13:00:00,2021-07-18,13,7,23,23,23,23,23,0,28.4,74,1.7,0.0,1.0,191.6,False,84,1,False
2021-07-18 14:00:00,2021-07-18,14,7,24,25,27,24,25,0,28.7,70,2.8,0.0,1.0,191.6,False,84,1,False
2021-07-18 15:00:00,2021-07-18,15,7,24,26,24,23,24,0,27.8,74,3.1,0.0,1.0,191.6,False,84,1,False
2021-07-18 16:00:00,2021-07-18,16,7,23,23,23,23,23,0,27.6,76,2.6,0.0,1.0,191.6,False,84,1,False
2021-07-18 17:00:00,2021-07-18,17,7,23,24,23,27,24,0,27.7,74,2.6,0.0,1.0,191.6,False,84,1,False
2021-07-18 18:00:00,2021-07-18,18,7,25,23,23,23,24,0,26.8,80,2.1,0.0,1.5,191.6,False,84,1,False
2021-07-18 19:00:00,2021-07-18,19,7,23,23,23,22,23,0,25.9,88,1.3,0.0,1.5,191.6,False,84,1,False
2021-07-18 20:00:00,2021-07-18,20,7,23,23,22,23,23,0,25.3,90,1.2,0.0,1.5,191.6,False,84,1,False
2021-07-18 21:00:00,2021-07-18,21,7,26,28,23,24,25,0,24.7,93,2.1,0.0,1.5,191.6,False,84,1,False
2021-07-18 22:00:00,2021-07-18,22,7,23,23,24,24,24,0,24.2,91,0.5,0.0,1.5,191.6,False,84,1,False
2021-07-18 23:00:00,2021-07-18,23,7,23,22,22,23,23,0,24.6,92,0.7,0.0,1.5,191.6,False,84,1,False
2021-07-19 00:00:00,2021-07-19,0,1,23,25,28,26,26,0,24.3,91,1.9,0.0,1.5,191.6,False,85,1,False
2021-07-19 01:00:00,2021-07-19,1,1,24,24,23,23,24,0,24.1,91,1.1,0.0,1.5,191.6,False,85,1,False
2021-07-19 02:00:00,2021-07-19,2,1,23,22,24,24,23,0,23.7,93,1.2,0.0,1.5,191.6,False,85,1,False
2021-07-19 03:00:00,2021-07-19,3,1,24,23,22,23,23,0,23.6,95,1.0,0.0,1.5,191.6,False,85,1,False
2021-07-19 04:00:00,2021-07-19,4,1,27,27,22,22,25,0,23.6,95,1.3,0.0,1.5,191.6,False,85,1,False
2021-07-19 05:00:00,2021-07-19,5,1,22,23,23,23,23,0,23.4,98,1.1,0.0,1.5,191.6,False,85,1,False
2021-07-19 06:00:00,2021-07-19,6,1,23,23,22,23,23,0,23.8,97,1.3,0.0,1.5,191.6,False,85,1,False
2021-07-19 07:00:00,2021-07-19,7,1,24,39,76,119,65,0,25.0,91,2.0,0.0,1.5,191.6,False,85,1,False
2021-07-19 08:00:00,2021-07-19,8,1,172,200,194,185,188,604,27.3,83,1.4,0.0,1.5,191.6,False,85,1,False
2021-07-19 09:00:00,2021-07-19,9,1,182,174,185,176,179,1431,28.3,75,0.6,0.0,1.0,191.6,False,85,1,False
2021-07-19 10:00:00,2021-07-19,10,1,146,180,209,203,185,568,27.9,76,0.8,0.0,1.0,191.6,False,85,1,False
2021-07-19 11:00:00,2021-07-19,11,1,182,222,207,186,199,1280,28.4,75,1.3,0.0,1.0,191.6,False,85,1,False
2021-07-19 12:00:00,2021-07-19,12,1,134,111,111,113,117,0,29.8,68,1.0,0.0,1.0,191.6,False,85,1,False
2021-07-19 13:00:00,2021-07-19,13,1,157,188,193,174,178,645,28.8,73,1.2,0.0,1.0,191.6,False,85,1,False
2021-07-19 14:00:00,2021-07-19,14,1,175,190,177,170,178,2075,28.5,72,1.2,0.0,1.0,191.6,False,85,1,False
2021-07-19 15:00:00,2021-07-19,15,1,141,141,194,201,169,2253,28.9,69,1.2,0.0,1.0,191.6,False,85,1,False
2021-07-19 16:00:00,2021-07-19,16,1,187,183,185,178,183,1495,29.5,67,1.4,0.0,1.0,191.6,False,85,1,False
2021-07-19 17:00:00,2021-07-19,17,1,136,110,161,190,149,389,29.0,67,1.5,0.0,1.0,191.6,False,85,1,False
2021-07-19 18:00:00,2021-07-19,18,1,188,167,166,162,171,465,28.1,72,1.8,0.0,1.5,191.6,False,85,1,False
2021-07-19 19:00:00,2021-07-19,19,1,154,162,156,131,151,1962,27.5,76,0.7,0.0,1.5,191.6,False,85,1,False
2021-07-19 20:00:00,2021-07-19,20,1,115,126,136,132,127,72,26.3,84,0.7,0.0,1.5,191.6,False,85,1,False
2021-07-19 21:00:00,2021-07-19,21,1,129,126,127,114,124,94,25.7,92,0.0,0.0,1.5,191.6,False,85,1,False
2021-07-19 22:00:00,2021-07-19,22,1,94,106,109,114,106,70,25.4,95,0.5,0.0,1.5,191.6,False,85,1,False
2021-07-19 23:00:00,2021-07-19,23,1,119,120,106,93,110,181,25.7,97,1.3,0.0,1.5,191.6,False,85,1,False
2021-07-20 00:00:00,2021-07-20,0,2,76,69,68,69,71,1584,26.1,93,0.9,0.0,1.5,191.6,False,86,1,False
2021-07-20 01:00:00,2021-07-20,1,2,83,104,112,102,100,567,25.7,93,0.2,0.0,1.5,191.6,False,86,1,False
2021-07-20 02:00:00,2021-07-20,2,2,106,104,100,103,103,591,25.7,94,0.2,0.0,1.5,191.6,False,86,1,False
2021-07-20 03:00:00,2021-07-20,3,2,87,103,116,112,105,392,25.2,97,0.2,0.0,1.5,191.6,False,86,1,False
2021-07-20 04:00:00,2021-07-20,4,2,110,110,108,100,107,796,25.2,97,0.8,0.0,1.5,191.6,False,86,1,False
2021-07-20 05:00:00,2021-07-20,5,2,91,79,87,106,91,388,25.1,98,0.6,0.0,1.5,191.6,False,86,1,False
2021-07-20 06:00:00,2021-07-20,6,2,109,110,117,104,110,102,26.7,90,0.8,0.0,1.5,191.6,False,86,1,False
2021-07-20 07:00:00,2021-07-20,7,2,109,130,148,146,133,1086,28.4,81,1.1,0.0,1.5,191.6,False,86,1,False
2021-07-20 08:00:00,2021-07-20,8,2,170,191,201,191,188,1248,29.7,68,0.6,0.0,1.5,191.6,False,86,1,False
2021-07-20 09:00:00,2021-07-20,9,2,199,195,171,200,191,1828,30.8,57,1.4,0.0,1.0,191.6,False,86,1,False
2021-07-20 10:00:00,2021-07-20,10,2,164,196,197,197,189,1282,31.1,58,1.2,0.0,1.0,191.6,False,86,1,False
2021-07-20 11:00:00,2021-07-20,11,2,192,191,188,190,190,1327,31.7,60,2.8,0.0,1.0,191.6,False,86,1,False
2021-07-20 12:00:00,2021-07-20,12,2,142,121,109,112,121,0,31.7,57,1.9,0.0,1.0,191.6,False,86,1,False
2021-07-20 13:00:00,2021-07-20,13,2,157,177,183,194,178,1234,30.1,60,3.8,0.0,1.0,191.6,False,86,1,False
2021-07-20 14:00:00,2021-07-20,14,2,192,186,185,183,187,823,29.9,63,3.6,0.0,1.0,191.6,False,86,1,False
2021-07-20 15:00:00,2021-07-20,15,2,145,144,180,199,167,419,30.2,65,3.2,0.0,1.0,191.6,False,86,1,False
2021-07-20 16:00:00,2021-07-20,16,2,201,179,179,181,185,2403,29.7,63,3.1,0.0,1.0,191.6,False,86,1,False
2021-07-20 17:00:00,2021-07-20,17,2,116,107,145,159,132,881,29.1,63,2.1,0.0,1.0,191.6,False,86,1,False
2021-07-20 18:00:00,2021-07-20,18,2,179,182,160,177,175,2031,27.5,74,1.3,0.0,1.5,191.6,False,86,1,False
2021-07-20 19:00:00,2021-07-20,19,2,176,173,173,159,170,3506,26.5,80,1.1,0.0,1.5,191.6,False,86,1,False
2021-07-20 20:00:00,2021-07-20,20,2,132,131,124,120,127,80,26.0,83,1.2,0.0,1.5,191.6,False,86,1,False
2021-07-20 21:00:00,2021-07-20,21,2,121,127,137,133,130,562,26.1,79,1.5,0.0,1.5,191.6,False,86,1,False
2021-07-20 22:00:00,2021-07-20,22,2,108,111,108,121,112,235,25.9,79,1.4,0.0,1.5,191.6,False,86,1,False
2021-07-20 23:00:00,2021-07-20,23,2,117,111,112,96,109,108,25.3,83,1.4,0.0,1.5,191.6,False,86,1,False
2021-07-21 00:00:00,2021-07-21,0,3,85,79,74,72,78,286,24.5,86,1.0,0.0,1.5,191.6,False,87,1,False
2021-07-21 01:00:00,2021-07-21,1,3,96,105,112,113,107,270,24.1,90,0.9,0.0,1.5,191.6,False,87,1,False
2021-07-21 02:00:00,2021-07-21,2,3,89,100,108,101,100,126,24.3,89,1.3,0.0,1.5,191.6,False,87,1,False
2021-07-21 03:00:00,2021-07-21,3,3,85,104,106,111,102,528,23.2,95,1.3,0.0,1.5,191.6,False,87,1,False
2021-07-21 04:00:00,2021-07-21,4,3,100,117,111,99,107,158,23.0,98,0.9,0.0,1.5,191.6,False,87,1,False
2021-07-21 05:00:00,2021-07-21,5,3,86,78,99,111,94,187,24.0,93,1.6,0.0,1.5,191.6,False,87,1,False
2021-07-21 06:00:00,2021-07-21,6,3,108,99,110,106,106,56,24.7,92,1.7,0.0,1.5,191.6,False,87,1,False
2021-07-21 07:00:00,2021-07-21,7,3,104,111,149,148,128,842,27.0,83,2.1,0.0,1.5,191.6,False,87,1,False
2021-07-21 08:00:00,2021-07-21,8,3,164,200,209,199,193,933,28.3,75,1.9,0.0,1.5,191.6,False,87,1,False
2021-07-21 09:00:00,2021-07-21,9,3,195,200,205,214,204,1013,29.1,72,2.8,0.0,1.0,191.6,False,87,1,False
2021-07-21 10:00:00,2021-07-21,10,3,164,197,183,173,179,628,29.1,67,3.8,0.0,1.0,191.6,False,87,1,False
2021-07-21 11:00:00,2021-07-21,11,3,180,200,200,206,197,1336,29.3,71,3.0,0.0,1.0,191.6,False,87,1,False
2021-07-21 12:00:00,2021-07-21,12,3,150,128,116,116,128,88,29.7,63,2.6,0.0,1.0,191.6,False,87,1,False
2021-07-21 13:00:00,2021-07-21,13,3,177,181,193,204,189,1911,29.2,72,2.6,0.0,1.0,191.6,False,87,1,False
2021-07-21 14:00:00,2021-07-21,14,3,197,203,201,194,199,972,29.4,75,2.5,0.0,1.0,191.6,False,87,1,False
2021-07-21 15:00:00,2021-07-21,15,3,151,151,199,183,171,4021,28.9,77,2.9,0.0,1.0,191.6,False,87,1,False
2021-07-21 16:00:00,2021-07-21,16,3,180,178,182,189,182,865,28.1,79,2.5,0.0,1.0,191.6,False,87,1,False
2021-07-21 17:00:00,2021-07-21,17,3,133,116,149,153,138,593,27.3,81,2.3,0.0,1.0,191.6,False,87,1,False
2021-07-21 18:00:00,2021-07-21,18,3,162,168,152,167,162,972,27.0,82,2.5,0.0,1.5,191.6,False,87,1,False
2021-07-21 19:00:00,2021-07-21,19,3,170,161,174,143,162,3122,26.6,83,1.9,0.0,1.5,191.6,False,87,1,False
2021-07-21 20:00:00,2021-07-21,20,3,126,138,131,128,131,0,26.3,85,2.8,0.0,1.5,191.6,False,87,1,False
2021-07-21 21:00:00,2021-07-21,21,3,118,116,118,116,117,273,26.4,82,2.7,0.0,1.5,191.6,False,87,1,False
2021-07-21 22:00:00,2021-07-21,22,3,88,102,110,114,104,275,26.0,84,1.7,0.0,1.5,191.6,False,87,1,False
2021-07-21 23:00:00,2021-07-21,23,3,106,111,107,88,103,6,26.1,85,1.5,0.0,1.5,191.6,False,87,1,False
2021-07-22 00:00:00,2021-07-22,0,4,73,72,70,67,71,222,25.7,87,1.8,0.0,1.5,191.6,False,88,1,False
2021-07-22 01:00:00,2021-07-22,1,4,88,96,106,106,99,150,25.4,89,2.0,0.0,1.5,191.6,False,88,1,False
2021-07-22 02:00:00,2021-07-22,2,4,97,111,108,95,103,23,25.2,91,1.8,0.0,1.5,191.6,False,88,1,False
2021-07-22 03:00:00,2021-07-22,3,4,86,104,103,105,100,162,25.1,91,2.3,0.0,1.5,191.6,False,88,1,False
2021-07-22 04:00:00,2021-07-22,4,4,101,105,106,108,105,82,25.2,91,1.0,0.0,1.5,191.6,False,88,1,False
2021-07-22 05:00:00,2021-07-22,5,4,80,74,85,103,86,0,25.2,91,1.4,0.0,1.5,191.6,False,88,1,False
2021-07-22 06:00:00,2021-07-22,6,4,104,106,109,104,106,482,25.7,90,1.6,0.0,1.5,191.6,False,88,1,False
2021-07-22 07:00:00,2021-07-22,7,4,101,108,132,146,122,1255,27.1,84,1.9,0.0,1.5,191.6,False,88,1,False
2021-07-22 08:00:00,2021-07-22,8,4,184,213,193,196,197,709,27.7,80,2.4,0.0,1.5,191.6,False,88,1,False
2021-07-22 09:00:00,2021-07-22,9,4,186,197,192,191,192,491,28.1,76,2.9,0.0,1.0,191.6,False,88,1,False
2021-07-22 10:00:00,2021-07-22,10,4,148,192,188,190,180,679,28.7,78,3.6,0.0,1.0,191.6,False,88,1,False
2021-07-22 11:00:00,2021-07-22,11,4,177,188,188,192,186,691,29.5,73,3.1,0.0,1.0,191.6,False,88,1,False
2021-07-22 12:00:00,2021-07-22,12,4,119,99,99,97,104,30,29.2,73,3.2,0.0,1.0,191.6,False,88,1,False
2021-07-22 13:00:00,2021-07-22,13,4,157,174,177,174,171,2297,28.3,77,2.8,0.0,1.0,191.6,False,88,1,False
2021-07-22 14:00:00,2021-07-22,14,4,178,178,182,189,182,383,28.6,76,3.2,0.0,1.0,191.6,False,88,1,False
2021-07-22 15:00:00,2021-07-22,15,4,149,143,182,180,164,727,28.7,77,3.4,0.0,1.0,191.6,False,88,1,False
2021-07-22 16:00:00,2021-07-22,16,4,172,166,166,157,165,634,29.3,75,2.2,0.0,1.0,191.6,False,88,1,False
2021-07-22 17:00:00,2021-07-22,17,4,110,97,133,155,124,552,27.4,80,2.1,0.0,1.0,191.6,False,88,1,False
2021-07-22 18:00:00,2021-07-22,18,4,157,168,160,169,164,992,26.8,85,1.9,0.0,1.5,191.6,False,88,1,False
2021-07-22 19:00:00,2021-07-22,19,4,163,152,162,138,154,4520,26.0,90,2.6,0.0,1.5,191.6,False,88,1,False
2021-07-22 20:00:00,2021-07-22,20,4,132,138,127,130,132,368,25.5,92,1.2,0.0,1.5,191.6,False,88,1,False
2021-07-22 21:00:00,2021-07-22,21,4,119,119,123,118,120,0,25.8,89,1.7,0.0,1.5,191.6,False,88,1,False
2021-07-22 22:00:00,2021-07-22,22,4,104,122,119,114,115,270,25.3,90,0.9,0.0,1.5,191.6,False,88,1,False
2021-07-22 23:00:00,2021-07-22,23,4,107,104,114,104,107,82,25.2,92,1.3,0.0,1.5,191.6,False,88,1,False
2021-07-23 00:00:00,2021-07-23,0,5,87,79,74,71,78,200,24.9,94,1.2,0.0,1.5,191.6,False,89,1,False
2021-07-23 01:00:00,2021-07-23,1,5,98,111,106,103,105,91,24.5,96,1.2,0.0,1.5,191.6,False,89,1,False
2021-07-23 02:00:00,2021-07-23,2,5,104,105,102,110,105,376,24.4,97,1.2,0.0,1.5,191.6,False,89,1,False
2021-07-23 03:00:00,2021-07-23,3,5,89,103,109,106,102,102,24.2,98,1.3,0.0,1.5,191.6,False,89,1,False
2021-07-23 04:00:00,2021-07-23,4,5,100,97,101,98,99,162,24.1,98,1.6,0.0,1.5,191.6,False,89,1,False
2021-07-23 05:00:00,2021-07-23,5,5,87,76,93,99,89,0,24.1,96,1.0,0.0,1.5,191.6,False,89,1,False
2021-07-23 06:00:00,2021-07-23,6,5,103,105,100,105,103,0,24.6,95,2.0,0.0,1.5,191.6,False,89,1,False
2021-07-23 07:00:00,2021-07-23,7,5,98,104,143,144,122,2387,26.2,88,2.2,0.0,1.5,191.6,False,89,1,False
2021-07-23 08:00:00,2021-07-23,8,5,169,202,199,192,191,999,26.8,85,1.9,0.0,1.5,191.6,False,89,1,False
2021-07-23 09:00:00,2021-07-23,9,5,179,183,190,189,185,1838,27.8,81,1.6,0.0,1.0,191.6,False,89,1,False
2021-07-23 10:00:00,2021-07-23,10,5,162,189,182,182,179,1231,28.9,73,2.7,0.0,1.0,191.6,False,89,1,False
2021-07-23 11:00:00,2021-07-23,11,5,179,185,199,189,188,1813,28.9,73,2.9,0.0,1.0,191.6,False,89,1,False
2021-07-23 12:00:00,2021-07-23,12,5,125,110,108,109,113,0,29.2,74,2.0,0.0,1.0,191.6,False,89,1,False
2021-07-23 13:00:00,2021-07-23,13,5,161,192,178,188,180,979,29.2,73,2.8,0.0,1.0,191.6,False,89,1,False
2021-07-23 14:00:00,2021-07-23,14,5,177,186,190,183,184,1335,29.3,75,4.3,0.0,1.0,191.6,False,89,1,False
2021-07-23 15:00:00,2021-07-23,15,5,152,151,192,206,175,923,28.4,77,2.5,0.0,1.0,191.6,False,89,1,False
2021-07-23 16:00:00,2021-07-23,16,5,195,197,188,177,189,6161,28.1,78,1.9,0.0,1.0,191.6,False,89,1,False
2021-07-23 17:00:00,2021-07-23,17,5,110,111,154,178,138,555,27.8,78,2.4,0.0,1.0,191.6,False,89,1,False
2021-07-23 18:00:00,2021-07-23,18,5,175,174,173,176,175,1693,26.6,86,1.8,0.0,1.5,191.6,False,89,1,False
2021-07-23 19:00:00,2021-07-23,19,5,165,148,145,120,145,2039,25.9,88,1.6,0.0,1.5,191.6,False,89,1,False
2021-07-23 20:00:00,2021-07-23,20,5,107,115,115,105,111,113,25.6,91,1.6,0.0,1.5,191.6,False,89,1,False
2021-07-23 21:00:00,2021-07-23,21,5,104,110,107,105,107,12,24.9,93,0.2,0.0,1.5,191.6,False,89,1,False
2021-07-23 22:00:00,2021-07-23,22,5,93,104,107,96,100,371,25.0,94,0.9,0.0,1.5,191.6,False,89,1,False
2021-07-23 23:00:00,2021-07-23,23,5,98,111,107,91,102,180,24.9,92,1.2,0.0,1.5,191.6,False,89,1,False
2021-07-24 00:00:00,2021-07-24,0,6,72,67,65,69,68,0,24.7,91,1.2,0.0,1.5,191.6,False,90,1,False
2021-07-24 01:00:00,2021-07-24,1,6,93,92,101,99,96,501,24.6,91,1.1,0.0,1.5,191.6,False,90,1,False
2021-07-24 02:00:00,2021-07-24,2,6,100,99,97,84,95,51,24.4,94,0.9,0.0,1.5,191.6,False,90,1,False
2021-07-24 03:00:00,2021-07-24,3,6,72,96,104,101,93,42,24.0,96,0.8,0.0,1.5,191.6,False,90,1,False
2021-07-24 04:00:00,2021-07-24,4,6,100,98,98,90,97,262,23.9,97,1.2,0.0,1.5,191.6,False,90,1,False
2021-07-24 05:00:00,2021-07-24,5,6,75,69,87,91,81,62,23.8,98,0.8,0.0,1.5,191.6,False,90,1,False
2021-07-24 06:00:00,2021-07-24,6,6,98,97,96,87,95,919,24.9,96,0.7,0.0,1.5,191.6,False,90,1,False
2021-07-24 07:00:00,2021-07-24,7,6,81,75,56,32,61,482,25.8,90,0.6,0.0,1.5,191.6,False,90,1,False
2021-07-24 08:00:00,2021-07-24,8,6,28,23,23,24,25,0,26.9,84,2.0,0.0,1.5,191.6,False,90,1,False
2021-07-24 09:00:00,2021-07-24,9,6,24,24,24,24,24,0,29.1,78,1.3,0.0,1.0,191.6,False,90,1,False
2021-07-24 10:00:00,2021-07-24,10,6,24,24,24,24,24,0,28.8,74,2.5,0.0,1.0,191.6,False,90,1,False
2021-07-24 11:00:00,2021-07-24,11,6,26,27,29,25,27,0,28.5,76,3.2,0.0,1.0,191.6,False,90,1,False
2021-07-24 12:00:00,2021-07-24,12,6,24,22,23,23,23,0,29.6,72,3.5,0.0,1.0,191.6,False,90,1,False
2021-07-24 13:00:00,2021-07-24,13,6,23,24,24,24,24,0,30.0,71,3.2,0.0,1.0,191.6,False,90,1,False
2021-07-24 14:00:00,2021-07-24,14,6,24,24,24,24,24,0,29.8,69,3.0,0.0,1.0,191.6,False,90,1,False
2021-07-24 15:00:00,2021-07-24,15,6,27,28,24,24,26,0,29.3,64,3.5,0.0,1.0,191.6,False,90,1,False
2021-07-24 16:00:00,2021-07-24,16,6,24,24,24,25,24,0,29.2,68,1.5,0.0,1.0,191.6,False,90,1,False
2021-07-24 17:00:00,2021-07-24,17,6,24,24,24,24,24,0,28.7,70,1.6,0.0,1.0,191.6,False,90,1,False
2021-07-24 18:00:00,2021-07-24,18,6,24,23,24,29,25,0,26.9,82,1.8,0.0,1.5,191.6,False,90,1,False
2021-07-24 19:00:00,2021-07-24,19,6,28,24,23,23,25,0,26.3,85,1.4,0.0,1.5,191.6,False,90,1,False
2021-07-24 20:00:00,2021-07-24,20,6,23,23,24,25,24,0,26.1,89,2.5,0.0,1.5,191.6,False,90,1,False
2021-07-24 21:00:00,2021-07-24,21,6,24,24,25,25,25,0,26.2,90,2.7,0.0,1.5,191.6,False,90,1,False
2021-07-24 22:00:00,2021-07-24,22,6,24,25,28,25,26,0,26.1,91,1.3,0.0,1.5,191.6,False,90,1,False
2021-07-24 23:00:00,2021-07-24,23,6,24,24,24,24,24,0,26.0,91,1.0,0.0,1.5,191.6,False,90,1,False
2021-07-25 00:00:00,2021-07-25,0,7,24,24,24,24,24,0,25.6,92,1.2,0.0,1.5,191.6,False,91,1,False
2021-07-25 01:00:00,2021-07-25,1,7,24,24,24,26,25,0,24.8,96,0.4,0.0,1.5,191.6,False,91,1,False
2021-07-25 02:00:00,2021-07-25,2,7,29,25,23,24,25,0,24.9,95,0.8,0.0,1.5,191.6,False,91,1,False
2021-07-25 03:00:00,2021-07-25,3,7,24,26,23,23,24,0,24.3,97,1.3,0.0,1.5,191.6,False,91,1,False
2021-07-25 04:00:00,2021-07-25,4,7,23,24,24,24,24,0,24.5,98,2.0,0.0,1.5,191.6,False,91,1,False
2021-07-25 05:00:00,2021-07-25,5,7,24,24,28,27,26,0,24.7,98,1.6,0.0,1.5,191.6,False,91,1,False
2021-07-25 06:00:00,2021-07-25,6,7,23,24,24,24,24,0,25.5,95,0.6,0.0,1.5,191.6,False,91,1,False
2021-07-25 07:00:00,2021-07-25,7,7,24,24,24,24,24,0,27.1,89,1.5,0.0,1.5,191.6,False,91,1,False
2021-07-25 08:00:00,2021-07-25,8,7,24,23,23,24,24,0,28.4,81,3.0,0.0,1.5,191.6,False,91,1,False
2021-07-25 09:00:00,2021-07-25,9,7,25,29,25,24,26,0,28.1,80,2.6,0.0,1.0,191.6,False,91,1,False
2021-07-25 10:00:00,2021-07-25,10,7,24,23,24,24,24,0,28.8,76,2.7,0.0,1.0,191.6,False,91,1,False
2021-07-25 11:00:00,2021-07-25,11,7,23,23,24,24,24,0,29.0,77,3.0,0.0,1.0,191.6,False,91,1,False
2021-07-25 12:00:00,2021-07-25,12,7,26,25,28,26,26,0,30.5,62,2.9,0.0,1.0,191.6,False,91,1,False
2021-07-25 13:00:00,2021-07-25,13,7,24,24,24,23,24,0,31.0,58,2.4,0.0,1.0,191.6,False,91,1,False
2021-07-25 14:00:00,2021-07-25,14,7,24,24,25,24,24,0,30.5,58,2.8,0.0,1.0,191.6,False,91,1,False
2021-07-25 15:00:00,2021-07-25,15,7,24,24,25,25,25,0,30.0,58,2.5,0.0,1.0,191.6,False,91,1,False
2021-07-25 16:00:00,2021-07-25,16,7,29,27,25,24,26,0,29.2,66,2.5,0.0,1.0,191.6,False,91,1,False
2021-07-25 17:00:00,2021-07-25,17,7,24,24,24,23,24,0,28.0,69,2.4,0.0,1.0,191.6,False,91,1,False
2021-07-25 18:00:00,2021-07-25,18,7,23,24,23,23,23,0,27.6,70,1.1,0.0,1.5,191.6,False,91,1,False
2021-07-25 19:00:00,2021-07-25,19,7,24,24,25,28,25,0,26.2,85,0.9,0.0,1.5,191.6,False,91,1,False
2021-07-25 20:00:00,2021-07-25,20,7,23,24,24,24,24,0,25.9,92,2.2,0.0,1.5,191.6,False,91,1,False
2021-07-25 21:00:00,2021-07-25,21,7,24,24,23,24,24,0,25.0,91,0.5,0.0,1.5,191.6,False,91,1,False
2021-07-25 22:00:00,2021-07-25,22,7,23,24,24,24,24,0,25.5,94,1.3,0.0,1.5,191.6,False,91,1,False
2021-07-25 23:00:00,2021-07-25,23,7,26,28,24,24,26,0,25.3,95,0.4,0.0,1.5,191.6,False,91,1,False
2021-07-26 00:00:00,2021-07-26,0,1,24,24,24,24,24,0,25.1,97,1.0,0.0,1.5,191.6,False,92,1,False
2021-07-26 01:00:00,2021-07-26,1,1,23,24,24,24,24,0,24.8,98,1.2,0.0,1.5,191.6,False,92,1,False
2021-07-26 02:00:00,2021-07-26,2,1,24,24,24,27,25,0,24.6,98,1.6,0.0,1.5,191.6,False,92,1,False
2021-07-26 03:00:00,2021-07-26,3,1,27,24,24,24,25,0,24.5,98,1.5,0.0,1.5,191.6,False,92,1,False
2021-07-26 04:00:00,2021-07-26,4,1,23,23,24,24,24,0,24.4,98,1.1,0.0,1.5,191.6,False,92,1,False
2021-07-26 05:00:00,2021-07-26,5,1,24,24,23,23,24,0,24.7,98,1.1,0.0,1.5,191.6,False,92,1,False
2021-07-26 06:00:00,2021-07-26,6,1,25,26,26,27,26,0,26.9,91,0.9,0.0,1.5,191.6,False,92,1,False
2021-07-26 07:00:00,2021-07-26,7,1,30,50,75,127,71,0,27.9,82,1.9,0.0,1.5,191.6,False,92,1,False
2021-07-26 08:00:00,2021-07-26,8,1,177,217,206,191,198,805,29.4,69,2.1,0.0,1.5,191.6,False,92,1,False
2021-07-26 09:00:00,2021-07-26,9,1,182,178,189,186,184,1283,29.8,62,2.9,0.0,1.0,191.6,False,92,1,False
2021-07-26 10:00:00,2021-07-26,10,1,148,192,191,207,185,1149,29.9,60,2.2,0.0,1.0,191.6,False,92,1,False
2021-07-26 11:00:00,2021-07-26,11,1,202,190,182,186,190,3069,30.8,58,2.0,0.0,1.0,191.6,False,92,1,False
2021-07-26 12:00:00,2021-07-26,12,1,130,111,105,106,113,0,30.7,53,2.7,0.0,1.0,191.6,False,92,1,False
2021-07-26 13:00:00,2021-07-26,13,1,151,178,180,167,169,1969,31.1,50,2.7,0.0,1.0,191.6,False,92,1,False
2021-07-26 14:00:00,2021-07-26,14,1,176,182,199,185,186,669,30.5,53,3.0,0.0,1.0,191.6,False,92,1,False
2021-07-26 15:00:00,2021-07-26,15,1,137,136,180,177,158,2463,30.4,57,2.4,0.0,1.0,191.6,False,92,1,False
2021-07-26 16:00:00,2021-07-26,16,1,163,163,177,173,169,1238,29.3,62,2.6,0.0,1.0,191.6,False,92,1,False
2021-07-26 17:00:00,2021-07-26,17,1,122,108,144,169,136,6579,28.3,65,2.9,0.0,1.0,191.6,False,92,1,False
2021-07-26 18:00:00,2021-07-26,18,1,186,181,169,162,175,1120,27.3,77,2.3,0.0,1.5,191.6,False,92,1,False
2021-07-26 19:00:00,2021-07-26,19,1,169,177,160,122,157,3479,26.4,81,1.4,0.0,1.5,191.6,False,92,1,False
2021-07-26 20:00:00,2021-07-26,20,1,98,103,103,102,102,19,25.9,86,1.5,0.0,1.5,191.6,False,92,1,False
2021-07-26 21:00:00,2021-07-26,21,1,105,108,116,110,110,0,25.6,87,1.3,0.0,1.5,191.6,False,92,1,False
2021-07-26 22:00:00,2021-07-26,22,1,96,112,116,114,110,132,24.9,90,1.3,0.0,1.5,191.6,False,92,1,False
2021-07-26 23:00:00,2021-07-26,23,1,106,107,95,72,95,48,24.7,92,1.6,0.0,1.5,191.6,False,92,1,False
2021-07-27 00:00:00,2021-07-27,0,2,70,70,67,65,68,89,24.8,94,1.8,0.0,1.5,191.6,False,93,1,False
2021-07-27 01:00:00,2021-07-27,1,2,84,106,109,110,102,63,24.4,93,1.7,0.0,1.5,191.6,False,93,1,False
2021-07-27 02:00:00,2021-07-27,2,2,116,113,119,112,115,4,23.9,96,1.0,0.0,1.5,191.6,False,93,1,False
2021-07-27 03:00:00,2021-07-27,3,2,95,109,111,106,105,74,23.5,98,0.6,0.0,1.5,191.6,False,93,1,False
2021-07-27 04:00:00,2021-07-27,4,2,114,113,110,96,108,36,23.4,98,1.1,0.0,1.5,191.6,False,93,1,False
2021-07-27 05:00:00,2021-07-27,5,2,81,76,92,106,89,2,23.5,98,0.7,0.0,1.5,191.6,False,93,1,False
2021-07-27 06:00:00,2021-07-27,6,2,111,109,103,98,105,229,24.9,98,0.9,0.0,1.5,191.6,False,93,1,False
2021-07-27 07:00:00,2021-07-27,7,2,104,122,148,161,134,1262,27.1,86,1.9,0.0,1.5,191.6,False,93,1,False
2021-07-27 08:00:00,2021-07-27,8,2,179,207,202,187,194,1862,27.8,81,1.7,0.0,1.5,191.6,False,93,1,False
2021-07-27 09:00:00,2021-07-27,9,2,171,172,188,192,181,593,29.9,70,2.0,0.0,1.0,191.6,False,93,1,False
2021-07-27 10:00:00,2021-07-27,10,2,152,194,206,201,188,976,30.0,65,3.3,0.0,1.0,191.6,False,93,1,False
2021-07-27 11:00:00,2021-07-27,11,2,203,210,211,203,207,857,30.7,65,3.5,0.0,1.0,191.6,False,93,1,False
2021-07-27 12:00:00,2021-07-27,12,2,124,97,105,112,110,184,30.0,67,4.8,0.0,1.0,191.6,False,93,1,False
2021-07-27 13:00:00,2021-07-27,13,2,156,186,187,198,182,606,29.7,68,4.4,0.0,1.0,191.6,False,93,1,False
2021-07-27 14:00:00,2021-07-27,14,2,194,192,199,195,195,1654,29.6,69,3.8,0.0,1.0,191.6,False,93,1,False
2021-07-27 15:00:00,2021-07-27,15,2,155,162,199,201,179,1224,29.2,73,3.8,0.0,1.0,191.6,False,93,1,False
2021-07-27 16:00:00,2021-07-27,16,2,184,186,187,186,186,1271,28.6,75,3.6,0.0,1.0,191.6,False,93,1,False
2021-07-27 17:00:00,2021-07-27,17,2,143,136,172,184,159,350,28.4,77,2.0,0.0,1.0,191.6,False,93,1,False
2021-07-27 18:00:00,2021-07-27,18,2,170,159,172,174,169,5796,27.1,79,2.0,0.0,1.5,191.6,False,93,1,False
2021-07-27 19:00:00,2021-07-27,19,2,172,162,180,161,169,3392,26.4,85,2.1,0.0,1.5,191.6,False,93,1,False
2021-07-27 20:00:00,2021-07-27,20,2,146,147,141,141,144,2,26.0,86,1.3,0.0,1.5,191.6,False,93,1,False
2021-07-27 21:00:00,2021-07-27,21,2,144,138,144,148,144,8,25.6,87,1.4,0.0,1.5,191.6,False,93,1,False
2021-07-27 22:00:00,2021-07-27,22,2,131,132,127,127,129,41,25.0,89,1.8,0.0,1.5,191.6,False,93,1,False
2021-07-27 23:00:00,2021-07-27,23,2,139,138,116,93,122,201,24.7,92,1.4,0.0,1.5,191.6,False,93,1,False
2021-07-28 00:00:00,2021-07-28,0,3,91,88,86,85,88,1158,24.1,94,1.1,0.0,1.5,191.6,False,94,2,False
2021-07-28 01:00:00,2021-07-28,1,3,110,123,130,122,121,83,23.8,95,1.1,0.0,1.5,191.6,False,94,2,False
2021-07-28 02:00:00,2021-07-28,2,3,119,113,115,130,119,4,24.1,98,2.2,0.0,1.5,191.6,False,94,2,False
2021-07-28 03:00:00,2021-07-28,3,3,109,124,128,127,122,308,23.9,98,1.8,0.0,1.5,191.6,False,94,2,False
2021-07-28 04:00:00,2021-07-28,4,3,119,123,116,118,119,177,23.3,98,0.8,0.0,1.5,191.6,False,94,2,False
2021-07-28 05:00:00,2021-07-28,5,3,97,91,113,119,105,56,23.6,98,1.1,0.0,1.5,191.6,False,94,2,False
2021-07-28 06:00:00,2021-07-28,6,3,123,122,122,127,124,52,25.2,94,1.3,0.0,1.5,191.6,False,94,2,False
2021-07-28 07:00:00,2021-07-28,7,3,132,144,174,174,156,1841,26.2,85,0.8,0.0,1.5,191.6,False,94,2,False
2021-07-28 08:00:00,2021-07-28,8,3,187,200,200,204,198,2013,27.2,80,1.3,0.0,1.5,191.6,False,94,2,False
2021-07-28 09:00:00,2021-07-28,9,3,192,198,199,204,198,2284,29.0,73,2.0,0.0,1.0,191.6,False,94,2,False
2021-07-28 10:00:00,2021-07-28,10,3,160,196,194,202,188,1029,30.5,67,1.7,0.0,1.0,191.6,False,94,2,False
2021-07-28 11:00:00,2021-07-28,11,3,202,211,205,212,208,2429,31.0,65,3.1,0.0,1.0,191.6,False,94,2,False
2021-07-28 12:00:00,2021-07-28,12,3,145,111,111,116,121,296,30.8,66,3.4,0.0,1.0,191.6,False,94,2,False
2021-07-28 13:00:00,2021-07-28,13,3,178,200,200,199,194,1488,30.2,68,4.1,0.0,1.0,191.6,False,94,2,False
2021-07-28 14:00:00,2021-07-28,14,3,190,196,203,196,196,1197,29.5,68,3.8,0.0,1.0,191.6,False,94,2,False
2021-07-28 15:00:00,2021-07-28,15,3,135,143,187,180,161,300,28.6,76,4.4,0.0,1.0,191.6,False,94,2,False
2021-07-28 16:00:00,2021-07-28,16,3,181,177,171,165,174,2747,29.5,71,2.2,0.0,1.0,191.6,False,94,2,False
2021-07-28 17:00:00,2021-07-28,17,3,123,106,169,190,147,682,28.7,71,1.6,0.0,1.0,191.6,False,94,2,False
2021-07-28 18:00:00,2021-07-28,18,3,190,177,181,185,183,1952,27.4,71,1.6,0.0,1.5,191.6,False,94,2,False
2021-07-28 19:00:00,2021-07-28,19,3,175,152,153,124,151,3635,26.5,81,1.7,0.0,1.5,191.6,False,94,2,False
2021-07-28 20:00:00,2021-07-28,20,3,104,110,100,113,107,308,26.0,86,1.4,0.0,1.5,191.6,False,94,2,False
2021-07-28 21:00:00,2021-07-28,21,3,115,104,108,111,110,21,25.9,87,0.8,0.0,1.5,191.6,False,94,2,False
2021-07-28 22:00:00,2021-07-28,22,3,95,107,101,109,103,189,24.9,89,1.3,0.0,1.5,191.6,False,94,2,False
2021-07-28 23:00:00,2021-07-28,23,3,116,111,103,80,103,36,24.6,91,2.0,0.0,1.5,191.6,False,94,2,False
2021-07-29 00:00:00,2021-07-29,0,4,68,70,67,67,68,0,24.0,93,0.9,0.0,1.5,191.6,False,95,1,False
2021-07-29 01:00:00,2021-07-29,1,4,98,118,116,109,110,313,23.5,95,1.8,0.0,1.5,191.6,False,95,1,False
2021-07-29 02:00:00,2021-07-29,2,4,103,118,115,106,111,206,23.1,98,0.6,0.0,1.5,191.6,False,95,1,False
2021-07-29 03:00:00,2021-07-29,3,4,91,116,117,117,110,49,23.5,98,0.6,0.0,1.5,191.6,False,95,1,False
2021-07-29 04:00:00,2021-07-29,4,4,113,110,116,105,111,100,23.4,97,0.7,0.0,1.5,191.6,False,95,1,False
2021-07-29 05:00:00,2021-07-29,5,4,85,73,99,119,94,156,23.8,98,1.0,0.0,1.5,191.6,False,95,1,False
2021-07-29 06:00:00,2021-07-29,6,4,121,121,112,111,116,94,26.0,90,0.9,0.0,1.5,191.6,False,95,1,False
2021-07-29 07:00:00,2021-07-29,7,4,121,133,149,159,141,925,27.0,84,1.2,0.0,1.5,191.6,False,95,1,False
2021-07-29 08:00:00,2021-07-29,8,4,175,189,201,204,192,909,28.6,72,1.4,0.0,1.5,191.6,False,95,1,False
2021-07-29 09:00:00,2021-07-29,9,4,195,198,205,195,198,1181,30.1,66,1.1,0.0,1.0,191.6,False,95,1,False
2021-07-29 10:00:00,2021-07-29,10,4,161,187,196,203,187,884,30.5,65,1.5,0.0,1.0,191.6,False,95,1,False
2021-07-29 11:00:00,2021-07-29,11,4,207,206,205,211,207,1597,30.2,61,1.9,0.0,1.0,191.6,False,95,1,False
2021-07-29 12:00:00,2021-07-29,12,4,133,108,106,101,112,200,31.6,60,2.3,0.0,1.0,191.6,False,95,1,False
2021-07-29 13:00:00,2021-07-29,13,4,170,196,206,195,192,1480,31.6,60,2.7,0.0,1.0,191.6,False,95,1,False
2021-07-29 14:00:00,2021-07-29,14,4,170,187,191,201,187,3092,30.7,64,2.2,0.0,1.0,191.6,False,95,1,False
2021-07-29 15:00:00,2021-07-29,15,4,143,147,186,178,164,2184,30.3,63,1.5,0.0,1.0,191.6,False,95,1,False
2021-07-29 16:00:00,2021-07-29,16,4,164,158,169,172,166,2656,29.7,61,2.7,0.0,1.0,191.6,False,95,1,False
2021-07-29 17:00:00,2021-07-29,17,4,117,106,142,152,129,735,29.9,59,1.8,0.0,1.0,191.6,False,95,1,False
2021-07-29 18:00:00,2021-07-29,18,4,165,171,180,179,174,5687,28.2,64,1.2,0.0,1.5,191.6,False,95,1,False
2021-07-29 19:00:00,2021-07-29,19,4,172,163,181,159,169,2616,27.5,67,1.4,0.0,1.5,191.6,False,95,1,False
2021-07-29 20:00:00,2021-07-29,20,4,130,134,120,129,128,149,26.9,77,0.7,0.0,1.5,191.6,False,95,1,False
2021-07-29 21:00:00,2021-07-29,21,4,124,119,131,129,126,131,25.8,79,0.8,0.0,1.5,191.6,False,95,1,False
2021-07-29 22:00:00,2021-07-29,22,4,114,130,123,121,122,180,25.3,84,0.2,0.0,1.5,191.6,False,95,1,False
2021-07-29 23:00:00,2021-07-29,23,4,127,120,117,93,114,174,25.2,86,0.5,0.0,1.5,191.6,False,95,1,False
2021-07-30 00:00:00,2021-07-30,0,5,91,88,86,85,88,82,25.2,89,0.6,0.0,1.5,191.6,False,94,2,True
2021-07-30 01:00:00,2021-07-30,1,5,110,123,130,122,121,164,25.0,90,0.9,0.0,1.5,191.6,False,94,2,True
2021-07-30 02:00:00,2021-07-30,2,5,119,113,115,130,119,30,24.7,88,0.7,0.0,1.5,191.6,False,94,2,True
2021-07-30 03:00:00,2021-07-30,3,5,109,124,128,127,122,498,24.1,92,1.0,0.0,1.5,191.6,False,94,2,True
2021-07-30 04:00:00,2021-07-30,4,5,119,123,116,118,119,42,24.4,87,1.0,0.0,1.5,191.6,False,94,2,True
2021-07-30 05:00:00,2021-07-30,5,5,97,91,113,119,105,108,24.3,94,0.9,0.0,1.5,191.6,False,94,2,True
2021-07-30 06:00:00,2021-07-30,6,5,123,122,122,127,124,461,26.6,88,0.4,0.0,1.5,191.6,False,94,2,True
2021-07-30 07:00:00,2021-07-30,7,5,132,144,174,174,156,1229,28.5,71,1.0,0.0,1.5,191.6,False,94,2,True
2021-07-30 08:00:00,2021-07-30,8,5,187,200,200,204,198,1134,30.3,63,0.8,0.0,1.5,191.6,False,94,2,True
2021-07-30 09:00:00,2021-07-30,9,5,192,198,199,204,198,2079,30.5,58,1.3,0.0,1.0,191.6,False,94,2,True
2021-07-30 10:00:00,2021-07-30,10,5,160,196,194,202,188,439,32.4,52,1.2,0.0,1.0,191.6,False,94,2,True
2021-07-30 11:00:00,2021-07-30,11,5,202,211,205,212,208,1084,31.8,59,1.4,0.0,1.0,191.6,False,94,2,True
2021-07-30 12:00:00,2021-07-30,12,5,145,111,111,116,121,0,31.7,64,2.0,0.0,1.0,191.6,False,94,2,True
2021-07-30 13:00:00,2021-07-30,13,5,178,200,200,199,194,1769,32.1,55,3.6,0.0,1.0,191.6,False,94,2,True
2021-07-30 14:00:00,2021-07-30,14,5,190,196,203,196,196,1204,33.2,54,2.7,0.0,1.0,191.6,False,94,2,True
2021-07-30 15:00:00,2021-07-30,15,5,135,143,187,180,161,790,33.2,52,2.0,0.0,1.0,191.6,False,94,2,True
2021-07-30 16:00:00,2021-07-30,16,5,181,177,171,165,174,1575,32.7,53,1.9,0.0,1.0,191.6,False,94,2,True
2021-07-30 17:00:00,2021-07-30,17,5,123,106,169,190,147,0,30.7,65,1.3,0.0,1.0,191.6,False,94,2,True
2021-07-30 18:00:00,2021-07-30,18,5,190,177,181,185,183,0,29.3,72,1.2,0.0,1.5,191.6,False,94,2,True
2021-07-30 19:00:00,2021-07-30,19,5,175,152,153,124,151,0,28.7,70,1.1,0.0,1.5,191.6,False,94,2,True
2021-07-30 20:00:00,2021-07-30,20,5,104,110,100,113,107,0,27.2,79,0.4,0.0,1.5,191.6,False,94,2,True
2021-07-30 21:00:00,2021-07-30,21,5,115,104,108,111,110,0,26.7,82,1.1,0.0,1.5,191.6,False,94,2,True
2021-07-30 22:00:00,2021-07-30,22,5,95,107,101,109,103,0,26.7,82,2.2,0.0,1.5,191.6,False,94,2,True
2021-07-30 23:00:00,2021-07-30,23,5,116,111,103,80,103,0,26.2,81,2.3,0.0,1.5,191.6,False,94,2,True
2021-07-31 00:00:00,2021-07-31,0,6,21,21,24,24,23,0,25.1,86,1.0,0.0,1.5,191.6,False,96,1,False
2021-07-31 01:00:00,2021-07-31,1,6,21,21,21,21,21,0,25.4,82,1.4,0.0,1.5,191.6,False,96,1,False
2021-07-31 02:00:00,2021-07-31,2,6,21,21,21,21,21,0,24.4,89,1.3,0.0,1.5,191.6,False,96,1,False
2021-07-31 03:00:00,2021-07-31,3,6,21,20,21,21,21,0,24.0,90,0.4,0.0,1.5,191.6,False,96,1,False
2021-07-31 04:00:00,2021-07-31,4,6,26,24,21,21,23,0,23.9,92,1.1,0.0,1.5,191.6,False,96,1,False
2021-07-31 05:00:00,2021-07-31,5,6,21,20,20,19,20,0,23.6,94,0.3,0.0,1.5,191.6,False,96,1,False
2021-07-31 06:00:00,2021-07-31,6,6,20,21,20,21,21,0,26.4,84,0.6,0.0,1.5,191.6,False,96,1,False
2021-07-31 07:00:00,2021-07-31,7,6,20,20,23,23,22,0,28.3,77,1.6,0.0,1.5,191.6,False,96,1,False
2021-07-31 08:00:00,2021-07-31,8,6,20,20,21,21,21,0,29.8,73,1.2,0.0,1.5,191.6,False,96,1,False
2021-07-31 09:00:00,2021-07-31,9,6,21,21,21,20,21,0,31.3,67,1.6,0.0,1.0,191.6,False,96,1,False
2021-07-31 10:00:00,2021-07-31,10,6,21,21,21,23,22,0,32.4,68,2.8,0.0,1.0,191.6,False,96,1,False
2021-07-31 11:00:00,2021-07-31,11,6,26,25,21,21,23,0,32.7,65,2.0,0.0,1.0,191.6,False,96,1,False
2021-07-31 12:00:00,2021-07-31,12,6,21,21,21,21,21,0,32.8,69,2.1,0.0,1.0,191.6,False,96,1,False
2021-07-31 13:00:00,2021-07-31,13,6,21,21,21,21,21,0,32.1,71,2.4,0.0,1.0,191.6,False,96,1,False
2021-07-31 14:00:00,2021-07-31,14,6,21,21,22,25,22,0,30.8,75,2.4,0.0,1.0,191.6,False,96,1,False
2021-07-31 15:00:00,2021-07-31,15,6,21,23,21,21,22,0,29.5,83,1.6,0.0,1.0,191.6,False,96,1,False
2021-07-31 16:00:00,2021-07-31,16,6,20,21,21,21,21,0,28.4,85,1.8,0.0,1.0,191.6,False,96,1,False
2021-07-31 17:00:00,2021-07-31,17,6,21,21,21,21,21,0,28.5,86,1.7,0.0,1.0,191.6,False,96,1,False
2021-07-31 18:00:00,2021-07-31,18,6,23,28,21,21,23,0,28.4,87,1.0,0.0,1.5,191.6,False,96,1,False
2021-07-31 19:00:00,2021-07-31,19,6,20,20,21,21,21,0,28.0,90,0.3,0.0,1.5,191.6,False,96,1,False
2021-07-31 20:00:00,2021-07-31,20,6,21,20,20,21,21,0,27.6,92,0.8,0.0,1.5,191.6,False,96,1,False
2021-07-31 21:00:00,2021-07-31,21,6,21,21,24,25,23,0,27.6,93,1.5,0.0,1.5,191.6,False,96,1,False
2021-07-31 22:00:00,2021-07-31,22,6,21,21,21,21,21,0,27.6,94,1.0,0.0,1.5,191.6,False,96,1,False
2021-07-31 23:00:00,2021-07-31,23,6,21,21,21,21,21,0,27.6,94,1.0,0.0,1.5,191.6,False,96,1,False
2021-08-01 00:00:00,2021-08-01,0,7,21,21,21,21,21,0,27.4,94,1.3,0.0,1.5,191.6,False,97,1,False
2021-08-01 01:00:00,2021-08-01,1,7,25,26,20,21,23,0,27.2,94,1.7,0.0,1.5,191.6,False,97,1,False
2021-08-01 02:00:00,2021-08-01,2,7,21,21,21,21,21,0,25.5,93,2.1,0.0,1.5,191.6,False,97,1,False
2021-08-01 03:00:00,2021-08-01,3,7,21,20,21,21,21,0,25.2,97,0.3,0.1,1.5,191.6,False,97,1,False
2021-08-01 04:00:00,2021-08-01,4,7,21,21,20,25,22,0,24.9,98,0.4,0.1,1.5,191.6,False,97,1,False
2021-08-01 05:00:00,2021-08-01,5,7,24,21,21,21,22,0,24.8,98,0.9,0.2,1.5,191.6,False,97,1,False
2021-08-01 06:00:00,2021-08-01,6,7,20,20,21,20,20,0,26.0,98,0.6,0.2,1.5,191.6,False,97,1,False
2021-08-01 07:00:00,2021-08-01,7,7,20,20,20,21,20,0,27.9,91,1.1,0.2,1.5,191.6,False,97,1,False
2021-08-01 08:00:00,2021-08-01,8,7,21,20,22,28,23,0,29.2,82,1.4,0.2,1.5,191.6,False,97,1,False
2021-08-01 09:00:00,2021-08-01,9,7,24,21,21,21,22,0,31.0,74,1.5,0.2,1.0,191.6,False,97,1,False
2021-08-01 10:00:00,2021-08-01,10,7,21,21,20,21,21,0,31.3,68,1.2,0.2,1.0,191.6,False,97,1,False
2021-08-01 11:00:00,2021-08-01,11,7,21,21,21,21,21,0,32.6,71,2.1,0.2,1.0,191.6,False,97,1,False
2021-08-01 12:00:00,2021-08-01,12,7,21,21,23,25,23,0,31.9,71,2.4,0.2,1.0,191.6,False,97,1,False
2021-08-01 13:00:00,2021-08-01,13,7,21,21,21,21,21,0,30.0,76,2.3,0.2,1.0,191.6,False,97,1,False
2021-08-01 14:00:00,2021-08-01,14,7,21,21,21,21,21,0,28.7,87,2.1,0.2,1.0,191.6,False,97,1,False
2021-08-01 15:00:00,2021-08-01,15,7,21,21,21,23,22,0,28.7,89,1.2,0.2,1.0,191.6,False,97,1,False
2021-08-01 16:00:00,2021-08-01,16,7,21,24,25,21,23,0,28.7,88,0.9,0.2,1.0,191.6,False,97,1,False
2021-08-01 17:00:00,2021-08-01,17,7,21,20,20,21,21,0,28.5,90,1.5,0.2,1.0,191.6,False,97,1,False
2021-08-01 18:00:00,2021-08-01,18,7,20,20,20,21,20,0,28.3,91,1.5,0.2,1.5,191.6,False,97,1,False
2021-08-01 19:00:00,2021-08-01,19,7,21,21,21,22,21,0,27.2,98,1.9,5.3,1.5,191.6,False,97,1,False
2021-08-01 20:00:00,2021-08-01,20,7,26,22,21,21,23,0,26.7,98,1.5,20.2,1.5,191.6,False,97,1,False
2021-08-01 21:00:00,2021-08-01,21,7,22,22,21,21,22,0,25.9,98,1.5,20.2,1.5,191.6,False,97,1,False
2021-08-01 22:00:00,2021-08-01,22,7,21,21,21,23,22,0,26.0,98,1.8,20.2,1.5,191.6,False,97,1,False
2021-08-01 23:00:00,2021-08-01,23,7,20,21,21,24,22,0,26.3,98,1.4,20.2,1.5,191.6,False,97,1,False
2021-08-02 00:00:00,2021-08-02,0,1,23,20,20,21,21,0,26.0,98,1.3,0.0,1.5,191.6,False,98,1,False
2021-08-02 01:00:00,2021-08-02,1,1,21,21,21,21,21,0,25.9,98,1.9,0.0,1.5,191.6,False,98,1,False
2021-08-02 02:00:00,2021-08-02,2,1,21,21,21,21,21,0,25.5,98,0.3,0.0,1.5,191.6,False,98,1,False
2021-08-02 03:00:00,2021-08-02,3,1,22,26,23,21,23,0,25.5,98,0.9,0.0,1.5,191.6,False,98,1,False
2021-08-02 04:00:00,2021-08-02,4,1,21,21,21,21,21,0,25.3,98,1.2,0.0,1.5,191.6,False,98,1,False
2021-08-02 05:00:00,2021-08-02,5,1,21,21,21,21,21,0,25.4,98,1.4,0.0,1.5,191.6,False,98,1,False
2021-08-02 06:00:00,2021-08-02,6,1,21,22,20,25,22,0,26.3,98,0.7,0.0,1.5,191.6,False,98,1,False
2021-08-02 07:00:00,2021-08-02,7,1,24,20,19,19,21,0,26.7,98,1.4,0.0,1.5,191.6,False,98,1,False
2021-08-02 08:00:00,2021-08-02,8,1,20,20,20,21,20,0,28.4,95,1.3,0.0,1.5,191.6,False,98,1,False
2021-08-02 09:00:00,2021-08-02,9,1,21,21,21,21,21,0,28.5,90,0.9,0.0,1.0,191.6,False,98,1,False
2021-08-02 10:00:00,2021-08-02,10,1,21,21,21,25,22,0,31.6,71,2.0,0.0,1.0,191.6,False,98,1,False
2021-08-02 11:00:00,2021-08-02,11,1,21,20,21,21,21,0,28.8,91,1.5,4.6,1.0,191.6,False,98,1,False
2021-08-02 12:00:00,2021-08-02,12,1,21,21,21,21,21,0,27.3,94,2.0,16.7,1.0,191.6,False,98,1,False
2021-08-02 13:00:00,2021-08-02,13,1,21,21,23,21,22,0,29.9,86,0.6,16.7,1.0,191.6,False,98,1,False
2021-08-02 14:00:00,2021-08-02,14,1,23,25,22,21,23,0,31.3,70,1.5,16.7,1.0,191.6,False,98,1,False
2021-08-02 15:00:00,2021-08-02,15,1,21,21,21,21,21,0,32.0,66,3.1,16.7,1.0,191.6,False,98,1,False
2021-08-02 16:00:00,2021-08-02,16,1,21,21,21,21,21,0,31.0,70,3.8,16.7,1.0,191.6,False,98,1,False
2021-08-02 17:00:00,2021-08-02,17,1,21,21,21,24,22,0,30.1,75,3.2,16.7,1.0,191.6,False,98,1,False
2021-08-02 18:00:00,2021-08-02,18,1,26,21,21,21,22,0,29.3,78,1.3,16.7,1.5,191.6,False,98,1,False
2021-08-02 19:00:00,2021-08-02,19,1,21,21,21,21,21,0,28.4,82,1.9,16.7,1.5,191.6,False,98,1,False
2021-08-02 20:00:00,2021-08-02,20,1,21,21,24,21,22,0,27.6,82,1.1,16.7,1.5,191.6,False,98,1,False
2021-08-02 21:00:00,2021-08-02,21,1,21,22,21,24,22,0,26.9,84,0.5,16.7,1.5,191.6,False,98,1,False
2021-08-02 22:00:00,2021-08-02,22,1,24,22,20,21,22,0,26.7,81,1.2,16.7,1.5,191.6,False,98,1,False
2021-08-02 23:00:00,2021-08-02,23,1,21,21,21,21,21,0,25.6,89,0.2,16.7,1.5,191.6,False,98,1,False
2021-08-03 00:00:00,2021-08-03,0,2,21,21,21,22,21,0,25.5,87,1.1,0.0,1.5,191.6,False,99,1,False
2021-08-03 01:00:00,2021-08-03,1,2,21,25,26,21,23,0,24.6,90,0.4,0.0,1.5,191.6,False,99,1,False
2021-08-03 02:00:00,2021-08-03,2,2,20,21,21,21,21,0,23.9,96,0.2,0.0,1.5,191.6,False,99,1,False
2021-08-03 03:00:00,2021-08-03,3,2,21,21,21,22,21,0,24.3,96,1.1,0.0,1.5,191.6,False,99,1,False
2021-08-03 04:00:00,2021-08-03,4,2,20,21,21,20,21,0,23.9,98,0.7,0.0,1.5,191.6,False,99,1,False
2021-08-03 05:00:00,2021-08-03,5,2,20,24,23,20,22,0,24.1,94,1.1,0.0,1.5,191.6,False,99,1,False
2021-08-03 06:00:00,2021-08-03,6,2,21,21,21,21,21,0,25.3,91,0.1,0.0,1.5,191.6,False,99,1,False
2021-08-03 07:00:00,2021-08-03,7,2,20,21,20,20,20,0,25.7,89,0.9,0.0,1.5,191.6,False,99,1,False
2021-08-03 08:00:00,2021-08-03,8,2,20,20,22,25,22,0,26.7,82,1.0,0.0,1.5,191.6,False,99,1,False
2021-08-03 09:00:00,2021-08-03,9,2,21,20,21,21,21,0,27.1,85,1.4,0.0,1.0,191.6,False,99,1,False
2021-08-03 10:00:00,2021-08-03,10,2,21,21,21,21,21,0,27.6,87,2.3,0.0,1.0,191.6,False,99,1,False
2021-08-03 11:00:00,2021-08-03,11,2,21,24,21,21,22,0,29.5,79,1.1,0.0,1.0,191.6,False,99,1,False
2021-08-03 12:00:00,2021-08-03,12,2,21,25,23,21,23,0,30.9,68,1.0,0.0,1.0,191.6,False,99,1,False
2021-08-03 13:00:00,2021-08-03,13,2,21,21,21,21,21,0,29.9,74,1.0,0.0,1.0,191.6,False,99,1,False
2021-08-03 14:00:00,2021-08-03,14,2,21,21,21,22,21,0,28.4,84,1.3,0.7,1.0,191.6,False,99,1,False
2021-08-03 15:00:00,2021-08-03,15,2,22,22,21,26,23,0,29.5,76,2.6,0.7,1.0,191.6,False,99,1,False
2021-08-03 16:00:00,2021-08-03,16,2,24,22,21,21,22,0,29.4,73,3.0,0.7,1.0,191.6,False,99,1,False
2021-08-03 17:00:00,2021-08-03,17,2,21,21,21,21,21,0,29.0,76,1.3,0.7,1.0,191.6,False,99,1,False
2021-08-03 18:00:00,2021-08-03,18,2,21,24,21,21,22,0,28.1,83,1.2,0.7,1.5,191.6,False,99,1,False
2021-08-03 19:00:00,2021-08-03,19,2,21,21,25,24,23,0,27.4,87,0.6,0.7,1.5,191.6,False,99,1,False
2021-08-03 20:00:00,2021-08-03,20,2,20,21,21,22,21,0,27.3,86,0.6,0.7,1.5,191.6,False,99,1,False
2021-08-03 21:00:00,2021-08-03,21,2,21,22,22,21,22,0,27.3,85,1.0,0.7,1.5,191.6,False,99,1,False
2021-08-03 22:00:00,2021-08-03,22,2,21,21,21,21,21,0,25.9,92,0.4,0.7,1.5,191.6,False,99,1,False
2021-08-03 23:00:00,2021-08-03,23,2,21,26,23,21,23,0,25.6,93,0.5,0.7,1.5,191.6,False,99,1,False
2021-08-04 00:00:00,2021-08-04,0,3,21,21,21,21,21,0,25.9,93,0.9,0.0,1.5,191.6,False,100,1,False
2021-08-04 01:00:00,2021-08-04,1,3,21,21,20,21,21,0,24.7,95,0.1,0.0,1.5,191.6,False,100,1,False
2021-08-04 02:00:00,2021-08-04,2,3,20,20,20,21,20,0,24.3,93,0.6,0.0,1.5,191.6,False,100,1,False
2021-08-04 03:00:00,2021-08-04,3,3,25,22,21,21,22,0,24.4,96,0.2,0.0,1.5,191.6,False,100,1,False
2021-08-04 04:00:00,2021-08-04,4,3,21,21,21,21,21,0,24.1,98,0.3,0.0,1.5,191.6,False,100,1,False
2021-08-04 05:00:00,2021-08-04,5,3,21,20,20,21,21,0,24.3,92,1.0,0.0,1.5,191.6,False,100,1,False
2021-08-04 06:00:00,2021-08-04,6,3,21,23,26,22,23,0,26.6,83,0.4,0.0,1.5,191.6,False,100,1,False
2021-08-04 07:00:00,2021-08-04,7,3,20,21,20,20,20,0,28.0,79,0.7,0.0,1.5,191.6,False,100,1,False
2021-08-04 08:00:00,2021-08-04,8,3,20,20,21,23,21,0,29.6,67,0.9,0.0,1.5,191.6,False,100,1,False
2021-08-04 09:00:00,2021-08-04,9,3,20,20,21,21,21,0,31.3,58,1.0,0.0,1.0,191.6,False,100,1,False
2021-08-04 10:00:00,2021-08-04,10,3,20,25,22,21,22,0,32.3,53,1.7,0.0,1.0,191.6,False,100,1,False
2021-08-04 11:00:00,2021-08-04,11,3,21,21,21,21,21,0,32.9,57,1.5,0.0,1.0,191.6,False,100,1,False
2021-08-04 12:00:00,2021-08-04,12,3,21,21,21,21,21,0,32.0,67,2.3,0.0,1.0,191.6,False,100,1,False
2021-08-04 13:00:00,2021-08-04,13,3,21,21,21,25,22,0,32.6,65,1.7,0.0,1.0,191.6,False,100,1,False
2021-08-04 14:00:00,2021-08-04,14,3,24,21,21,21,22,0,31.9,59,2.1,0.0,1.0,191.6,False,100,1,False
2021-08-04 15:00:00,2021-08-04,15,3,21,21,21,24,22,0,32.0,59,1.8,0.0,1.0,191.6,False,100,1,False
2021-08-04 16:00:00,2021-08-04,16,3,21,22,21,21,21,0,31.9,55,1.6,0.0,1.0,191.6,False,100,1,False
2021-08-04 17:00:00,2021-08-04,17,3,21,21,22,26,23,0,30.5,63,1.8,0.0,1.0,191.6,False,100,1,False
2021-08-04 18:00:00,2021-08-04,18,3,22,21,21,21,21,0,29.5,65,1.1,0.0,1.5,191.6,False,100,1,False
2021-08-04 19:00:00,2021-08-04,19,3,21,21,21,21,21,0,28.3,79,1.3,0.0,1.5,191.6,False,100,1,False
2021-08-04 20:00:00,2021-08-04,20,3,21,21,21,21,21,0,27.6,87,0.4,0.0,1.5,191.6,False,100,1,False
2021-08-04 21:00:00,2021-08-04,21,3,21,23,26,21,23,0,26.6,91,0.7,0.0,1.5,191.6,False,100,1,False
2021-08-04 22:00:00,2021-08-04,22,3,21,21,21,21,21,0,26.3,91,0.1,0.0,1.5,191.6,False,100,1,False
2021-08-04 23:00:00,2021-08-04,23,3,22,20,21,20,21,0,25.9,88,0.6,0.0,1.5,191.6,False,100,1,False
2021-08-05 00:00:00,2021-08-05,0,4,21,21,21,21,21,0,25.7,90,0.7,0.0,1.5,191.6,False,101,1,False
2021-08-05 01:00:00,2021-08-05,1,4,25,23,20,21,22,0,25.6,89,1.7,0.0,1.5,191.6,False,101,1,False
2021-08-05 02:00:00,2021-08-05,2,4,21,21,21,21,21,0,25.1,90,1.2,0.0,1.5,191.6,False,101,1,False
2021-08-05 03:00:00,2021-08-05,3,4,21,21,21,21,21,0,24.9,93,1.0,0.0,1.5,191.6,False,101,1,False
2021-08-05 04:00:00,2021-08-05,4,4,21,20,20,25,22,0,24.4,93,0.1,0.0,1.5,191.6,False,101,1,False
2021-08-05 05:00:00,2021-08-05,5,4,22,20,21,21,21,0,24.5,93,1.7,0.0,1.5,191.6,False,101,1,False
2021-08-05 06:00:00,2021-08-05,6,4,21,21,22,21,21,0,27.1,87,0.6,0.0,1.5,191.6,False,101,1,False
2021-08-05 07:00:00,2021-08-05,7,4,20,20,20,20,20,0,28.4,81,0.9,0.0,1.5,191.6,False,101,1,False
2021-08-05 08:00:00,2021-08-05,8,4,20,24,23,20,22,0,30.4,72,1.0,0.0,1.5,191.6,False,101,1,False
2021-08-05 09:00:00,2021-08-05,9,4,20,21,21,21,21,0,31.3,62,2.4,0.0,1.0,191.6,False,101,1,False
2021-08-05 10:00:00,2021-08-05,10,4,21,21,21,20,21,0,32.3,62,1.9,0.0,1.0,191.6,False,101,1,False
2021-08-05 11:00:00,2021-08-05,11,4,21,21,22,25,22,0,32.3,63,1.6,0.0,1.0,191.6,False,101,1,False
2021-08-05 12:00:00,2021-08-05,12,4,24,21,21,21,22,0,32.8,63,2.1,0.0,1.0,191.6,False,101,1,False
2021-08-05 13:00:00,2021-08-05,13,4,21,21,21,24,22,0,32.3,63,2.5,0.0,1.0,191.6,False,101,1,False
2021-08-05 14:00:00,2021-08-05,14,4,21,21,21,22,21,0,33.3,57,1.9,0.0,1.0,191.6,False,101,1,False
2021-08-05 15:00:00,2021-08-05,15,4,22,21,23,25,23,0,32.6,62,2.1,0.0,1.0,191.6,False,101,1,False
2021-08-05 16:00:00,2021-08-05,16,4,21,22,21,22,22,0,31.8,59,2.1,0.0,1.0,191.6,False,101,1,False
2021-08-05 17:00:00,2021-08-05,17,4,21,22,22,21,22,0,31.5,59,1.4,0.0,1.0,191.6,False,101,1,False
2021-08-05 18:00:00,2021-08-05,18,4,21,21,21,21,21,0,30.0,62,1.4,0.0,1.5,191.6,False,101,1,False
2021-08-05 19:00:00,2021-08-05,19,4,22,25,21,20,22,0,29.5,68,1.2,0.0,1.5,191.6,False,101,1,False
2021-08-05 20:00:00,2021-08-05,20,4,21,20,20,22,21,0,29.0,68,0.9,0.0,1.5,191.6,False,101,1,False
2021-08-05 21:00:00,2021-08-05,21,4,21,22,21,21,21,0,27.8,77,0.7,0.0,1.5,191.6,False,101,1,False
2021-08-05 22:00:00,2021-08-05,22,4,21,21,21,23,22,0,26.8,84,0.3,0.0,1.5,191.6,False,101,1,False
2021-08-05 23:00:00,2021-08-05,23,4,26,22,21,21,23,0,26.6,84,1.6,0.0,1.5,191.6,False,101,1,False
2021-08-06 00:00:00,2021-08-06,0,5,21,21,20,21,21,0,25.6,86,0.8,0.0,1.5,191.6,False,102,1,False
2021-08-06 01:00:00,2021-08-06,1,5,21,21,21,21,21,0,25.6,86,1.1,0.0,1.5,191.6,False,102,1,False
2021-08-06 02:00:00,2021-08-06,2,5,20,21,20,20,20,0,25.0,91,0.5,0.0,1.5,191.6,False,102,1,False
2021-08-06 03:00:00,2021-08-06,3,5,25,22,21,21,22,0,25.4,92,1.4,0.0,1.5,191.6,False,102,1,False
2021-08-06 04:00:00,2021-08-06,4,5,21,23,21,21,22,0,24.8,95,1.1,0.0,1.5,191.6,False,102,1,False
2021-08-06 05:00:00,2021-08-06,5,5,21,20,21,21,21,0,24.9,96,1.1,0.0,1.5,191.6,False,102,1,False
2021-08-06 06:00:00,2021-08-06,6,5,19,20,22,25,22,0,26.7,87,1.5,0.0,1.5,191.6,False,102,1,False
2021-08-06 07:00:00,2021-08-06,7,5,20,20,20,21,20,0,28.5,78,2.1,0.0,1.5,191.6,False,102,1,False
2021-08-06 08:00:00,2021-08-06,8,5,20,20,20,21,20,0,30.7,69,1.5,0.0,1.5,191.6,False,102,1,False
2021-08-06 09:00:00,2021-08-06,9,5,21,21,21,21,21,0,31.8,62,2.9,0.0,1.0,191.6,False,102,1,False
2021-08-06 10:00:00,2021-08-06,10,5,24,25,22,23,24,0,32.7,60,2.1,0.0,1.0,191.6,False,102,1,False
2021-08-06 11:00:00,2021-08-06,11,5,23,23,25,24,24,0,32.7,59,2.6,0.0,1.0,191.6,False,102,1,False
2021-08-06 12:00:00,2021-08-06,12,5,24,23,24,23,24,0,32.7,58,3.4,0.0,1.0,191.6,False,102,1,False
2021-08-06 13:00:00,2021-08-06,13,5,23,23,23,24,23,0,32.9,59,2.9,0.0,1.0,191.6,False,102,1,False
2021-08-06 14:00:00,2021-08-06,14,5,27,24,22,21,24,0,32.2,59,3.0,0.0,1.0,191.6,False,102,1,False
2021-08-06 15:00:00,2021-08-06,15,5,21,22,21,22,22,0,32.0,59,3.3,0.0,1.0,191.6,False,102,1,False
2021-08-06 16:00:00,2021-08-06,16,5,21,22,22,22,22,0,31.3,66,2.9,0.0,1.0,191.6,False,102,1,False
2021-08-06 17:00:00,2021-08-06,17,5,22,22,25,24,23,0,31.4,68,1.6,0.0,1.0,191.6,False,102,1,False
2021-08-06 18:00:00,2021-08-06,18,5,22,21,22,22,22,0,29.7,78,1.3,0.0,1.5,191.6,False,102,1,False
2021-08-06 19:00:00,2021-08-06,19,5,21,21,21,21,21,0,28.6,85,0.7,0.0,1.5,191.6,False,102,1,False
2021-08-06 20:00:00,2021-08-06,20,5,21,21,20,21,21,0,27.9,90,1.0,0.0,1.5,191.6,False,102,1,False
2021-08-06 21:00:00,2021-08-06,21,5,24,26,21,21,23,0,27.4,94,0.7,0.0,1.5,191.6,False,102,1,False
2021-08-06 22:00:00,2021-08-06,22,5,21,21,21,21,21,0,27.4,94,1.4,0.0,1.5,191.6,False,102,1,False
2021-08-06 23:00:00,2021-08-06,23,5,21,21,21,21,21,0,26.7,92,1.9,0.0,1.5,191.6,False,102,1,False
2021-08-07 00:00:00,2021-08-07,0,6,21,21,21,24,22,0,26.2,91,1.0,0.0,1.5,191.6,False,103,1,False
2021-08-07 01:00:00,2021-08-07,1,6,25,22,21,21,22,0,25.8,97,1.9,0.0,1.5,191.6,False,103,1,False
2021-08-07 02:00:00,2021-08-07,2,6,21,20,21,20,21,0,25.9,98,2.5,0.0,1.5,191.6,False,103,1,False
2021-08-07 03:00:00,2021-08-07,3,6,21,20,20,21,21,0,26.1,98,2.0,0.0,1.5,191.6,False,103,1,False
2021-08-07 04:00:00,2021-08-07,4,6,21,21,21,21,21,0,25.9,98,0.5,0.0,1.5,191.6,False,103,1,False
2021-08-07 05:00:00,2021-08-07,5,6,24,22,21,21,22,0,26.1,98,1.7,0.0,1.5,191.6,False,103,1,False
2021-08-07 06:00:00,2021-08-07,6,6,21,21,21,21,21,0,26.6,96,0.6,0.0,1.5,191.6,False,103,1,False
2021-08-07 07:00:00,2021-08-07,7,6,21,20,20,21,21,0,28.1,88,1.3,0.0,1.5,191.6,False,103,1,False
2021-08-07 08:00:00,2021-08-07,8,6,20,20,22,25,22,0,30.2,81,1.3,0.0,1.5,191.6,False,103,1,False
2021-08-07 09:00:00,2021-08-07,9,6,24,21,21,21,22,0,30.6,77,0.9,0.0,1.0,191.6,False,103,1,False
2021-08-07 10:00:00,2021-08-07,10,6,21,21,20,21,21,0,31.9,62,1.5,0.0,1.0,191.6,False,103,1,False
2021-08-07 11:00:00,2021-08-07,11,6,21,21,20,21,21,0,33.4,52,2.1,0.0,1.0,191.6,False,103,1,False
2021-08-07 12:00:00,2021-08-07,12,6,21,23,26,22,23,0,32.9,55,2.1,0.0,1.0,191.6,False,103,1,False
2021-08-07 13:00:00,2021-08-07,13,6,21,21,21,20,21,0,32.9,59,2.0,0.0,1.0,191.6,False,103,1,False
2021-08-07 14:00:00,2021-08-07,14,6,21,21,21,21,21,0,32.3,66,2.5,0.0,1.0,191.6,False,103,1,False
2021-08-07 15:00:00,2021-08-07,15,6,22,21,21,21,21,0,31.6,68,1.9,0.0,1.0,191.6,False,103,1,False
2021-08-07 16:00:00,2021-08-07,16,6,24,25,24,21,24,0,31.4,65,2.1,0.0,1.0,191.6,False,103,1,False
2021-08-07 17:00:00,2021-08-07,17,6,21,21,21,21,21,0,29.7,76,3.0,0.0,1.0,191.6,False,103,1,False
2021-08-07 18:00:00,2021-08-07,18,6,21,21,21,21,21,0,28.6,86,3.1,0.0,1.5,191.6,False,103,1,False
2021-08-07 19:00:00,2021-08-07,19,6,21,21,21,24,22,0,28.2,89,1.1,0.0,1.5,191.6,False,103,1,False
2021-08-07 20:00:00,2021-08-07,20,6,26,21,21,22,23,0,28.2,89,1.4,0.0,1.5,191.6,False,103,1,False
2021-08-07 21:00:00,2021-08-07,21,6,22,22,21,22,22,0,28.0,88,0.9,0.0,1.5,191.6,False,103,1,False
2021-08-07 22:00:00,2021-08-07,22,6,21,21,21,21,21,0,26.8,95,1.3,0.3,1.5,191.6,False,103,1,False
2021-08-07 23:00:00,2021-08-07,23,6,23,21,23,25,23,0,26.2,98,0.8,1.1,1.5,191.6,False,103,1,False
2021-08-08 00:00:00,2021-08-08,0,7,21,21,21,21,21,0,25.1,98,1.6,1.1,1.5,191.6,False,104,1,False
2021-08-08 01:00:00,2021-08-08,1,7,21,21,21,21,21,0,24.1,98,1.5,5.2,1.5,191.6,False,104,1,False
2021-08-08 02:00:00,2021-08-08,2,7,21,21,21,21,21,0,23.9,98,2.6,7.3,1.5,191.6,False,104,1,False
2021-08-08 03:00:00,2021-08-08,3,7,21,24,24,21,23,0,23.5,98,1.7,7.9,1.5,191.6,False,104,1,False
2021-08-08 04:00:00,2021-08-08,4,7,21,21,21,21,21,0,23.2,98,0.3,7.9,1.5,191.6,False,104,1,False
2021-08-08 05:00:00,2021-08-08,5,7,21,20,20,21,21,0,23.5,98,2.1,7.9,1.5,191.6,False,104,1,False
2021-08-08 06:00:00,2021-08-08,6,7,21,23,20,21,21,0,24.6,98,1.9,7.9,1.5,191.6,False,104,1,False
2021-08-08 07:00:00,2021-08-08,7,7,25,22,20,20,22,0,25.9,92,1.2,7.9,1.5,191.6,False,104,1,False
2021-08-08 08:00:00,2021-08-08,8,7,20,20,21,21,21,0,26.4,92,1.4,7.9,1.5,191.6,False,104,1,False
2021-08-08 09:00:00,2021-08-08,9,7,21,21,21,21,21,0,27.6,88,2.2,7.9,1.0,191.6,False,104,1,False
2021-08-08 10:00:00,2021-08-08,10,7,21,21,23,25,23,0,28.0,84,2.1,7.9,1.0,191.6,False,104,1,False
2021-08-08 11:00:00,2021-08-08,11,7,21,21,21,21,21,0,27.2,89,1.8,8.0,1.0,191.6,False,104,1,False
2021-08-08 12:00:00,2021-08-08,12,7,21,21,21,20,21,0,23.1,97,2.4,22.9,1.0,191.6,False,104,1,False
2021-08-08 13:00:00,2021-08-08,13,7,20,23,20,21,21,0,23.8,98,2.2,23.4,1.0,191.6,False,104,1,False
2021-08-08 14:00:00,2021-08-08,14,7,20,25,22,21,22,0,23.9,98,1.6,23.7,1.0,191.6,False,104,1,False
2021-08-08 15:00:00,2021-08-08,15,7,20,20,21,21,21,0,24.1,98,2.0,24.2,1.0,191.6,False,104,1,False
2021-08-08 16:00:00,2021-08-08,16,7,21,21,20,21,21,0,24.2,98,1.4,24.6,1.0,191.6,False,104,1,False
2021-08-08 17:00:00,2021-08-08,17,7,21,21,22,25,22,0,24.8,98,2.0,24.8,1.0,191.6,False,104,1,False
2021-08-08 18:00:00,2021-08-08,18,7,24,21,21,21,22,0,24.4,98,1.9,24.8,1.5,191.6,False,104,1,False
2021-08-08 19:00:00,2021-08-08,19,7,21,21,21,21,21,0,23.9,98,1.7,25.7,1.5,191.6,False,104,1,False
2021-08-08 20:00:00,2021-08-08,20,7,21,22,20,21,21,0,23.2,98,2.3,28.0,1.5,191.6,False,104,1,False
2021-08-08 21:00:00,2021-08-08,21,7,21,21,21,26,22,0,22.7,98,2.4,29.5,1.5,191.6,False,104,1,False
2021-08-08 22:00:00,2021-08-08,22,7,22,21,21,21,21,0,23.3,98,2.5,34.7,1.5,191.6,False,104,1,False
2021-08-08 23:00:00,2021-08-08,23,7,20,21,21,21,21,0,23.1,98,2.8,37.2,1.5,191.6,False,104,1,False
2021-08-09 00:00:00,2021-08-09,0,1,21,21,21,21,21,0,23.3,98,3.3,5.2,1.5,191.6,False,105,1,False
2021-08-09 01:00:00,2021-08-09,1,1,21,25,24,21,23,0,23.6,98,3.3,7.1,1.5,191.6,False,105,1,False
2021-08-09 02:00:00,2021-08-09,2,1,21,20,20,20,20,0,23.4,98,4.5,7.6,1.5,191.6,False,105,1,False
2021-08-09 03:00:00,2021-08-09,3,1,21,21,21,23,22,0,22.7,98,4.5,8.3,1.5,191.6,False,105,1,False
2021-08-09 04:00:00,2021-08-09,4,1,20,21,21,22,21,0,22.7,96,4.3,8.5,1.5,191.6,False,105,1,False
2021-08-09 05:00:00,2021-08-09,5,1,25,20,19,20,21,0,22.7,96,4.1,8.8,1.5,191.6,False,105,1,False
2021-08-09 06:00:00,2021-08-09,6,1,20,20,20,20,20,0,22.6,97,4.1,9.0,1.5,191.6,False,105,1,False
2021-08-09 07:00:00,2021-08-09,7,1,27,48,92,112,70,10,22.5,98,3.3,9.7,1.5,191.6,False,105,1,False
2021-08-09 08:00:00,2021-08-09,8,1,158,191,215,208,193,749,23.6,93,2.6,9.7,1.5,191.6,False,105,1,False
2021-08-09 09:00:00,2021-08-09,9,1,197,186,185,195,191,773,25.0,85,2.7,9.7,1.0,191.6,False,105,1,False
2021-08-09 10:00:00,2021-08-09,10,1,167,201,186,173,182,408,26.5,75,2.6,9.7,1.0,191.6,False,105,1,False
2021-08-09 11:00:00,2021-08-09,11,1,192,190,184,183,187,1431,26.5,76,1.8,9.7,1.0,191.6,False,105,1,False
2021-08-09 12:00:00,2021-08-09,12,1,144,123,124,126,129,120,28.2,69,3.1,9.7,1.0,191.6,False,105,1,False
2021-08-09 13:00:00,2021-08-09,13,1,160,178,190,200,182,7569,29.2,64,2.8,9.7,1.0,191.6,False,105,1,False
2021-08-09 14:00:00,2021-08-09,14,1,191,178,186,175,183,3753,28.2,70,2.1,9.7,1.0,191.6,False,105,1,False
2021-08-09 15:00:00,2021-08-09,15,1,149,158,176,183,167,1087,28.7,69,3.5,9.7,1.0,191.6,False,105,1,False
2021-08-09 16:00:00,2021-08-09,16,1,191,190,183,173,184,1416,28.1,69,2.9,9.7,1.0,191.6,False,105,1,False
2021-08-09 17:00:00,2021-08-09,17,1,169,160,139,117,146,3120,27.5,73,2.6,9.7,1.0,191.6,False,105,1,False
2021-08-09 18:00:00,2021-08-09,18,1,103,100,96,94,98,0,26.1,79,1.4,9.7,1.5,191.6,False,105,1,False
2021-08-09 19:00:00,2021-08-09,19,1,95,94,93,90,93,0,25.4,83,1.3,9.7,1.5,191.6,False,105,1,False
2021-08-09 20:00:00,2021-08-09,20,1,100,112,110,113,109,36,24.8,83,1.0,9.7,1.5,191.6,False,105,1,False
2021-08-09 21:00:00,2021-08-09,21,1,116,119,111,115,115,114,23.3,94,2.2,9.8,1.5,191.6,False,105,1,False
2021-08-09 22:00:00,2021-08-09,22,1,106,108,108,112,109,63,22.0,98,1.3,18.0,1.5,191.6,False,105,1,False
2021-08-09 23:00:00,2021-08-09,23,1,108,104,103,76,98,40,22.0,98,0.7,19.8,1.5,191.6,False,105,1,False
2021-08-10 00:00:00,2021-08-10,0,2,71,68,67,67,68,0,22.1,98,1.1,0.3,1.5,191.6,False,106,1,False
2021-08-10 01:00:00,2021-08-10,1,2,104,101,98,93,99,30,22.1,98,1.7,0.3,1.5,191.6,False,106,1,False
2021-08-10 02:00:00,2021-08-10,2,2,96,95,94,97,96,435,21.9,98,1.3,0.3,1.5,191.6,False,106,1,False
2021-08-10 03:00:00,2021-08-10,3,2,86,101,104,99,98,18,22.0,98,0.6,0.3,1.5,191.6,False,106,1,False
2021-08-10 04:00:00,2021-08-10,4,2,103,103,101,98,101,88,22.0,98,2.3,0.3,1.5,191.6,False,106,1,False
2021-08-10 05:00:00,2021-08-10,5,2,78,72,91,99,85,10,21.9,98,2.4,0.3,1.5,191.6,False,106,1,False
2021-08-10 06:00:00,2021-08-10,6,2,96,101,97,105,100,194,21.8,98,1.8,0.3,1.5,191.6,False,106,1,False
2021-08-10 07:00:00,2021-08-10,7,2,115,126,138,132,128,1883,22.5,98,0.9,0.3,1.5,191.6,False,106,1,False
2021-08-10 08:00:00,2021-08-10,8,2,158,189,195,190,183,503,23.2,96,0.7,0.3,1.5,191.6,False,106,1,False
2021-08-10 09:00:00,2021-08-10,9,2,182,174,193,190,185,1091,23.9,93,1.1,0.4,1.0,191.6,False,106,1,False
2021-08-10 10:00:00,2021-08-10,10,2,142,180,192,186,175,1629,25.0,98,0.7,1.6,1.0,191.6,False,106,1,False
2021-08-10 11:00:00,2021-08-10,11,2,180,191,183,185,185,1421,26.3,81,1.5,1.6,1.0,191.6,False,106,1,False
2021-08-10 12:00:00,2021-08-10,12,2,119,100,100,110,107,0,26.9,81,1.7,1.6,1.0,191.6,False,106,1,False
2021-08-10 13:00:00,2021-08-10,13,2,161,187,187,190,181,1199,26.5,77,1.9,1.6,1.0,191.6,False,106,1,False
2021-08-10 14:00:00,2021-08-10,14,2,180,172,164,165,170,1693,25.5,84,2.1,1.6,1.0,191.6,False,106,1,False
2021-08-10 15:00:00,2021-08-10,15,2,133,138,167,181,155,687,25.4,87,2.3,1.6,1.0,191.6,False,106,1,False
2021-08-10 16:00:00,2021-08-10,16,2,178,182,155,161,169,662,25.4,85,1.0,1.6,1.0,191.6,False,106,1,False
2021-08-10 17:00:00,2021-08-10,17,2,116,98,132,156,126,518,24.9,89,1.2,1.7,1.0,191.6,False,106,1,False
2021-08-10 18:00:00,2021-08-10,18,2,162,166,164,168,165,3333,24.5,94,0.5,1.7,1.5,191.6,False,106,1,False
2021-08-10 19:00:00,2021-08-10,19,2,161,163,161,139,156,1764,24.1,97,0.5,1.7,1.5,191.6,False,106,1,False
2021-08-10 20:00:00,2021-08-10,20,2,117,135,131,133,129,113,23.9,97,1.1,1.7,1.5,191.6,False,106,1,False
2021-08-10 21:00:00,2021-08-10,21,2,127,121,120,122,123,149,23.9,97,0.6,1.7,1.5,191.6,False,106,1,False
2021-08-10 22:00:00,2021-08-10,22,2,99,114,104,106,106,5,24.1,96,2.0,1.7,1.5,191.6,False,106,1,False
2021-08-10 23:00:00,2021-08-10,23,2,103,101,109,84,99,0,23.5,97,1.1,1.7,1.5,191.6,False,106,1,False
2021-08-11 00:00:00,2021-08-11,0,3,81,83,76,66,77,0,23.2,98,0.9,0.0,1.5,191.6,False,107,1,False
2021-08-11 01:00:00,2021-08-11,1,3,102,108,96,90,99,54,23.4,98,1.9,0.0,1.5,191.6,False,107,1,False
2021-08-11 02:00:00,2021-08-11,2,3,101,114,109,110,109,55,23.1,98,1.3,0.0,1.5,191.6,False,107,1,False
2021-08-11 03:00:00,2021-08-11,3,3,97,113,102,105,104,6,22.7,98,0.7,0.0,1.5,191.6,False,107,1,False
2021-08-11 04:00:00,2021-08-11,4,3,105,111,116,113,111,78,22.7,98,1.5,0.0,1.5,191.6,False,107,1,False
2021-08-11 05:00:00,2021-08-11,5,3,91,78,92,105,92,900,22.5,98,1.2,0.0,1.5,191.6,False,107,1,False
2021-08-11 06:00:00,2021-08-11,6,3,118,115,124,129,122,69,23.3,98,1.0,0.0,1.5,191.6,False,107,1,False
2021-08-11 07:00:00,2021-08-11,7,3,116,121,142,150,132,527,26.1,94,0.6,0.0,1.5,191.6,False,107,1,False
2021-08-11 08:00:00,2021-08-11,8,3,176,206,218,212,203,783,25.6,94,1.6,0.0,1.5,191.6,False,107,1,False
2021-08-11 09:00:00,2021-08-11,9,3,185,171,169,189,179,885,27.3,79,0.9,0.0,1.0,191.6,False,107,1,False
2021-08-11 10:00:00,2021-08-11,10,3,165,192,192,183,183,4050,28.6,66,0.5,0.0,1.0,191.6,False,107,1,False
2021-08-11 11:00:00,2021-08-11,11,3,176,178,190,192,184,1856,27.6,79,1.6,0.0,1.0,191.6,False,107,1,False
2021-08-11 12:00:00,2021-08-11,12,3,132,106,108,107,113,187,29.4,67,2.0,0.0,1.0,191.6,False,107,1,False
2021-08-11 13:00:00,2021-08-11,13,3,159,171,195,205,183,500,28.7,76,2.4,0.0,1.0,191.6,False,107,1,False
2021-08-11 14:00:00,2021-08-11,14,3,207,187,178,177,187,979,28.4,80,2.3,0.0,1.0,191.6,False,107,1,False
2021-08-11 15:00:00,2021-08-11,15,3,131,139,177,164,153,1734,28.7,73,2.6,0.0,1.0,191.6,False,107,1,False
2021-08-11 16:00:00,2021-08-11,16,3,185,170,185,187,182,330,27.0,76,2.2,0.0,1.0,191.6,False,107,1,False
2021-08-11 17:00:00,2021-08-11,17,3,141,117,168,177,151,251,25.7,77,1.9,0.0,1.0,191.6,False,107,1,False
2021-08-11 18:00:00,2021-08-11,18,3,194,180,172,172,180,2420,25.2,78,2.8,0.0,1.5,191.6,False,107,1,False
2021-08-11 19:00:00,2021-08-11,19,3,163,155,146,137,150,3724,24.4,88,1.9,0.0,1.5,191.6,False,107,1,False
2021-08-11 20:00:00,2021-08-11,20,3,123,127,128,121,125,6,23.9,87,1.2,0.0,1.5,191.6,False,107,1,False
2021-08-11 21:00:00,2021-08-11,21,3,115,100,103,115,108,69,23.1,88,0.7,0.0,1.5,191.6,False,107,1,False
2021-08-11 22:00:00,2021-08-11,22,3,108,116,112,104,110,98,23.2,91,1.2,0.0,1.5,191.6,False,107,1,False
2021-08-11 23:00:00,2021-08-11,23,3,104,100,109,84,99,26,22.6,93,1.2,0.0,1.5,191.6,False,107,1,False
2021-08-12 00:00:00,2021-08-12,0,4,81,78,75,69,76,0,21.9,96,1.2,0.0,1.5,191.6,False,108,1,False
2021-08-12 01:00:00,2021-08-12,1,4,93,100,111,115,105,139,21.8,97,1.5,0.0,1.5,191.6,False,108,1,False
2021-08-12 02:00:00,2021-08-12,2,4,107,110,110,103,108,108,21.4,98,1.1,0.0,1.5,191.6,False,108,1,False
2021-08-12 03:00:00,2021-08-12,3,4,87,110,108,110,104,191,20.9,98,0.7,0.0,1.5,191.6,False,108,1,False
2021-08-12 04:00:00,2021-08-12,4,4,114,111,109,95,107,108,21.4,98,0.5,0.0,1.5,191.6,False,108,1,False
2021-08-12 05:00:00,2021-08-12,5,4,77,75,100,103,89,459,21.5,98,0.4,0.0,1.5,191.6,False,108,1,False
2021-08-12 06:00:00,2021-08-12,6,4,114,117,112,114,114,300,22.4,98,1.4,0.0,1.5,191.6,False,108,1,False
2021-08-12 07:00:00,2021-08-12,7,4,114,113,143,149,130,702,23.6,95,1.1,0.0,1.5,191.6,False,108,1,False
2021-08-12 08:00:00,2021-08-12,8,4,164,194,194,196,187,1250,25.3,90,1.0,0.0,1.5,191.6,False,108,1,False
2021-08-12 09:00:00,2021-08-12,9,4,189,183,180,170,181,1195,28.1,74,1.6,0.0,1.0,191.6,False,108,1,False
2021-08-12 10:00:00,2021-08-12,10,4,158,186,179,184,177,990,28.8,66,2.8,0.0,1.0,191.6,False,108,1,False
2021-08-12 11:00:00,2021-08-12,11,4,176,179,196,199,188,1075,28.2,73,2.6,0.0,1.0,191.6,False,108,1,False
2021-08-12 12:00:00,2021-08-12,12,4,133,116,118,111,120,85,27.6,75,3.0,0.0,1.0,191.6,False,108,1,False
2021-08-12 13:00:00,2021-08-12,13,4,153,150,186,191,170,1315,28.2,73,2.9,0.0,1.0,191.6,False,108,1,False
2021-08-12 14:00:00,2021-08-12,14,4,189,173,193,182,184,1222,28.0,76,3.8,0.0,1.0,191.6,False,108,1,False
2021-08-12 15:00:00,2021-08-12,15,4,132,147,185,197,165,768,27.1,79,2.1,0.0,1.0,191.6,False,108,1,False
2021-08-12 16:00:00,2021-08-12,16,4,172,165,176,166,170,6810,26.7,81,2.0,0.0,1.0,191.6,False,108,1,False
2021-08-12 17:00:00,2021-08-12,17,4,127,106,148,160,135,635,26.1,84,1.3,0.0,1.0,191.6,False,108,1,False
2021-08-12 18:00:00,2021-08-12,18,4,173,175,177,161,172,1081,25.8,85,1.2,0.0,1.5,191.6,False,108,1,False
2021-08-12 19:00:00,2021-08-12,19,4,169,182,157,136,161,3692,25.4,88,1.1,0.0,1.5,191.6,False,108,1,False
2021-08-12 20:00:00,2021-08-12,20,4,120,124,127,127,125,114,24.3,98,1.5,0.8,1.5,191.6,False,108,1,False
2021-08-12 21:00:00,2021-08-12,21,4,110,113,114,110,112,0,24.2,98,0.9,1.3,1.5,191.6,False,108,1,False
2021-08-12 22:00:00,2021-08-12,22,4,109,110,121,122,116,0,24.1,98,0.7,1.3,1.5,191.6,False,108,1,False
2021-08-12 23:00:00,2021-08-12,23,4,118,105,106,83,103,100,23.9,98,0.9,1.4,1.5,191.6,False,108,1,False
2021-08-13 00:00:00,2021-08-13,0,5,79,72,69,67,72,137,23.9,98,1.2,0.0,1.5,191.6,False,109,1,False
2021-08-13 01:00:00,2021-08-13,1,5,90,99,104,105,100,45,23.7,98,1.1,0.0,1.5,191.6,False,109,1,False
2021-08-13 02:00:00,2021-08-13,2,5,109,117,107,115,112,100,23.7,98,1.2,0.0,1.5,191.6,False,109,1,False
2021-08-13 03:00:00,2021-08-13,3,5,114,116,120,112,116,190,23.3,98,1.3,0.2,1.5,191.6,False,109,1,False
2021-08-13 04:00:00,2021-08-13,4,5,116,107,105,110,110,97,23.4,98,1.1,0.2,1.5,191.6,False,109,1,False
2021-08-13 05:00:00,2021-08-13,5,5,79,70,96,108,88,0,23.1,98,1.9,0.2,1.5,191.6,False,109,1,False
2021-08-13 06:00:00,2021-08-13,6,5,115,116,107,103,110,831,23.2,98,1.9,0.2,1.5,191.6,False,109,1,False
2021-08-13 07:00:00,2021-08-13,7,5,108,122,147,166,136,352,23.9,98,1.7,0.2,1.5,191.6,False,109,1,False
2021-08-13 08:00:00,2021-08-13,8,5,188,201,207,187,196,1107,24.9,92,2.8,0.2,1.5,191.6,False,109,1,False
2021-08-13 09:00:00,2021-08-13,9,5,184,191,188,188,188,1246,25.7,88,1.7,0.2,1.0,191.6,False,109,1,False
2021-08-13 10:00:00,2021-08-13,10,5,151,201,195,187,184,1023,23.6,96,1.4,3.5,1.0,191.6,False,109,1,False
2021-08-13 11:00:00,2021-08-13,11,5,185,191,203,204,196,1809,25.1,91,2.0,3.5,1.0,191.6,False,109,1,False
2021-08-13 12:00:00,2021-08-13,12,5,134,103,102,103,111,30,25.7,87,2.3,3.5,1.0,191.6,False,109,1,False
2021-08-13 13:00:00,2021-08-13,13,5,162,195,194,182,183,1393,25.9,82,3.2,3.5,1.0,191.6,False,109,1,False
2021-08-13 14:00:00,2021-08-13,14,5,200,192,177,188,189,1512,26.4,80,3.2,3.5,1.0,191.6,False,109,1,False
2021-08-13 15:00:00,2021-08-13,15,5,140,149,184,195,167,1316,26.2,81,3.3,3.5,1.0,191.6,False,109,1,False
2021-08-13 16:00:00,2021-08-13,16,5,186,186,180,179,183,1055,25.5,84,1.9,3.5,1.0,191.6,False,109,1,False
2021-08-13 17:00:00,2021-08-13,17,5,131,123,165,176,149,770,25.2,86,1.2,3.5,1.0,191.6,False,109,1,False
2021-08-13 18:00:00,2021-08-13,18,5,172,176,177,172,174,1523,24.7,86,1.7,3.5,1.5,191.6,False,109,1,False
2021-08-13 19:00:00,2021-08-13,19,5,168,151,144,120,146,2206,24.7,87,2.2,3.5,1.5,191.6,False,109,1,False
2021-08-13 20:00:00,2021-08-13,20,5,106,113,122,125,117,0,24.8,88,1.4,3.5,1.5,191.6,False,109,1,False
2021-08-13 21:00:00,2021-08-13,21,5,119,112,109,111,113,55,24.6,89,1.2,3.5,1.5,191.6,False,109,1,False
2021-08-13 22:00:00,2021-08-13,22,5,100,100,116,118,109,832,24.3,90,1.3,3.5,1.5,191.6,False,109,1,False
2021-08-13 23:00:00,2021-08-13,23,5,116,108,92,71,97,39,24.0,91,1.9,3.5,1.5,191.6,False,109,1,False
2021-08-14 00:00:00,2021-08-14,0,6,67,61,61,59,62,0,24.0,91,1.4,0.0,1.5,191.6,False,110,1,False
2021-08-14 01:00:00,2021-08-14,1,6,83,95,106,104,97,237,24.3,90,1.6,0.0,1.5,191.6,False,110,1,False
2021-08-14 02:00:00,2021-08-14,2,6,108,108,108,104,107,61,24.2,91,1.8,0.0,1.5,191.6,False,110,1,False
2021-08-14 03:00:00,2021-08-14,3,6,89,86,90,98,91,61,23.3,98,1.8,0.6,1.5,191.6,False,110,1,False
2021-08-14 04:00:00,2021-08-14,4,6,100,96,98,97,98,40,23.2,97,2.0,1.0,1.5,191.6,False,110,1,False
2021-08-14 05:00:00,2021-08-14,5,6,80,76,86,91,83,198,23.2,97,1.7,1.1,1.5,191.6,False,110,1,False
2021-08-14 06:00:00,2021-08-14,6,6,91,89,82,81,86,136,22.6,98,1.7,3.7,1.5,191.6,False,110,1,False
2021-08-14 07:00:00,2021-08-14,7,6,75,66,42,30,53,796,22.2,98,1.5,12.8,1.5,191.6,False,110,1,False
2021-08-14 08:00:00,2021-08-14,8,6,26,22,21,21,23,0,22.2,98,2.0,16.1,1.5,191.6,False,110,1,False
2021-08-14 09:00:00,2021-08-14,9,6,22,21,21,23,22,0,22.1,98,2.0,20.1,1.0,191.6,False,110,1,False
2021-08-14 10:00:00,2021-08-14,10,6,21,21,21,20,21,0,22.9,98,2.8,23.7,1.0,191.6,False,110,1,False
2021-08-14 11:00:00,2021-08-14,11,6,20,21,24,26,23,0,22.9,97,2.4,24.1,1.0,191.6,False,110,1,False
2021-08-14 12:00:00,2021-08-14,12,6,23,22,22,21,22,0,22.7,96,2.7,25.7,1.0,191.6,False,110,1,False
2021-08-14 13:00:00,2021-08-14,13,6,20,21,21,21,21,0,23.7,94,2.3,26.1,1.0,191.6,False,110,1,False
2021-08-14 14:00:00,2021-08-14,14,6,21,21,22,22,22,0,24.2,86,2.2,26.1,1.0,191.6,False,110,1,False
2021-08-14 15:00:00,2021-08-14,15,6,22,22,26,23,23,0,24.8,85,2.1,26.1,1.0,191.6,False,110,1,False
2021-08-14 16:00:00,2021-08-14,16,6,22,21,22,22,22,0,25.5,81,1.8,26.1,1.0,191.6,False,110,1,False
2021-08-14 17:00:00,2021-08-14,17,6,22,21,20,22,21,0,24.5,84,2.4,26.1,1.0,191.6,False,110,1,False
2021-08-14 18:00:00,2021-08-14,18,6,24,21,21,21,22,0,24.1,88,1.9,26.1,1.5,191.6,False,110,1,False
2021-08-14 19:00:00,2021-08-14,19,6,26,22,21,21,23,0,23.5,90,1.8,26.1,1.5,191.6,False,110,1,False
2021-08-14 20:00:00,2021-08-14,20,6,21,21,22,22,22,0,22.6,94,3.1,26.2,1.5,191.6,False,110,1,False
2021-08-14 21:00:00,2021-08-14,21,6,22,22,22,23,22,0,22.4,94,2.8,26.5,1.5,191.6,False,110,1,False
2021-08-14 22:00:00,2021-08-14,22,6,22,25,24,21,23,0,22.5,93,2.3,26.5,1.5,191.6,False,110,1,False
2021-08-14 23:00:00,2021-08-14,23,6,22,21,22,21,22,0,22.3,94,2.4,26.5,1.5,191.6,False,110,1,False
2021-08-15 00:00:00,2021-08-15,0,7,21,21,22,22,22,0,22.2,94,2.5,0.0,1.5,191.6,False,111,1,False
2021-08-15 01:00:00,2021-08-15,1,7,21,21,22,28,23,0,22.3,92,2.2,0.0,1.5,191.6,False,111,1,False
2021-08-15 02:00:00,2021-08-15,2,7,24,22,20,21,22,0,22.5,91,2.5,0.0,1.5,191.6,False,111,1,False
2021-08-15 03:00:00,2021-08-15,3,7,21,21,21,22,21,0,22.2,92,2.8,0.0,1.5,191.6,False,111,1,False
2021-08-15 04:00:00,2021-08-15,4,7,22,22,22,22,22,0,22.0,90,2.2,0.0,1.5,191.6,False,111,1,False
2021-08-15 05:00:00,2021-08-15,5,7,25,25,21,21,23,0,21.8,90,2.2,0.0,1.5,191.6,False,111,1,False
2021-08-15 06:00:00,2021-08-15,6,7,22,22,21,21,22,0,22.4,86,2.8,0.0,1.5,191.6,False,111,1,False
2021-08-15 07:00:00,2021-08-15,7,7,21,20,20,21,21,0,23.9,82,2.8,0.0,1.5,191.6,False,111,1,False
2021-08-15 08:00:00,2021-08-15,8,7,22,21,24,26,23,0,24.5,81,3.2,0.0,1.5,191.6,False,111,1,False
2021-08-15 09:00:00,2021-08-15,9,7,24,22,23,21,23,0,25.2,80,2.9,0.0,1.0,191.6,False,111,1,False
2021-08-15 10:00:00,2021-08-15,10,7,21,21,20,21,21,0,24.9,82,3.4,0.0,1.0,191.6,False,111,1,False
2021-08-15 11:00:00,2021-08-15,11,7,21,21,22,22,22,0,23.9,96,1.3,0.4,1.0,191.6,False,111,1,False
2021-08-15 12:00:00,2021-08-15,12,7,21,22,26,24,23,0,23.1,98,2.9,1.5,1.0,191.6,False,111,1,False
2021-08-15 13:00:00,2021-08-15,13,7,22,21,21,22,22,0,24.6,93,2.6,1.5,1.0,191.6,False,111,1,False
2021-08-15 14:00:00,2021-08-15,14,7,21,22,22,21,22,0,24.6,93,2.6,1.5,1.0,191.6,False,111,1,False
2021-08-15 15:00:00,2021-08-15,15,7,21,21,21,21,21,0,23.3,98,1.5,1.5,1.0,191.6,False,111,1,False
2021-08-15 16:00:00,2021-08-15,16,7,25,24,21,21,23,0,22.9,98,1.9,1.5,1.0,191.6,False,111,1,False
2021-08-15 17:00:00,2021-08-15,17,7,22,22,21,22,22,0,23.3,95,2.3,1.5,1.0,191.6,False,111,1,False
2021-08-15 18:00:00,2021-08-15,18,7,21,20,21,21,21,0,23.0,90,2.5,0.0,1.5,191.6,False,111,1,False
2021-08-15 19:00:00,2021-08-15,19,7,21,22,25,24,23,0,22.0,96,1.2,0.0,1.5,191.6,False,111,1,False
2021-08-15 20:00:00,2021-08-15,20,7,22,21,21,22,22,0,22.3,96,1.9,0.0,1.5,191.6,False,111,1,False
2021-08-15 21:00:00,2021-08-15,21,7,22,22,22,22,22,0,22.5,91,1.4,0.0,1.5,191.6,False,111,1,False
2021-08-15 22:00:00,2021-08-15,22,7,22,22,22,24,23,0,22.6,90,1.8,0.0,1.5,191.6,False,111,1,False
2021-08-15 23:00:00,2021-08-15,23,7,25,23,21,22,23,0,22.3,94,2.0,0.0,1.5,191.6,False,111,1,False
2021-08-16 00:00:00,2021-08-16,0,1,22,22,22,21,22,0,22.0,93,1.7,0.0,1.5,191.6,False,112,1,False
2021-08-16 01:00:00,2021-08-16,1,1,20,23,21,21,21,0,21.8,92,1.6,0.0,1.5,191.6,False,112,1,False
2021-08-16 02:00:00,2021-08-16,2,1,20,21,26,24,23,0,21.6,91,1.8,0.0,1.5,191.6,False,112,1,False
2021-08-16 03:00:00,2021-08-16,3,1,21,21,21,21,21,0,21.3,92,2.1,0.0,1.5,191.6,False,112,1,False
2021-08-16 04:00:00,2021-08-16,4,1,21,22,22,22,22,0,21.3,95,1.6,0.0,1.5,191.6,False,112,1,False
2021-08-16 05:00:00,2021-08-16,5,1,21,22,22,22,22,0,21.5,95,2.2,0.0,1.5,191.6,False,112,1,False
2021-08-16 06:00:00,2021-08-16,6,1,23,26,22,21,23,0,22.2,94,1.8,0.0,1.5,191.6,False,112,1,False
2021-08-16 07:00:00,2021-08-16,7,1,24,30,63,122,60,27,22.6,93,1.6,0.0,1.5,191.6,False,112,1,False
2021-08-16 08:00:00,2021-08-16,8,1,152,180,182,183,174,566,23.1,95,1.8,0.3,1.5,191.6,False,112,1,False
2021-08-16 09:00:00,2021-08-16,9,1,184,190,186,170,183,642,25.4,78,2.2,0.3,1.0,191.6,False,112,1,False
2021-08-16 10:00:00,2021-08-16,10,1,116,151,151,157,144,1720,25.5,74,3.5,0.3,1.0,191.6,False,112,1,False
2021-08-16 11:00:00,2021-08-16,11,1,156,152,157,155,155,1472,26.2,68,4.1,0.3,1.0,191.6,False,112,1,False
2021-08-16 12:00:00,2021-08-16,12,1,107,91,88,100,97,0,26.3,67,2.9,0.3,1.0,191.6,False,112,1,False
2021-08-16 13:00:00,2021-08-16,13,1,157,156,148,149,153,1404,26.1,68,3.5,0.3,1.0,191.6,False,112,1,False
2021-08-16 14:00:00,2021-08-16,14,1,153,138,149,144,146,1828,25.9,66,3.3,0.3,1.0,191.6,False,112,1,False
2021-08-16 15:00:00,2021-08-16,15,1,112,146,140,132,133,547,25.0,70,3.6,0.3,1.0,191.6,False,112,1,False
2021-08-16 16:00:00,2021-08-16,16,1,117,125,110,113,116,1490,24.7,71,2.9,0.3,1.0,191.6,False,112,1,False
2021-08-16 17:00:00,2021-08-16,17,1,105,99,99,95,100,0,24.6,73,2.3,0.3,1.0,191.6,False,112,1,False
2021-08-16 18:00:00,2021-08-16,18,1,94,92,91,89,92,22,23.9,78,1.8,0.3,1.5,191.6,False,112,1,False
2021-08-16 19:00:00,2021-08-16,19,1,95,93,85,84,89,31,23.5,81,1.7,0.3,1.5,191.6,False,112,1,False
2021-08-16 20:00:00,2021-08-16,20,1,95,101,95,102,98,130,23.0,85,2.5,0.3,1.5,191.6,False,112,1,False
2021-08-16 21:00:00,2021-08-16,21,1,113,116,110,108,112,138,23.2,85,2.9,0.3,1.5,191.6,False,112,1,False
2021-08-16 22:00:00,2021-08-16,22,1,86,102,95,98,95,35,23.0,88,2.4,0.3,1.5,191.6,False,112,1,False
2021-08-16 23:00:00,2021-08-16,23,1,94,102,102,84,96,186,23.2,86,2.2,0.3,1.5,191.6,False,112,1,False
2021-08-17 00:00:00,2021-08-17,0,2,71,68,68,71,70,141,22.7,89,2.4,0.0,1.5,191.6,False,113,1,False
2021-08-17 01:00:00,2021-08-17,1,2,90,95,100,100,96,267,22.9,89,2.2,0.0,1.5,191.6,False,113,1,False
2021-08-17 02:00:00,2021-08-17,2,2,98,96,101,98,98,238,22.5,96,1.9,0.1,1.5,191.6,False,113,1,False
2021-08-17 03:00:00,2021-08-17,3,2,83,95,99,92,92,127,23.1,92,2.4,0.1,1.5,191.6,False,113,1,False
2021-08-17 04:00:00,2021-08-17,4,2,86,95,98,94,93,36,23.3,89,2.0,0.1,1.5,191.6,False,113,1,False
2021-08-17 05:00:00,2021-08-17,5,2,77,73,89,103,86,86,22.9,90,2.9,0.3,1.5,191.6,False,113,1,False
2021-08-17 06:00:00,2021-08-17,6,2,94,91,93,96,94,290,22.1,97,2.0,1.7,1.5,191.6,False,113,1,False
2021-08-17 07:00:00,2021-08-17,7,2,95,120,146,137,125,1761,21.9,98,1.2,4.4,1.5,191.6,False,113,1,False
2021-08-17 08:00:00,2021-08-17,8,2,156,171,168,162,164,930,22.4,98,1.3,5.3,1.5,191.6,False,113,1,False
2021-08-17 09:00:00,2021-08-17,9,2,156,159,170,166,163,1618,21.4,98,3.2,7.1,1.0,191.6,False,113,1,False
2021-08-17 10:00:00,2021-08-17,10,2,126,159,162,165,153,1182,21.4,98,3.1,15.1,1.0,191.6,False,113,1,False
2021-08-17 11:00:00,2021-08-17,11,2,165,167,171,173,169,1144,22.3,98,3.0,21.1,1.0,191.6,False,113,1,False
2021-08-17 12:00:00,2021-08-17,12,2,109,98,100,134,110,0,22.1,98,2.3,29.7,1.0,191.6,False,113,1,False
2021-08-17 13:00:00,2021-08-17,13,2,159,164,163,162,162,2870,22.2,98,2.2,32.8,1.0,191.6,False,113,1,False
2021-08-17 14:00:00,2021-08-17,14,2,164,160,163,156,161,1412,22.7,93,3.8,32.9,1.0,191.6,False,113,1,False
2021-08-17 15:00:00,2021-08-17,15,2,120,154,159,168,150,7913,23.2,86,3.3,32.9,1.0,191.6,False,113,1,False
2021-08-17 16:00:00,2021-08-17,16,2,158,151,152,147,152,3108,23.5,83,3.6,32.9,1.0,191.6,False,113,1,False
2021-08-17 17:00:00,2021-08-17,17,2,104,91,120,135,113,540,23.1,84,2.8,32.9,1.0,191.6,False,113,1,False
2021-08-17 18:00:00,2021-08-17,18,2,137,148,154,158,149,1575,23.2,81,4.4,32.9,1.5,191.6,False,113,1,False
2021-08-17 19:00:00,2021-08-17,19,2,143,141,139,127,138,3586,22.6,86,2.7,32.9,1.5,191.6,False,113,1,False
2021-08-17 20:00:00,2021-08-17,20,2,116,120,128,116,120,116,21.9,91,2.8,32.9,1.5,191.6,False,113,1,False
2021-08-17 21:00:00,2021-08-17,21,2,120,118,121,112,118,154,21.6,89,3.3,32.9,1.5,191.6,False,113,1,False
2021-08-17 22:00:00,2021-08-17,22,2,90,114,118,117,110,58,21.5,95,2.5,32.9,1.5,191.6,False,113,1,False
2021-08-17 23:00:00,2021-08-17,23,2,118,111,99,87,104,127,21.6,93,2.5,32.9,1.5,191.6,False,113,1,False
2021-08-18 00:00:00,2021-08-18,0,3,66,64,65,65,65,4,21.4,95,2.7,0.0,1.5,191.6,False,114,1,False
2021-08-18 01:00:00,2021-08-18,1,3,84,95,97,105,95,270,21.4,96,3.7,0.0,1.5,191.6,False,114,1,False
2021-08-18 02:00:00,2021-08-18,2,3,101,102,105,102,103,344,21.5,94,2.2,0.0,1.5,191.6,False,114,1,False
2021-08-18 03:00:00,2021-08-18,3,3,78,87,98,101,91,247,21.8,91,2.1,0.0,1.5,191.6,False,114,1,False
2021-08-18 04:00:00,2021-08-18,4,3,93,95,99,93,95,455,21.7,91,0.9,0.0,1.5,191.6,False,114,1,False
2021-08-18 05:00:00,2021-08-18,5,3,78,70,84,98,83,105,21.5,94,2.8,0.0,1.5,191.6,False,114,1,False
2021-08-18 06:00:00,2021-08-18,6,3,96,97,103,107,101,127,22.2,92,2.5,0.0,1.5,191.6,False,114,1,False
2021-08-18 07:00:00,2021-08-18,7,3,105,116,146,131,125,1144,22.8,90,2.2,0.0,1.5,191.6,False,114,1,False
2021-08-18 08:00:00,2021-08-18,8,3,146,162,174,171,163,1358,23.7,87,2.4,0.0,1.5,191.6,False,114,1,False
2021-08-18 09:00:00,2021-08-18,9,3,171,172,163,170,169,835,24.0,86,2.1,0.0,1.0,191.6,False,114,1,False
2021-08-18 10:00:00,2021-08-18,10,3,134,160,166,176,159,1429,23.2,92,1.7,0.5,1.0,191.6,False,114,1,False
2021-08-18 11:00:00,2021-08-18,11,3,173,172,183,163,173,2090,23.3,90,2.9,0.6,1.0,191.6,False,114,1,False
2021-08-18 12:00:00,2021-08-18,12,3,109,90,88,120,102,1015,24.2,84,3.4,0.6,1.0,191.6,False,114,1,False
2021-08-18 13:00:00,2021-08-18,13,3,166,171,171,177,171,565,24.3,82,3.1,0.6,1.0,191.6,False,114,1,False
2021-08-18 14:00:00,2021-08-18,14,3,175,176,181,185,179,1872,24.9,75,3.9,0.6,1.0,191.6,False,114,1,False
2021-08-18 15:00:00,2021-08-18,15,3,141,176,184,178,170,1482,24.4,80,3.8,0.6,1.0,191.6,False,114,1,False
2021-08-18 16:00:00,2021-08-18,16,3,188,174,148,152,166,1933,23.5,90,2.4,0.7,1.0,191.6,False,114,1,False
2021-08-18 17:00:00,2021-08-18,17,3,118,99,160,186,141,558,23.2,83,2.4,0.7,1.0,191.6,False,114,1,False
2021-08-18 18:00:00,2021-08-18,18,3,168,165,174,147,164,1633,23.4,80,3.0,0.7,1.5,191.6,False,114,1,False
2021-08-18 19:00:00,2021-08-18,19,3,150,158,142,123,143,2203,22.4,89,2.1,0.7,1.5,191.6,False,114,1,False
2021-08-18 20:00:00,2021-08-18,20,3,116,124,120,118,120,100,22.4,91,2.6,0.7,1.5,191.6,False,114,1,False
2021-08-18 21:00:00,2021-08-18,21,3,109,111,115,123,115,56,23.1,86,3.4,0.7,1.5,191.6,False,114,1,False
2021-08-18 22:00:00,2021-08-18,22,3,102,125,117,103,112,102,22.2,95,2.9,1.6,1.5,191.6,False,114,1,False
2021-08-18 23:00:00,2021-08-18,23,3,103,112,107,96,105,136,22.7,91,2.8,1.6,1.5,191.6,False,114,1,False
2021-08-19 00:00:00,2021-08-19,0,4,77,73,68,65,71,53,22.7,88,2.7,0.0,1.5,191.6,False,115,1,False
2021-08-19 01:00:00,2021-08-19,1,4,84,101,110,114,102,85,22.6,82,3.2,0.0,1.5,191.6,False,115,1,False
2021-08-19 02:00:00,2021-08-19,2,4,116,106,101,113,109,173,22.7,82,3.5,0.0,1.5,191.6,False,115,1,False
2021-08-19 03:00:00,2021-08-19,3,4,93,111,119,112,109,60,22.7,82,2.9,0.0,1.5,191.6,False,115,1,False
2021-08-19 04:00:00,2021-08-19,4,4,108,108,101,98,104,114,22.2,87,2.7,0.0,1.5,191.6,False,115,1,False
2021-08-19 05:00:00,2021-08-19,5,4,78,70,96,106,88,399,22.2,88,1.9,0.0,1.5,191.6,False,115,1,False
2021-08-19 06:00:00,2021-08-19,6,4,110,119,110,97,109,459,22.4,85,2.7,0.0,1.5,191.6,False,115,1,False
2021-08-19 07:00:00,2021-08-19,7,4,91,116,142,143,123,745,23.3,82,3.3,0.0,1.5,191.6,False,115,1,False
2021-08-19 08:00:00,2021-08-19,8,4,174,185,177,159,174,670,23.9,84,2.9,0.0,1.5,191.6,False,115,1,False
2021-08-19 09:00:00,2021-08-19,9,4,162,173,182,179,174,942,24.6,80,3.3,0.0,1.0,191.6,False,115,1,False
2021-08-19 10:00:00,2021-08-19,10,4,142,166,165,177,163,1599,24.3,82,3.5,0.0,1.0,191.6,False,115,1,False
2021-08-19 11:00:00,2021-08-19,11,4,176,188,175,168,177,2542,25.2,79,4.1,0.0,1.0,191.6,False,115,1,False
2021-08-19 12:00:00,2021-08-19,12,4,114,96,89,120,105,380,25.3,78,3.0,0.0,1.0,191.6,False,115,1,False
2021-08-19 13:00:00,2021-08-19,13,4,168,168,163,172,168,2129,25.4,77,2.7,0.0,1.0,191.6,False,115,1,False
2021-08-19 14:00:00,2021-08-19,14,4,178,167,171,184,175,2843,25.7,79,2.1,0.0,1.0,191.6,False,115,1,False
2021-08-19 15:00:00,2021-08-19,15,4,145,179,185,172,170,349,25.5,79,2.4,0.0,1.0,191.6,False,115,1,False
2021-08-19 16:00:00,2021-08-19,16,4,166,171,167,159,166,3020,25.8,77,2.3,0.0,1.0,191.6,False,115,1,False
2021-08-19 17:00:00,2021-08-19,17,4,122,101,140,155,130,510,24.1,85,1.4,0.0,1.0,191.6,False,115,1,False
2021-08-19 18:00:00,2021-08-19,18,4,161,140,153,155,152,3195,23.3,84,1.8,0.0,1.5,191.6,False,115,1,False
2021-08-19 19:00:00,2021-08-19,19,4,153,151,149,134,147,5336,22.4,91,0.6,0.0,1.5,191.6,False,115,1,False
2021-08-19 20:00:00,2021-08-19,20,4,121,130,134,128,128,8,22.0,95,0.9,0.0,1.5,191.6,False,115,1,False
2021-08-19 21:00:00,2021-08-19,21,4,121,118,123,123,121,132,21.8,95,0.7,0.0,1.5,191.6,False,115,1,False
2021-08-19 22:00:00,2021-08-19,22,4,105,125,119,114,116,28,21.5,96,1.2,0.0,1.5,191.6,False,115,1,False
2021-08-19 23:00:00,2021-08-19,23,4,117,110,111,101,110,205,21.6,96,0.2,0.0,1.5,191.6,False,115,1,False
2021-08-20 00:00:00,2021-08-20,0,5,80,74,70,68,73,338,21.7,97,1.3,0.0,1.5,191.6,False,116,1,False
2021-08-20 01:00:00,2021-08-20,1,5,89,105,109,100,101,47,21.0,98,1.5,0.0,1.5,191.6,False,116,1,False
2021-08-20 02:00:00,2021-08-20,2,5,104,110,107,107,107,40,20.8,98,1.7,0.0,1.5,191.6,False,116,1,False
2021-08-20 03:00:00,2021-08-20,3,5,92,107,106,104,102,537,20.4,98,0.2,0.0,1.5,191.6,False,116,1,False
2021-08-20 04:00:00,2021-08-20,4,5,106,101,88,101,99,216,20.0,98,0.4,0.0,1.5,191.6,False,116,1,False
2021-08-20 05:00:00,2021-08-20,5,5,78,70,98,104,88,304,20.2,98,1.5,0.0,1.5,191.6,False,116,1,False
2021-08-20 06:00:00,2021-08-20,6,5,112,115,109,106,111,14,21.7,98,0.9,0.0,1.5,191.6,False,116,1,False
2021-08-20 07:00:00,2021-08-20,7,5,109,121,146,132,127,793,24.1,88,0.7,0.0,1.5,191.6,False,116,1,False
2021-08-20 08:00:00,2021-08-20,8,5,160,179,172,172,171,650,25.1,83,1.1,0.0,1.5,191.6,False,116,1,False
2021-08-20 09:00:00,2021-08-20,9,5,154,161,171,175,165,881,25.0,79,0.8,0.0,1.0,191.6,False,116,1,False
2021-08-20 10:00:00,2021-08-20,10,5,142,157,162,168,157,1450,24.5,88,0.6,0.7,1.0,191.6,False,116,1,False
2021-08-20 11:00:00,2021-08-20,11,5,183,193,189,183,187,3707,24.9,85,0.9,0.9,1.0,191.6,False,116,1,False
2021-08-20 12:00:00,2021-08-20,12,5,118,96,95,134,111,5245,24.3,93,1.1,2.3,1.0,191.6,False,116,1,False
2021-08-20 13:00:00,2021-08-20,13,5,175,180,177,177,177,1382,25.6,87,1.2,2.3,1.0,191.6,False,116,1,False
2021-08-20 14:00:00,2021-08-20,14,5,177,160,184,177,175,3002,26.7,74,1.8,2.3,1.0,191.6,False,116,1,False
2021-08-20 15:00:00,2021-08-20,15,5,124,176,169,167,159,1383,27.0,71,2.6,2.3,1.0,191.6,False,116,1,False
2021-08-20 16:00:00,2021-08-20,16,5,176,177,168,161,171,1774,27.2,74,1.4,2.3,1.0,191.6,False,116,1,False
2021-08-20 17:00:00,2021-08-20,17,5,105,107,160,164,134,282,26.2,79,1.5,2.3,1.0,191.6,False,116,1,False
2021-08-20 18:00:00,2021-08-20,18,5,148,156,158,157,155,909,25.2,86,1.4,2.3,1.5,191.6,False,116,1,False
2021-08-20 19:00:00,2021-08-20,19,5,146,116,134,105,125,1199,25.1,89,0.5,2.3,1.5,191.6,False,116,1,False
2021-08-20 20:00:00,2021-08-20,20,5,99,115,125,117,114,465,24.6,90,1.0,2.3,1.5,191.6,False,116,1,False
2021-08-20 21:00:00,2021-08-20,21,5,120,121,117,115,118,100,24.3,93,1.5,2.3,1.5,191.6,False,116,1,False
2021-08-20 22:00:00,2021-08-20,22,5,91,107,112,113,106,64,23.8,97,0.4,2.3,1.5,191.6,False,116,1,False
2021-08-20 23:00:00,2021-08-20,23,5,102,106,101,84,98,431,23.7,98,0.6,2.3,1.5,191.6,False,116,1,False
2021-08-21 00:00:00,2021-08-21,0,6,64,62,63,63,63,524,23.9,98,1.9,0.0,1.5,191.6,False,117,1,False
2021-08-21 01:00:00,2021-08-21,1,6,92,97,91,99,95,106,23.5,98,0.4,0.0,1.5,191.6,False,117,1,False
2021-08-21 02:00:00,2021-08-21,2,6,99,103,106,109,104,38,23.9,97,1.3,0.8,1.5,191.6,False,117,1,False
2021-08-21 03:00:00,2021-08-21,3,6,86,92,94,102,94,1064,23.9,98,2.1,1.8,1.5,191.6,False,117,1,False
2021-08-21 04:00:00,2021-08-21,4,6,105,101,107,104,104,156,24.6,98,1.3,2.0,1.5,191.6,False,117,1,False
2021-08-21 05:00:00,2021-08-21,5,6,90,81,97,110,95,30,24.7,98,2.1,2.1,1.5,191.6,False,117,1,False
2021-08-21 06:00:00,2021-08-21,6,6,100,103,100,91,99,522,24.6,98,2.1,3.2,1.5,191.6,False,117,1,False
2021-08-21 07:00:00,2021-08-21,7,6,94,88,59,33,69,1354,24.5,98,2.8,4.2,1.5,191.6,False,117,1,False
2021-08-21 08:00:00,2021-08-21,8,6,26,21,21,23,23,0,23.3,98,2.1,6.1,1.5,191.6,False,117,1,False
2021-08-21 09:00:00,2021-08-21,9,6,21,20,21,21,21,0,23.9,98,2.6,9.8,1.0,191.6,False,117,1,False
2021-08-21 10:00:00,2021-08-21,10,6,21,21,22,21,21,0,24.1,98,3.4,21.6,1.0,191.6,False,117,1,False
2021-08-21 11:00:00,2021-08-21,11,6,21,24,26,22,23,0,24.2,98,4.1,25.5,1.0,191.6,False,117,1,False
2021-08-21 12:00:00,2021-08-21,12,6,22,22,22,22,22,0,24.1,98,3.2,42.6,1.0,191.6,False,117,1,False
2021-08-21 13:00:00,2021-08-21,13,6,21,21,21,21,21,0,22.9,98,2.4,68.4,1.0,191.6,False,117,1,False
2021-08-21 14:00:00,2021-08-21,14,6,21,22,22,26,23,0,22.7,98,2.6,91.9,1.0,191.6,False,117,1,False
2021-08-21 15:00:00,2021-08-21,15,6,23,21,21,22,22,0,21.2,98,1.3,116.1,1.0,191.6,False,117,1,False
2021-08-21 16:00:00,2021-08-21,16,6,22,21,21,22,22,0,22.1,98,3.0,119.2,1.0,191.6,False,117,1,False
2021-08-21 17:00:00,2021-08-21,17,6,22,22,22,22,22,0,21.8,98,2.9,122.2,1.0,191.6,False,117,1,False
2021-08-21 18:00:00,2021-08-21,18,6,26,27,24,23,25,0,22.2,98,1.7,122.2,1.5,191.6,False,117,1,False
2021-08-21 19:00:00,2021-08-21,19,6,21,20,21,21,21,0,22.2,98,1.5,122.2,1.5,191.6,False,117,1,False
2021-08-21 20:00:00,2021-08-21,20,6,21,22,21,22,22,0,23.0,98,2.2,122.2,1.5,191.6,False,117,1,False
2021-08-21 21:00:00,2021-08-21,21,6,23,23,23,23,23,0,23.5,98,3.8,122.4,1.5,191.6,False,117,1,False
2021-08-21 22:00:00,2021-08-21,22,6,24,27,24,23,25,0,23.9,96,2.9,122.4,1.5,191.6,False,117,1,False
2021-08-21 23:00:00,2021-08-21,23,6,22,22,22,23,22,0,24.1,98,2.8,122.4,1.5,191.6,False,117,1,False
2021-08-22 00:00:00,2021-08-22,0,7,22,22,22,23,22,0,23.9,98,2.1,0.2,1.5,191.6,False,118,1,False
2021-08-22 01:00:00,2021-08-22,1,7,23,22,22,26,23,0,24.7,98,3.6,0.3,1.5,191.6,False,118,1,False
2021-08-22 02:00:00,2021-08-22,2,7,27,23,22,23,24,0,24.8,98,2.3,0.5,1.5,191.6,False,118,1,False
2021-08-22 03:00:00,2021-08-22,3,7,23,24,22,21,23,0,25.0,95,2.7,0.5,1.5,191.6,False,118,1,False
2021-08-22 04:00:00,2021-08-22,4,7,22,21,22,22,22,0,23.6,98,2.0,0.5,1.5,191.6,False,118,1,False
2021-08-22 05:00:00,2021-08-22,5,7,22,21,25,26,24,0,22.9,97,1.3,0.5,1.5,191.6,False,118,1,False
2021-08-22 06:00:00,2021-08-22,6,7,22,22,22,22,22,0,24.9,98,0.3,0.5,1.5,191.6,False,118,1,False
2021-08-22 07:00:00,2021-08-22,7,7,21,22,22,22,22,0,25.4,94,0.9,0.5,1.5,191.6,False,118,1,False
2021-08-22 08:00:00,2021-08-22,8,7,22,21,21,22,22,0,26.2,87,0.6,0.5,1.5,191.6,False,118,1,False
2021-08-22 09:00:00,2021-08-22,9,7,25,27,22,22,24,0,27.6,72,1.6,0.5,1.0,191.6,False,118,1,False
2021-08-22 10:00:00,2021-08-22,10,7,22,22,22,22,22,0,28.2,70,2.4,0.5,1.0,191.6,False,118,1,False
2021-08-22 11:00:00,2021-08-22,11,7,23,22,22,21,22,0,28.3,64,3.0,0.5,1.0,191.6,False,118,1,False
2021-08-22 12:00:00,2021-08-22,12,7,22,22,23,24,23,0,29.1,62,2.5,0.5,1.0,191.6,False,118,1,False
2021-08-22 13:00:00,2021-08-22,13,7,26,24,22,22,24,0,30.4,58,2.1,0.5,1.0,191.6,False,118,1,False
2021-08-22 14:00:00,2021-08-22,14,7,23,22,23,23,23,0,30.2,58,1.7,0.5,1.0,191.6,False,118,1,False
2021-08-22 15:00:00,2021-08-22,15,7,23,23,22,23,23,0,30.1,61,1.8,0.5,1.0,191.6,False,118,1,False
2021-08-22 16:00:00,2021-08-22,16,7,23,24,27,24,25,0,29.6,56,3.4,0.5,1.0,191.6,False,118,1,False
2021-08-22 17:00:00,2021-08-22,17,7,22,22,22,22,22,0,28.9,62,3.4,0.5,1.0,191.6,False,118,1,False
2021-08-22 18:00:00,2021-08-22,18,7,22,22,22,22,22,0,27.7,74,3.1,0.5,1.5,191.6,False,118,1,False
2021-08-22 19:00:00,2021-08-22,19,7,22,21,22,22,22,0,26.6,80,2.4,0.5,1.5,191.6,False,118,1,False
2021-08-22 20:00:00,2021-08-22,20,7,25,26,23,23,24,0,26.0,82,2.6,0.5,1.5,191.6,False,118,1,False
2021-08-22 21:00:00,2021-08-22,21,7,22,22,22,23,22,0,25.2,85,0.8,0.5,1.5,191.6,False,118,1,False
2021-08-22 22:00:00,2021-08-22,22,7,23,22,24,22,23,0,25.1,86,1.3,0.5,1.5,191.6,False,118,1,False
2021-08-22 23:00:00,2021-08-22,23,7,22,21,21,26,23,0,24.2,92,0.6,0.5,1.5,191.6,False,118,1,False
2021-08-23 00:00:00,2021-08-23,0,1,25,22,23,22,23,0,23.8,93,0.0,0.0,1.5,191.6,False,119,1,False
2021-08-23 01:00:00,2021-08-23,1,1,22,23,23,23,23,0,24.3,92,2.1,0.0,1.5,191.6,False,119,1,False
2021-08-23 02:00:00,2021-08-23,2,1,23,22,23,23,23,0,24.2,93,1.4,0.0,1.5,191.6,False,119,1,False
2021-08-23 03:00:00,2021-08-23,3,1,22,27,25,22,24,0,24.0,93,2.3,0.0,1.5,191.6,False,119,1,False
2021-08-23 04:00:00,2021-08-23,4,1,22,22,22,22,22,0,23.3,96,0.2,0.0,1.5,191.6,False,119,1,False
2021-08-23 05:00:00,2021-08-23,5,1,22,22,22,22,22,0,23.4,98,1.5,0.1,1.5,191.6,False,119,1,False
2021-08-23 06:00:00,2021-08-23,6,1,22,21,21,21,21,0,23.6,96,0.8,0.1,1.5,191.6,False,119,1,False
2021-08-23 07:00:00,2021-08-23,7,1,28,44,66,92,58,0,23.8,98,0.4,0.1,1.5,191.6,False,119,1,False
2021-08-23 08:00:00,2021-08-23,8,1,152,163,172,181,167,759,24.9,94,0.3,0.2,1.5,191.6,False,119,1,False
2021-08-23 09:00:00,2021-08-23,9,1,187,165,182,185,180,1105,25.6,90,0.5,0.2,1.0,191.6,False,119,1,False
2021-08-23 10:00:00,2021-08-23,10,1,144,181,182,172,170,884,26.0,89,0.9,0.2,1.0,191.6,False,119,1,False
2021-08-23 11:00:00,2021-08-23,11,1,172,186,191,188,184,1300,26.3,90,0.7,0.5,1.0,191.6,False,119,1,False
2021-08-23 12:00:00,2021-08-23,12,1,124,99,103,136,116,333,24.7,98,1.8,1.8,1.0,191.6,False,119,1,False
2021-08-23 13:00:00,2021-08-23,13,1,184,181,176,193,184,1758,23.4,98,1.0,4.5,1.0,191.6,False,119,1,False
2021-08-23 14:00:00,2021-08-23,14,1,181,184,182,190,184,4563,22.1,96,0.5,7.7,1.0,191.6,False,119,1,False
2021-08-23 15:00:00,2021-08-23,15,1,151,187,184,196,180,674,22.1,98,1.1,10.9,1.0,191.6,False,119,1,False
2021-08-23 16:00:00,2021-08-23,16,1,173,172,177,164,172,2742,22.0,98,1.1,11.1,1.0,191.6,False,119,1,False
2021-08-23 17:00:00,2021-08-23,17,1,124,114,154,177,142,362,22.3,98,1.0,11.1,1.0,191.6,False,119,1,False
2021-08-23 18:00:00,2021-08-23,18,1,179,165,148,131,156,651,21.9,98,1.0,12.4,1.5,191.6,False,119,1,False
2021-08-23 19:00:00,2021-08-23,19,1,137,132,136,109,129,1052,21.6,98,1.2,12.4,1.5,191.6,False,119,1,False
2021-08-23 20:00:00,2021-08-23,20,1,100,118,116,114,112,8,21.8,94,1.6,12.4,1.5,191.6,False,119,1,False
2021-08-23 21:00:00,2021-08-23,21,1,111,117,109,107,111,222,21.8,96,1.6,14.7,1.5,191.6,False,119,1,False
2021-08-23 22:00:00,2021-08-23,22,1,101,111,111,113,109,14,21.9,98,2.4,20.9,1.5,191.6,False,119,1,False
2021-08-23 23:00:00,2021-08-23,23,1,107,101,100,75,96,153,23.4,98,3.7,35.1,1.5,191.6,False,119,1,False
2021-08-24 00:00:00,2021-08-24,0,2,67,64,65,64,65,0,23.8,98,5.7,43.3,1.5,191.6,False,120,1,False
2021-08-24 01:00:00,2021-08-24,1,2,90,108,111,110,105,109,24.8,98,3.6,91.4,1.5,191.6,False,120,1,False
2021-08-24 02:00:00,2021-08-24,2,2,115,109,107,108,110,127,24.4,98,3.2,93.0,1.5,191.6,False,120,1,False
2021-08-24 03:00:00,2021-08-24,3,2,95,103,115,105,105,12,25.1,93,4.2,93.0,1.5,191.6,False,120,1,False
2021-08-24 04:00:00,2021-08-24,4,2,109,113,107,103,108,4,24.8,88,4.6,93.0,1.5,191.6,False,120,1,False
2021-08-24 05:00:00,2021-08-24,5,2,81,72,93,106,88,38,24.4,90,1.9,93.0,1.5,191.6,False,120,1,False
2021-08-24 06:00:00,2021-08-24,6,2,112,107,102,115,109,86,25.8,84,3.5,93.0,1.5,191.6,False,120,1,False
2021-08-24 07:00:00,2021-08-24,7,2,116,119,144,145,131,583,24.9,92,2.2,93.0,1.5,191.6,False,120,1,False
2021-08-24 08:00:00,2021-08-24,8,2,167,192,196,191,187,2623,25.0,96,2.3,93.6,1.5,191.6,False,120,1,False
2021-08-24 09:00:00,2021-08-24,9,2,182,190,170,181,181,516,24.5,98,0.0,95.5,1.0,191.6,False,120,1,False
2021-08-24 10:00:00,2021-08-24,10,2,151,181,177,174,171,1007,25.0,98,0.6,99.5,1.0,191.6,False,120,1,False
2021-08-24 11:00:00,2021-08-24,11,2,179,183,188,180,183,901,25.7,98,2.7,103.3,1.0,191.6,False,120,1,False
2021-08-24 12:00:00,2021-08-24,12,2,125,105,99,130,115,164,26.6,98,2.1,105.2,1.0,191.6,False,120,1,False
2021-08-24 13:00:00,2021-08-24,13,2,165,171,180,180,174,2240,27.1,95,3.4,105.7,1.0,191.6,False,120,1,False
2021-08-24 14:00:00,2021-08-24,14,2,190,185,180,188,186,510,27.9,98,2.7,108.0,1.0,191.6,False,120,1,False
2021-08-24 15:00:00,2021-08-24,15,2,139,175,183,201,175,1537,28.4,87,3.7,108.0,1.0,191.6,False,120,1,False
2021-08-24 16:00:00,2021-08-24,16,2,191,188,181,175,184,2281,28.1,88,2.7,108.0,1.0,191.6,False,120,1,False
2021-08-24 17:00:00,2021-08-24,17,2,131,115,153,157,139,797,27.8,90,2.8,108.3,1.0,191.6,False,120,1,False
2021-08-24 18:00:00,2021-08-24,18,2,148,151,151,156,152,1411,27.6,89,1.9,108.3,1.5,191.6,False,120,1,False
2021-08-24 19:00:00,2021-08-24,19,2,164,146,148,142,150,1762,27.0,93,2.7,108.3,1.5,191.6,False,120,1,False
2021-08-24 20:00:00,2021-08-24,20,2,117,122,125,120,121,0,26.8,89,2.6,108.3,1.5,191.6,False,120,1,False
2021-08-24 21:00:00,2021-08-24,21,2,122,123,121,119,121,135,26.9,87,2.5,108.3,1.5,191.6,False,120,1,False
2021-08-24 22:00:00,2021-08-24,22,2,112,120,109,109,113,14,26.9,85,2.5,108.3,1.5,191.6,False,120,1,False
2021-08-24 23:00:00,2021-08-24,23,2,102,104,107,84,99,98,26.0,87,1.0,108.3,1.5,191.6,False,120,1,False
2021-08-25 00:00:00,2021-08-25,0,3,81,80,77,69,77,0,25.4,92,0.4,0.0,1.5,191.6,False,121,1,False
2021-08-25 01:00:00,2021-08-25,1,3,90,111,108,108,104,56,25.4,90,0.9,0.0,1.5,191.6,False,121,1,False
2021-08-25 02:00:00,2021-08-25,2,3,115,107,105,110,109,227,25.9,88,1.9,0.0,1.5,191.6,False,121,1,False
2021-08-25 03:00:00,2021-08-25,3,3,90,100,98,106,99,28,24.8,93,0.6,0.0,1.5,191.6,False,121,1,False
2021-08-25 04:00:00,2021-08-25,4,3,109,109,110,107,109,63,24.3,96,0.4,0.0,1.5,191.6,False,121,1,False
2021-08-25 05:00:00,2021-08-25,5,3,90,79,89,107,91,46,24.2,98,0.6,0.0,1.5,191.6,False,121,1,False
2021-08-25 06:00:00,2021-08-25,6,3,101,99,108,108,104,323,24.2,98,0.9,0.1,1.5,191.6,False,121,1,False
2021-08-25 07:00:00,2021-08-25,7,3,109,134,162,150,139,506,25.2,98,0.6,0.1,1.5,191.6,False,121,1,False
2021-08-25 08:00:00,2021-08-25,8,3,156,177,182,179,174,470,25.6,95,0.2,0.1,1.5,191.6,False,121,1,False
2021-08-25 09:00:00,2021-08-25,9,3,161,167,175,181,171,2173,25.6,95,0.3,0.3,1.0,191.6,False,121,1,False
2021-08-25 10:00:00,2021-08-25,10,3,153,179,187,189,177,1134,25.8,97,0.8,1.5,1.0,191.6,False,121,1,False
2021-08-25 11:00:00,2021-08-25,11,3,172,158,184,178,173,1409,26.3,93,1.8,1.5,1.0,191.6,False,121,1,False
2021-08-25 12:00:00,2021-08-25,12,3,121,96,102,120,110,162,25.3,97,1.0,5.4,1.0,191.6,False,121,1,False
2021-08-25 13:00:00,2021-08-25,13,3,170,180,168,177,174,1825,26.0,97,1.3,5.4,1.0,191.6,False,121,1,False
2021-08-25 14:00:00,2021-08-25,14,3,179,165,180,184,177,2166,26.0,94,1.0,5.4,1.0,191.6,False,121,1,False
2021-08-25 15:00:00,2021-08-25,15,3,142,178,174,180,169,1786,25.8,93,1.8,5.4,1.0,191.6,False,121,1,False
2021-08-25 16:00:00,2021-08-25,16,3,172,169,146,160,162,1158,25.4,94,2.7,5.4,1.0,191.6,False,121,1,False
2021-08-25 17:00:00,2021-08-25,17,3,131,117,158,176,146,5718,25.0,98,0.9,5.4,1.0,191.6,False,121,1,False
2021-08-25 18:00:00,2021-08-25,18,3,172,166,165,165,167,1184,25.8,91,2.7,5.4,1.5,191.6,False,121,1,False
2021-08-25 19:00:00,2021-08-25,19,3,150,152,139,115,139,1345,24.5,94,1.4,5.4,1.5,191.6,False,121,1,False
2021-08-25 20:00:00,2021-08-25,20,3,101,107,112,124,111,67,24.7,97,0.8,5.4,1.5,191.6,False,121,1,False
2021-08-25 21:00:00,2021-08-25,21,3,114,131,123,117,121,112,25.0,96,1.2,5.4,1.5,191.6,False,121,1,False
2021-08-25 22:00:00,2021-08-25,22,3,114,109,103,114,110,102,24.7,98,0.7,5.5,1.5,191.6,False,121,1,False
2021-08-25 23:00:00,2021-08-25,23,3,119,112,108,80,105,16,23.9,98,0.4,5.5,1.5,191.6,False,121,1,False
2021-08-26 00:00:00,2021-08-26,0,4,72,72,73,69,72,415,23.8,98,0.1,0.0,1.5,191.6,False,122,1,False
2021-08-26 01:00:00,2021-08-26,1,4,92,106,110,105,103,24,23.9,98,0.1,0.0,1.5,191.6,False,122,1,False
2021-08-26 02:00:00,2021-08-26,2,4,113,116,112,118,115,277,24.0,98,0.8,0.0,1.5,191.6,False,122,1,False
2021-08-26 03:00:00,2021-08-26,3,4,90,100,104,103,99,30,23.6,98,1.1,0.0,1.5,191.6,False,122,1,False
2021-08-26 04:00:00,2021-08-26,4,4,108,115,111,104,110,96,23.9,98,1.8,0.0,1.5,191.6,False,122,1,False
2021-08-26 05:00:00,2021-08-26,5,4,83,77,98,108,92,139,24.2,98,1.7,0.0,1.5,191.6,False,122,1,False
2021-08-26 06:00:00,2021-08-26,6,4,105,104,98,111,105,393,25.3,98,0.7,0.0,1.5,191.6,False,122,1,False
2021-08-26 07:00:00,2021-08-26,7,4,114,129,147,145,134,1981,26.3,90,1.3,0.0,1.5,191.6,False,122,1,False
2021-08-26 08:00:00,2021-08-26,8,4,166,187,182,196,183,592,28.1,74,1.0,0.0,1.5,191.6,False,122,1,False
2021-08-26 09:00:00,2021-08-26,9,4,197,199,191,192,195,1269,27.8,71,1.7,0.0,1.0,191.6,False,122,1,False
2021-08-26 10:00:00,2021-08-26,10,4,158,187,182,193,180,286,29.4,66,0.7,0.0,1.0,191.6,False,122,1,False
2021-08-26 11:00:00,2021-08-26,11,4,192,194,180,187,188,1425,30.2,56,1.8,0.0,1.0,191.6,False,122,1,False
2021-08-26 12:00:00,2021-08-26,12,4,117,100,98,127,111,37,30.6,56,1.3,0.0,1.0,191.6,False,122,1,False
2021-08-26 13:00:00,2021-08-26,13,4,168,172,194,199,183,1792,31.8,44,1.5,0.0,1.0,191.6,False,122,1,False
2021-08-26 14:00:00,2021-08-26,14,4,183,177,189,190,185,746,31.6,56,1.1,0.0,1.0,191.6,False,122,1,False
2021-08-26 15:00:00,2021-08-26,15,4,163,192,202,193,188,2034,30.3,60,2.3,0.0,1.0,191.6,False,122,1,False
2021-08-26 16:00:00,2021-08-26,16,4,186,172,175,158,173,645,29.8,67,0.9,0.0,1.0,191.6,False,122,1,False
2021-08-26 17:00:00,2021-08-26,17,4,119,105,142,161,132,301,30.3,55,1.7,0.0,1.0,191.6,False,122,1,False
2021-08-26 18:00:00,2021-08-26,18,4,161,155,163,167,162,2864,28.3,66,1.2,0.0,1.5,191.6,False,122,1,False
2021-08-26 19:00:00,2021-08-26,19,4,168,158,170,129,156,4012,26.3,80,0.3,0.0,1.5,191.6,False,122,1,False
2021-08-26 20:00:00,2021-08-26,20,4,116,115,112,121,116,203,26.4,81,1.9,0.0,1.5,191.6,False,122,1,False
2021-08-26 21:00:00,2021-08-26,21,4,122,127,128,121,125,10,25.3,82,0.8,0.0,1.5,191.6,False,122,1,False
2021-08-26 22:00:00,2021-08-26,22,4,113,116,106,109,111,123,25.3,79,0.8,0.0,1.5,191.6,False,122,1,False
2021-08-26 23:00:00,2021-08-26,23,4,104,112,113,89,105,370,24.7,81,1.2,0.0,1.5,191.6,False,122,1,False
2021-08-27 00:00:00,2021-08-27,0,5,77,72,70,67,72,0,23.2,96,1.2,0.0,1.5,191.6,False,123,1,False
2021-08-27 01:00:00,2021-08-27,1,5,90,102,111,106,102,43,22.9,91,0.9,0.0,1.5,191.6,False,123,1,False
2021-08-27 02:00:00,2021-08-27,2,5,107,115,112,111,111,1024,22.6,94,1.6,0.0,1.5,191.6,False,123,1,False
2021-08-27 03:00:00,2021-08-27,3,5,92,98,105,114,102,334,22.3,93,1.3,0.0,1.5,191.6,False,123,1,False
2021-08-27 04:00:00,2021-08-27,4,5,107,111,112,100,108,293,22.2,92,0.9,0.0,1.5,191.6,False,123,1,False
2021-08-27 05:00:00,2021-08-27,5,5,77,74,87,104,86,73,21.8,98,0.4,0.0,1.5,191.6,False,123,1,False
2021-08-27 06:00:00,2021-08-27,6,5,101,99,99,103,101,189,23.2,94,0.5,0.0,1.5,191.6,False,123,1,False
2021-08-27 07:00:00,2021-08-27,7,5,106,123,135,135,125,698,25.5,86,0.8,0.0,1.5,191.6,False,123,1,False
2021-08-27 08:00:00,2021-08-27,8,5,166,183,190,185,181,263,25.0,85,0.6,0.0,1.5,191.6,False,123,1,False
2021-08-27 09:00:00,2021-08-27,9,5,179,185,169,170,176,1321,26.0,81,0.7,0.0,1.0,191.6,False,123,1,False
2021-08-27 10:00:00,2021-08-27,10,5,147,176,177,176,169,1056,27.8,71,1.2,0.0,1.0,191.6,False,123,1,False
2021-08-27 11:00:00,2021-08-27,11,5,179,182,169,168,175,2214,28.0,76,1.7,0.0,1.0,191.6,False,123,1,False
2021-08-27 12:00:00,2021-08-27,12,5,112,95,93,125,106,326,30.0,72,3.2,0.0,1.0,191.6,False,123,1,False
2021-08-27 13:00:00,2021-08-27,13,5,179,176,169,167,173,1925,31.2,66,3.1,0.0,1.0,191.6,False,123,1,False
2021-08-27 14:00:00,2021-08-27,14,5,169,168,163,161,165,3481,30.4,64,3.7,0.0,1.0,191.6,False,123,1,False
2021-08-27 15:00:00,2021-08-27,15,5,137,175,173,161,162,4309,30.4,61,5.2,0.0,1.0,191.6,False,123,1,False
2021-08-27 16:00:00,2021-08-27,16,5,158,150,156,161,156,3764,30.0,63,5.2,0.0,1.0,191.6,False,123,1,False
2021-08-27 17:00:00,2021-08-27,17,5,127,116,161,163,142,1054,29.1,68,4.6,0.0,1.0,191.6,False,123,1,False
2021-08-27 18:00:00,2021-08-27,18,5,157,142,137,136,143,672,28.1,72,4.1,0.0,1.5,191.6,False,123,1,False
2021-08-27 19:00:00,2021-08-27,19,5,138,135,127,109,127,1643,27.7,76,1.5,0.0,1.5,191.6,False,123,1,False
2021-08-27 20:00:00,2021-08-27,20,5,104,111,108,109,108,518,23.9,90,2.8,0.0,1.5,191.6,False,123,1,False
2021-08-27 21:00:00,2021-08-27,21,5,104,115,111,97,107,238,22.6,97,1.7,0.0,1.5,191.6,False,123,1,False
2021-08-27 22:00:00,2021-08-27,22,5,79,94,105,105,96,61,22.5,98,0.4,0.3,1.5,191.6,False,123,1,False
2021-08-27 23:00:00,2021-08-27,23,5,105,109,113,82,102,270,22.8,98,0.5,0.3,1.5,191.6,False,123,1,False
2021-08-28 00:00:00,2021-08-28,0,6,75,73,71,69,72,174,22.7,98,1.9,0.2,1.5,191.6,False,124,1,False
2021-08-28 01:00:00,2021-08-28,1,6,91,108,111,107,104,160,22.4,98,1.0,0.2,1.5,191.6,False,124,1,False
2021-08-28 02:00:00,2021-08-28,2,6,111,119,110,102,111,68,22.1,98,2.3,0.2,1.5,191.6,False,124,1,False
2021-08-28 03:00:00,2021-08-28,3,6,100,109,97,103,102,54,21.9,98,1.3,0.2,1.5,191.6,False,124,1,False
2021-08-28 04:00:00,2021-08-28,4,6,105,107,105,93,103,440,22.4,95,1.9,0.2,1.5,191.6,False,124,1,False
2021-08-28 05:00:00,2021-08-28,5,6,73,74,93,107,87,29,22.2,96,1.0,0.2,1.5,191.6,False,124,1,False
2021-08-28 06:00:00,2021-08-28,6,6,103,101,93,95,98,332,22.5,92,1.8,0.2,1.5,191.6,False,124,1,False
2021-08-28 07:00:00,2021-08-28,7,6,94,86,48,37,66,542,23.0,87,2.1,0.2,1.5,191.6,False,124,1,False
2021-08-28 08:00:00,2021-08-28,8,6,35,35,35,36,35,0,24.7,75,1.4,0.2,1.5,191.6,False,124,1,False
2021-08-28 09:00:00,2021-08-28,9,6,36,36,36,36,36,0,26.9,72,1.0,0.2,1.0,191.6,False,124,1,False
2021-08-28 10:00:00,2021-08-28,10,6,37,36,41,39,38,0,27.8,61,1.9,0.2,1.0,191.6,False,124,1,False
2021-08-28 11:00:00,2021-08-28,11,6,36,36,39,37,37,0,28.6,54,2.4,0.2,1.0,191.6,False,124,1,False
2021-08-28 12:00:00,2021-08-28,12,6,38,38,38,38,38,0,29.2,49,2.1,0.2,1.0,191.6,False,124,1,False
2021-08-28 13:00:00,2021-08-28,13,6,38,37,37,41,38,0,30.3,51,1.6,0.2,1.0,191.6,False,124,1,False
2021-08-28 14:00:00,2021-08-28,14,6,41,37,37,37,38,0,29.4,49,1.8,0.2,1.0,191.6,False,124,1,False
2021-08-28 15:00:00,2021-08-28,15,6,37,37,38,38,38,0,29.2,50,1.5,0.2,1.0,191.6,False,124,1,False
2021-08-28 16:00:00,2021-08-28,16,6,38,47,52,46,46,0,28.2,64,1.5,0.2,1.0,191.6,False,124,1,False
2021-08-28 17:00:00,2021-08-28,17,6,47,41,0,0,22,0,26.7,77,1.5,0.2,1.0,191.6,False,124,1,False
2021-08-28 18:00:00,2021-08-28,18,6,0,0,0,0,0,0,25.9,81,0.7,0.2,1.5,191.6,False,124,1,False
2021-08-28 19:00:00,2021-08-28,19,6,0,0,0,0,0,0,25.4,88,0.3,0.2,1.5,191.6,False,124,1,False
2021-08-28 20:00:00,2021-08-28,20,6,0,0,0,0,0,0,24.8,90,1.2,0.2,1.5,191.6,False,124,1,False
2021-08-28 21:00:00,2021-08-28,21,6,0,0,0,0,0,0,24.3,91,1.2,0.2,1.5,191.6,False,124,1,False
2021-08-28 22:00:00,2021-08-28,22,6,0,0,0,0,0,0,24.4,89,1.5,0.2,1.5,191.6,False,124,1,False
2021-08-28 23:00:00,2021-08-28,23,6,0,0,0,0,0,0,24.3,83,1.1,0.2,1.5,191.6,False,124,1,False
2021-08-29 00:00:00,2021-08-29,0,7,0,0,0,0,0,0,23.9,83,0.8,0.0,1.5,191.6,False,125,1,False
2021-08-29 01:00:00,2021-08-29,1,7,0,0,0,0,0,0,23.7,84,0.6,0.0,1.5,191.6,False,125,1,False
2021-08-29 02:00:00,2021-08-29,2,7,0,0,0,0,0,0,22.8,88,1.1,0.0,1.5,191.6,False,125,1,False
2021-08-29 03:00:00,2021-08-29,3,7,0,0,0,0,0,0,23.0,88,1.3,0.0,1.5,191.6,False,125,1,False
2021-08-29 04:00:00,2021-08-29,4,7,0,0,0,0,0,0,23.0,90,0.3,0.0,1.5,191.6,False,125,1,False
2021-08-29 05:00:00,2021-08-29,5,7,0,0,0,0,0,0,23.1,87,1.2,0.0,1.5,191.6,False,125,1,False
2021-08-29 06:00:00,2021-08-29,6,7,0,0,0,0,0,0,23.2,89,0.4,0.0,1.5,191.6,False,125,1,False
2021-08-29 07:00:00,2021-08-29,7,7,0,0,0,0,0,0,24.6,83,1.2,0.0,1.5,191.6,False,125,1,False
2021-08-29 08:00:00,2021-08-29,8,7,0,0,0,0,0,0,25.1,83,0.8,0.0,1.5,191.6,False,125,1,False
2021-08-29 09:00:00,2021-08-29,9,7,0,0,0,0,0,0,26.3,78,0.9,0.0,1.0,191.6,False,125,1,False
2021-08-29 10:00:00,2021-08-29,10,7,0,0,0,0,0,0,27.4,77,1.3,0.0,1.0,191.6,False,125,1,False
2021-08-29 11:00:00,2021-08-29,11,7,0,0,41,25,17,0,27.0,79,1.5,0.0,1.0,191.6,False,125,1,False
2021-08-29 12:00:00,2021-08-29,12,7,23,23,21,19,22,0,24.8,80,1.6,0.0,1.0,191.6,False,125,1,False
2021-08-29 13:00:00,2021-08-29,13,7,19,19,19,19,19,0,26.5,79,1.5,0.0,1.0,191.6,False,125,1,False
2021-08-29 14:00:00,2021-08-29,14,7,21,22,22,21,22,0,26.3,81,0.9,0.0,1.0,191.6,False,125,1,False
2021-08-29 15:00:00,2021-08-29,15,7,21,21,21,21,21,0,25.2,91,1.1,0.2,1.0,191.6,False,125,1,False
2021-08-29 16:00:00,2021-08-29,16,7,21,21,21,23,22,0,25.3,91,1.3,0.2,1.0,191.6,False,125,1,False
2021-08-29 17:00:00,2021-08-29,17,7,26,25,26,26,26,0,25.8,86,0.9,0.2,1.0,191.6,False,125,1,False
2021-08-29 18:00:00,2021-08-29,18,7,25,25,24,21,24,0,24.6,93,0.7,0.2,1.5,191.6,False,125,1,False
2021-08-29 19:00:00,2021-08-29,19,7,20,21,21,20,21,0,23.9,95,1.1,0.2,1.5,191.6,False,125,1,False
2021-08-29 20:00:00,2021-08-29,20,7,20,20,20,20,20,0,23.8,97,0.7,0.2,1.5,191.6,False,125,1,False
2021-08-29 21:00:00,2021-08-29,21,7,20,20,20,21,20,0,24.1,96,2.1,0.2,1.5,191.6,False,125,1,False
2021-08-29 22:00:00,2021-08-29,22,7,20,24,23,20,22,0,24.0,94,1.1,0.2,1.5,191.6,False,125,1,False
2021-08-29 23:00:00,2021-08-29,23,7,19,19,21,20,20,0,23.7,95,0.6,0.2,1.5,191.6,False,125,1,False
2021-08-30 00:00:00,2021-08-30,0,1,20,20,20,20,20,0,23.9,93,1.0,0.0,1.5,191.6,False,126,1,False
2021-08-30 01:00:00,2021-08-30,1,1,20,20,20,23,21,0,23.8,91,1.6,0.0,1.5,191.6,False,126,1,False
2021-08-30 02:00:00,2021-08-30,2,1,24,21,20,20,21,0,23.6,88,1.6,0.0,1.5,191.6,False,126,1,False
2021-08-30 03:00:00,2021-08-30,3,1,20,21,19,19,20,0,23.1,90,0.3,0.0,1.5,191.6,False,126,1,False
2021-08-30 04:00:00,2021-08-30,4,1,19,19,20,20,20,0,23.1,88,1.4,0.0,1.5,191.6,False,126,1,False
2021-08-30 05:00:00,2021-08-30,5,1,20,19,19,20,20,0,22.8,89,1.0,0.0,1.5,191.6,False,126,1,False
2021-08-30 06:00:00,2021-08-30,6,1,24,21,20,19,21,0,23.0,90,0.5,0.0,1.5,191.6,False,126,1,False
2021-08-30 07:00:00,2021-08-30,7,1,29,38,59,80,52,0,24.8,81,1.7,0.0,1.5,191.6,False,126,1,False
2021-08-30 08:00:00,2021-08-30,8,1,133,175,177,183,167,879,25.5,77,1.5,0.0,1.5,191.6,False,126,1,False
2021-08-30 09:00:00,2021-08-30,9,1,167,158,180,174,170,1343,26.4,69,1.9,0.0,1.0,191.6,False,126,1,False
2021-08-30 10:00:00,2021-08-30,10,1,154,180,186,165,171,844,27.1,64,2.7,0.0,1.0,191.6,False,126,1,False
2021-08-30 11:00:00,2021-08-30,11,1,166,178,161,180,171,766,27.3,60,2.3,0.0,1.0,191.6,False,126,1,False
2021-08-30 12:00:00,2021-08-30,12,1,124,103,96,134,114,448,28.4,50,1.5,0.0,1.0,191.6,False,126,1,False
2021-08-30 13:00:00,2021-08-30,13,1,169,177,169,171,172,383,28.5,58,2.4,0.0,1.0,191.6,False,126,1,False
2021-08-30 14:00:00,2021-08-30,14,1,164,173,174,172,171,1151,28.1,54,3.5,0.0,1.0,191.6,False,126,1,False
2021-08-30 15:00:00,2021-08-30,15,1,141,145,175,177,160,1585,27.5,62,2.1,0.0,1.0,191.6,False,126,1,False
2021-08-30 16:00:00,2021-08-30,16,1,171,174,166,169,170,1095,26.5,66,1.2,0.0,1.0,191.6,False,126,1,False
2021-08-30 17:00:00,2021-08-30,17,1,127,115,145,172,140,140,26.0,72,0.2,0.0,1.0,191.6,False,126,1,False
2021-08-30 18:00:00,2021-08-30,18,1,172,165,164,169,168,579,25.0,81,1.0,0.0,1.5,191.6,False,126,1,False
2021-08-30 19:00:00,2021-08-30,19,1,162,150,134,128,144,827,24.7,79,1.1,0.0,1.5,191.6,False,126,1,False
2021-08-30 20:00:00,2021-08-30,20,1,117,130,132,131,128,13,23.8,84,0.5,0.0,1.5,191.6,False,126,1,False
2021-08-30 21:00:00,2021-08-30,21,1,133,135,123,125,129,54,23.9,85,0.7,0.0,1.5,191.6,False,126,1,False
2021-08-30 22:00:00,2021-08-30,22,1,102,116,123,121,116,461,23.6,85,0.6,0.0,1.5,191.6,False,126,1,False
2021-08-30 23:00:00,2021-08-30,23,1,115,107,110,89,105,151,23.3,89,0.8,0.0,1.5,191.6,False,126,1,False
2021-08-31 00:00:00,2021-08-31,0,2,76,73,71,71,73,204,23.4,88,0.8,0.0,1.5,191.6,False,127,1,False
2021-08-31 01:00:00,2021-08-31,1,2,98,106,111,110,106,353,22.9,94,0.6,0.0,1.5,191.6,False,127,1,False
2021-08-31 02:00:00,2021-08-31,2,2,114,110,107,102,108,306,22.9,93,0.2,0.0,1.5,191.6,False,127,1,False
2021-08-31 03:00:00,2021-08-31,3,2,90,101,104,107,101,378,22.7,93,1.3,0.0,1.5,191.6,False,127,1,False
2021-08-31 04:00:00,2021-08-31,4,2,114,114,108,105,110,248,22.9,92,1.1,0.0,1.5,191.6,False,127,1,False
2021-08-31 05:00:00,2021-08-31,5,2,84,79,95,114,93,200,22.5,95,1.2,0.0,1.5,191.6,False,127,1,False
2021-08-31 06:00:00,2021-08-31,6,2,114,114,112,111,113,266,22.9,94,1.4,0.0,1.5,191.6,False,127,1,False
2021-08-31 07:00:00,2021-08-31,7,2,101,105,144,143,123,919,23.5,92,0.9,0.0,1.5,191.6,False,127,1,False
2021-08-31 08:00:00,2021-08-31,8,2,159,177,175,157,167,653,24.1,89,1.3,0.0,1.5,191.6,False,127,1,False
2021-08-31 09:00:00,2021-08-31,9,2,153,162,175,185,169,942,22.5,98,2.4,0.8,1.0,191.6,False,127,1,False
2021-08-31 10:00:00,2021-08-31,10,2,157,187,183,177,176,1026,23.8,96,1.8,1.0,1.0,191.6,False,127,1,False
2021-08-31 11:00:00,2021-08-31,11,2,182,159,159,159,165,1255,25.6,81,1.1,1.0,1.0,191.6,False,127,1,False
2021-08-31 12:00:00,2021-08-31,12,2,108,97,108,135,112,194,27.7,68,1.2,1.0,1.0,191.6,False,127,1,False
2021-08-31 13:00:00,2021-08-31,13,2,163,184,175,173,174,710,26.1,69,1.9,1.0,1.0,191.6,False,127,1,False
2021-08-31 14:00:00,2021-08-31,14,2,187,176,186,179,182,1198,25.3,78,1.5,1.0,1.0,191.6,False,127,1,False
2021-08-31 15:00:00,2021-08-31,15,2,131,161,170,167,157,1803,25.1,79,1.3,1.0,1.0,191.6,False,127,1,False
2021-08-31 16:00:00,2021-08-31,16,2,172,180,162,152,167,2164,24.7,80,1.3,1.0,1.0,191.6,False,127,1,False
2021-08-31 17:00:00,2021-08-31,17,2,122,106,134,139,125,350,24.5,84,1.0,1.0,1.0,191.6,False,127,1,False
2021-08-31 18:00:00,2021-08-31,18,2,162,154,161,145,156,1029,24.4,85,1.1,1.0,1.5,191.6,False,127,1,False
2021-08-31 19:00:00,2021-08-31,19,2,146,137,153,154,148,1381,24.3,87,0.5,1.0,1.5,191.6,False,127,1,False
2021-08-31 20:00:00,2021-08-31,20,2,147,152,152,138,147,179,24.1,86,1.6,1.0,1.5,191.6,False,127,1,False
2021-08-31 21:00:00,2021-08-31,21,2,132,129,132,129,131,133,23.7,91,1.3,1.0,1.5,191.6,False,127,1,False
2021-08-31 22:00:00,2021-08-31,22,2,109,127,127,112,119,366,23.2,93,1.3,1.0,1.5,191.6,False,127,1,False
2021-08-31 23:00:00,2021-08-31,23,2,103,128,118,100,112,186,21.8,94,2.7,1.0,1.5,191.6,False,127,1,False
2021-09-01 00:00:00,2021-09-01,0,3,83,74,69,68,74,178,21.8,94,1.7,0.0,1.5,167.2,False,128,1,False
2021-09-01 01:00:00,2021-09-01,1,3,98,107,117,114,109,1160,21.5,95,1.5,0.0,1.5,167.2,False,128,1,False
2021-09-01 02:00:00,2021-09-01,2,3,121,118,111,105,114,414,21.4,95,1.1,0.0,1.5,167.2,False,128,1,False
2021-09-01 03:00:00,2021-09-01,3,3,90,103,103,99,99,507,21.3,97,0.6,0.0,1.5,167.2,False,128,1,False
2021-09-01 04:00:00,2021-09-01,4,3,114,119,114,114,115,154,20.9,98,0.6,0.0,1.5,167.2,False,128,1,False
2021-09-01 05:00:00,2021-09-01,5,3,84,74,97,112,92,248,20.9,98,0.7,0.0,1.5,167.2,False,128,1,False
2021-09-01 06:00:00,2021-09-01,6,3,112,115,119,116,116,88,21.1,98,0.5,0.0,1.5,167.2,False,128,1,False
2021-09-01 07:00:00,2021-09-01,7,3,106,114,139,135,124,1747,21.3,98,0.7,0.1,1.5,167.2,False,128,1,False
2021-09-01 08:00:00,2021-09-01,8,3,148,182,193,198,180,829,21.7,98,0.0,1.4,1.5,167.2,False,128,1,False
2021-09-01 09:00:00,2021-09-01,9,3,172,182,189,183,182,1338,22.6,98,0.3,3.6,1.0,167.2,False,128,1,False
2021-09-01 10:00:00,2021-09-01,10,3,156,193,196,195,185,806,23.8,98,2.2,3.8,1.0,167.2,False,128,1,False
2021-09-01 11:00:00,2021-09-01,11,3,179,176,180,160,174,1677,25.0,98,2.4,5.1,1.0,167.2,False,128,1,False
2021-09-01 12:00:00,2021-09-01,12,3,115,105,109,138,117,36,26.6,89,3.6,5.1,1.0,167.2,False,128,1,False
2021-09-01 13:00:00,2021-09-01,13,3,172,184,182,190,182,1498,27.9,82,1.8,5.1,1.0,167.2,False,128,1,False
2021-09-01 14:00:00,2021-09-01,14,3,186,192,178,180,184,2107,24.7,91,2.9,5.1,1.0,167.2,False,128,1,False
2021-09-01 15:00:00,2021-09-01,15,3,159,175,176,182,173,1155,23.7,92,1.9,5.1,1.0,167.2,False,128,1,False
2021-09-01 16:00:00,2021-09-01,16,3,165,187,185,165,176,1460,22.6,93,2.2,5.1,1.0,167.2,False,128,1,False
2021-09-01 17:00:00,2021-09-01,17,3,113,105,159,180,139,437,21.8,96,2.8,5.5,1.0,167.2,False,128,1,False
2021-09-01 18:00:00,2021-09-01,18,3,167,161,158,167,163,1288,20.7,98,2.1,14.9,1.5,167.2,False,128,1,False
2021-09-01 19:00:00,2021-09-01,19,3,163,154,157,133,152,1332,20.6,98,2.1,35.8,1.5,167.2,False,128,1,False
2021-09-01 20:00:00,2021-09-01,20,3,117,130,130,139,129,379,20.8,98,1.5,36.2,1.5,167.2,False,128,1,False
2021-09-01 21:00:00,2021-09-01,21,3,133,133,132,126,131,386,21.1,98,2.1,36.2,1.5,167.2,False,128,1,False
2021-09-01 22:00:00,2021-09-01,22,3,108,128,119,122,119,120,21.2,98,1.7,36.2,1.5,167.2,False,128,1,False
2021-09-01 23:00:00,2021-09-01,23,3,119,121,111,103,114,294,21.2,97,1.4,36.2,1.5,167.2,False,128,1,False
2021-09-02 00:00:00,2021-09-02,0,4,87,79,75,74,79,190,21.1,98,1.9,0.0,1.5,167.2,False,129,1,False
2021-09-02 01:00:00,2021-09-02,1,4,102,110,119,116,112,216,21.0,98,1.7,0.3,1.5,167.2,False,129,1,False
2021-09-02 02:00:00,2021-09-02,2,4,119,118,109,109,114,367,21.2,98,2.1,2.5,1.5,167.2,False,129,1,False
2021-09-02 03:00:00,2021-09-02,3,4,87,107,112,118,106,64,21.3,98,1.8,2.8,1.5,167.2,False,129,1,False
2021-09-02 04:00:00,2021-09-02,4,4,120,113,112,111,114,310,21.2,98,1.1,3.1,1.5,167.2,False,129,1,False
2021-09-02 05:00:00,2021-09-02,5,4,91,73,101,108,93,320,20.9,98,1.5,3.4,1.5,167.2,False,129,1,False
2021-09-02 06:00:00,2021-09-02,6,4,113,114,114,117,115,654,20.6,98,1.9,3.5,1.5,167.2,False,129,1,False
2021-09-02 07:00:00,2021-09-02,7,4,128,126,160,151,141,598,20.9,96,2.5,3.5,1.5,167.2,False,129,1,False
2021-09-02 08:00:00,2021-09-02,8,4,152,171,170,171,166,811,20.6,97,1.3,3.5,1.5,167.2,False,129,1,False
2021-09-02 09:00:00,2021-09-02,9,4,175,163,198,198,184,990,21.2,92,2.0,3.5,1.0,167.2,False,129,1,False
2021-09-02 10:00:00,2021-09-02,10,4,163,188,176,188,179,770,21.0,96,1.3,3.6,1.0,167.2,False,129,1,False
2021-09-02 11:00:00,2021-09-02,11,4,171,187,182,188,182,661,22.2,93,1.5,4.0,1.0,167.2,False,129,1,False
2021-09-02 12:00:00,2021-09-02,12,4,130,99,94,124,112,73,22.7,81,1.7,4.0,1.0,167.2,False,129,1,False
2021-09-02 13:00:00,2021-09-02,13,4,168,168,175,183,174,1379,23.3,73,2.2,4.0,1.0,167.2,False,129,1,False
2021-09-02 14:00:00,2021-09-02,14,4,195,195,188,190,192,1151,23.0,74,1.8,4.0,1.0,167.2,False,129,1,False
2021-09-02 15:00:00,2021-09-02,15,4,154,174,177,176,170,929,22.4,80,1.4,4.0,1.0,167.2,False,129,1,False
2021-09-02 16:00:00,2021-09-02,16,4,181,176,171,169,174,1385,22.0,83,1.3,4.0,1.0,167.2,False,129,1,False
2021-09-02 17:00:00,2021-09-02,17,4,131,105,140,153,132,1297,20.9,88,1.8,4.2,1.0,167.2,False,129,1,False
2021-09-02 18:00:00,2021-09-02,18,4,148,153,167,167,159,4490,20.2,93,1.2,5.2,1.5,167.2,False,129,1,False
2021-09-02 19:00:00,2021-09-02,19,4,173,148,173,149,161,1893,20.2,91,1.1,5.2,1.5,167.2,False,129,1,False
2021-09-02 20:00:00,2021-09-02,20,4,122,132,143,131,132,82,20.1,93,1.9,5.2,1.5,167.2,False,129,1,False
2021-09-02 21:00:00,2021-09-02,21,4,138,130,126,130,131,446,19.8,98,1.9,5.3,1.5,167.2,False,129,1,False
2021-09-02 22:00:00,2021-09-02,22,4,103,117,107,129,114,145,19.7,98,1.6,5.3,1.5,167.2,False,129,1,False
2021-09-02 23:00:00,2021-09-02,23,4,127,129,123,98,119,130,19.7,98,1.7,5.3,1.5,167.2,False,129,1,False
2021-09-03 00:00:00,2021-09-03,0,5,71,69,67,68,69,26,19.7,98,0.7,0.0,1.5,167.2,False,130,1,False
2021-09-03 01:00:00,2021-09-03,1,5,97,106,115,119,109,188,19.5,98,1.5,0.0,1.5,167.2,False,130,1,False
2021-09-03 02:00:00,2021-09-03,2,5,117,116,111,104,112,402,19.6,98,1.6,0.0,1.5,167.2,False,130,1,False
2021-09-03 03:00:00,2021-09-03,3,5,100,111,113,114,110,512,19.8,97,1.9,0.0,1.5,167.2,False,130,1,False
2021-09-03 04:00:00,2021-09-03,4,5,111,101,113,103,107,290,19.4,98,1.9,0.1,1.5,167.2,False,130,1,False
2021-09-03 05:00:00,2021-09-03,5,5,84,73,105,111,93,122,19.7,98,2.3,0.1,1.5,167.2,False,130,1,False
2021-09-03 06:00:00,2021-09-03,6,5,114,112,101,102,107,280,19.4,98,1.6,0.5,1.5,167.2,False,130,1,False
2021-09-03 07:00:00,2021-09-03,7,5,119,125,147,144,134,800,19.7,98,1.5,1.0,1.5,167.2,False,130,1,False
2021-09-03 08:00:00,2021-09-03,8,5,153,169,179,177,170,706,20.4,98,2.3,1.2,1.5,167.2,False,130,1,False
2021-09-03 09:00:00,2021-09-03,9,5,172,169,166,178,171,1005,21.0,98,1.7,1.2,1.0,167.2,False,130,1,False
2021-09-03 10:00:00,2021-09-03,10,5,148,167,166,169,163,517,21.3,98,2.1,1.3,1.0,167.2,False,130,1,False
2021-09-03 11:00:00,2021-09-03,11,5,187,186,184,190,187,337,21.0,98,2.6,1.7,1.0,167.2,False,130,1,False
2021-09-03 12:00:00,2021-09-03,12,5,122,96,92,122,108,372,21.5,93,3.1,1.7,1.0,167.2,False,130,1,False
2021-09-03 13:00:00,2021-09-03,13,5,155,170,175,176,169,1240,22.2,88,2.4,1.7,1.0,167.2,False,130,1,False
2021-09-03 14:00:00,2021-09-03,14,5,178,176,181,178,178,280,22.2,89,2.2,1.7,1.0,167.2,False,130,1,False
2021-09-03 15:00:00,2021-09-03,15,5,140,160,162,152,154,2229,21.4,91,3.1,1.7,1.0,167.2,False,130,1,False
2021-09-03 16:00:00,2021-09-03,16,5,165,156,159,165,161,348,21.0,89,3.0,1.7,1.0,167.2,False,130,1,False
2021-09-03 17:00:00,2021-09-03,17,5,143,117,156,170,147,51,20.4,92,2.7,1.7,1.0,167.2,False,130,1,False
2021-09-03 18:00:00,2021-09-03,18,5,158,155,153,148,154,473,20.2,91,2.4,1.7,1.5,167.2,False,130,1,False
2021-09-03 19:00:00,2021-09-03,19,5,156,145,151,119,143,1928,20.7,91,1.9,1.7,1.5,167.2,False,130,1,False
2021-09-03 20:00:00,2021-09-03,20,5,114,118,115,114,115,75,21.0,89,1.9,1.7,1.5,167.2,False,130,1,False
2021-09-03 21:00:00,2021-09-03,21,5,112,111,113,104,110,42,20.4,93,2.0,1.7,1.5,167.2,False,130,1,False
2021-09-03 22:00:00,2021-09-03,22,5,87,102,112,119,105,505,20.4,95,1.4,1.7,1.5,167.2,False,130,1,False
2021-09-03 23:00:00,2021-09-03,23,5,112,105,100,87,101,117,20.6,91,2.4,1.7,1.5,167.2,False,130,1,False
2021-09-04 00:00:00,2021-09-04,0,6,69,64,61,60,64,156,20.0,96,0.1,0.0,1.5,167.2,False,131,1,False
2021-09-04 01:00:00,2021-09-04,1,6,90,114,112,108,106,740,19.8,97,1.5,0.0,1.5,167.2,False,131,1,False
2021-09-04 02:00:00,2021-09-04,2,6,101,103,103,107,104,287,19.7,98,0.5,0.0,1.5,167.2,False,131,1,False
2021-09-04 03:00:00,2021-09-04,3,6,93,103,98,97,98,509,19.5,98,1.0,0.0,1.5,167.2,False,131,1,False
2021-09-04 04:00:00,2021-09-04,4,6,105,112,109,108,109,183,19.4,98,1.4,0.0,1.5,167.2,False,131,1,False
2021-09-04 05:00:00,2021-09-04,5,6,83,73,92,105,88,745,19.1,98,1.7,0.0,1.5,167.2,False,131,1,False
2021-09-04 06:00:00,2021-09-04,6,6,107,116,111,108,111,118,19.9,94,1.9,0.0,1.5,167.2,False,131,1,False
2021-09-04 07:00:00,2021-09-04,7,6,97,84,58,40,70,693,21.1,88,2.5,0.0,1.5,167.2,False,131,1,False
2021-09-04 08:00:00,2021-09-04,8,6,37,31,31,31,33,0,22.2,82,2.7,0.0,1.5,167.2,False,131,1,False
2021-09-04 09:00:00,2021-09-04,9,6,32,31,31,32,32,0,23.1,81,2.3,0.0,1.0,167.2,False,131,1,False
2021-09-04 10:00:00,2021-09-04,10,6,32,32,36,34,34,0,24.0,76,1.9,0.0,1.0,167.2,False,131,1,False
2021-09-04 11:00:00,2021-09-04,11,6,32,32,32,32,32,0,24.2,71,2.4,0.0,1.0,167.2,False,131,1,False
2021-09-04 12:00:00,2021-09-04,12,6,33,34,33,32,33,0,24.2,71,2.8,0.0,1.0,167.2,False,131,1,False
2021-09-04 13:00:00,2021-09-04,13,6,32,32,33,37,34,0,23.6,69,2.9,0.0,1.0,167.2,False,131,1,False
2021-09-04 14:00:00,2021-09-04,14,6,35,34,33,33,34,0,24.5,68,2.1,0.0,1.0,167.2,False,131,1,False
2021-09-04 15:00:00,2021-09-04,15,6,33,33,33,33,33,0,23.5,74,2.5,0.0,1.0,167.2,False,131,1,False
2021-09-04 16:00:00,2021-09-04,16,6,33,33,35,43,36,0,23.3,74,2.9,0.0,1.0,167.2,False,131,1,False
2021-09-04 17:00:00,2021-09-04,17,6,40,35,33,31,35,0,22.7,75,2.5,0.0,1.0,167.2,False,131,1,False
2021-09-04 18:00:00,2021-09-04,18,6,29,25,24,24,26,0,21.9,80,2.7,0.0,1.5,167.2,False,131,1,False
2021-09-04 19:00:00,2021-09-04,19,6,25,23,22,23,23,0,22.0,77,3.2,0.0,1.5,167.2,False,131,1,False
2021-09-04 20:00:00,2021-09-04,20,6,22,25,27,25,25,0,22.0,77,2.7,0.0,1.5,167.2,False,131,1,False
2021-09-04 21:00:00,2021-09-04,21,6,22,23,23,22,23,0,21.4,82,1.6,0.0,1.5,167.2,False,131,1,False
2021-09-04 22:00:00,2021-09-04,22,6,22,23,23,23,23,0,20.8,83,2.3,0.0,1.5,167.2,False,131,1,False
2021-09-04 23:00:00,2021-09-04,23,6,22,22,23,23,23,0,20.6,79,3.0,0.0,1.5,167.2,False,131,1,False
2021-09-05 00:00:00,2021-09-05,0,7,22,24,26,24,24,0,20.6,82,1.4,0.0,1.5,167.2,False,132,1,False
2021-09-05 01:00:00,2021-09-05,1,7,22,22,22,22,22,0,20.6,83,2.3,0.0,1.5,167.2,False,132,1,False
2021-09-05 02:00:00,2021-09-05,2,7,22,22,22,22,22,0,20.5,85,2.3,0.0,1.5,167.2,False,132,1,False
2021-09-05 03:00:00,2021-09-05,3,7,22,22,22,22,22,0,20.6,86,1.6,0.0,1.5,167.2,False,132,1,False
2021-09-05 04:00:00,2021-09-05,4,7,23,27,25,22,24,0,20.7,88,2.1,0.0,1.5,167.2,False,132,1,False
2021-09-05 05:00:00,2021-09-05,5,7,22,22,22,22,22,0,20.6,89,2.5,0.0,1.5,167.2,False,132,1,False
2021-09-05 06:00:00,2021-09-05,6,7,22,22,22,22,22,0,21.6,86,2.3,0.0,1.5,167.2,False,132,1,False
2021-09-05 07:00:00,2021-09-05,7,7,22,22,22,22,22,0,22.9,79,2.7,0.0,1.5,167.2,False,132,1,False
2021-09-05 08:00:00,2021-09-05,8,7,25,27,23,23,25,0,22.8,79,1.8,0.0,1.5,167.2,False,132,1,False
2021-09-05 09:00:00,2021-09-05,9,7,22,22,22,23,22,0,23.3,70,3.0,0.0,1.0,167.2,False,132,1,False
2021-09-05 10:00:00,2021-09-05,10,7,22,22,22,22,22,0,24.1,64,2.9,0.0,1.0,167.2,False,132,1,False
2021-09-05 11:00:00,2021-09-05,11,7,22,22,22,22,22,0,24.6,68,2.7,0.0,1.0,167.2,False,132,1,False
2021-09-05 12:00:00,2021-09-05,12,7,26,26,22,22,24,0,23.5,69,2.1,0.0,1.0,167.2,False,132,1,False
2021-09-05 13:00:00,2021-09-05,13,7,23,22,22,22,22,0,23.7,69,1.4,0.0,1.0,167.2,False,132,1,False
2021-09-05 14:00:00,2021-09-05,14,7,23,23,23,23,23,0,24.1,69,1.7,0.0,1.0,167.2,False,132,1,False
2021-09-05 15:00:00,2021-09-05,15,7,23,23,23,28,24,0,23.6,76,2.5,0.0,1.0,167.2,False,132,1,False
2021-09-05 16:00:00,2021-09-05,16,7,25,23,23,22,23,0,23.1,77,2.3,0.0,1.0,167.2,False,132,1,False
2021-09-05 17:00:00,2021-09-05,17,7,22,23,22,23,23,0,22.6,81,1.7,0.0,1.0,167.2,False,132,1,False
2021-09-05 18:00:00,2021-09-05,18,7,22,22,22,22,22,0,22.1,82,1.6,0.0,1.5,167.2,False,132,1,False
2021-09-05 19:00:00,2021-09-05,19,7,23,24,27,23,24,0,21.9,83,1.8,0.0,1.5,167.2,False,132,1,False
2021-09-05 20:00:00,2021-09-05,20,7,23,23,23,23,23,0,21.6,84,1.7,0.0,1.5,167.2,False,132,1,False
2021-09-05 21:00:00,2021-09-05,21,7,22,23,23,22,23,0,21.5,84,2.1,0.0,1.5,167.2,False,132,1,False
2021-09-05 22:00:00,2021-09-05,22,7,23,22,23,27,24,0,21.3,88,2.4,0.0,1.5,167.2,False,132,1,False
2021-09-05 23:00:00,2021-09-05,23,7,24,23,23,22,23,0,21.4,88,1.8,0.0,1.5,167.2,False,132,1,False
2021-09-06 00:00:00,2021-09-06,0,1,21,22,22,22,22,0,20.6,96,1.9,0.1,1.5,167.2,False,133,1,False
2021-09-06 01:00:00,2021-09-06,1,1,22,22,22,22,22,0,20.7,98,1.3,0.2,1.5,167.2,False,133,1,False
2021-09-06 02:00:00,2021-09-06,2,1,22,27,25,22,24,0,20.6,98,1.5,0.4,1.5,167.2,False,133,1,False
2021-09-06 03:00:00,2021-09-06,3,1,22,22,22,22,22,0,20.8,98,2.6,0.5,1.5,167.2,False,133,1,False
2021-09-06 04:00:00,2021-09-06,4,1,22,22,22,22,22,0,20.9,98,2.9,0.8,1.5,167.2,False,133,1,False
2021-09-06 05:00:00,2021-09-06,5,1,22,22,22,24,23,0,21.7,93,2.9,0.8,1.5,167.2,False,133,1,False
2021-09-06 06:00:00,2021-09-06,6,1,26,23,22,24,24,0,22.4,89,2.0,0.8,1.5,167.2,False,133,1,False
2021-09-06 07:00:00,2021-09-06,7,1,29,38,61,81,52,0,22.3,89,2.0,0.8,1.5,167.2,False,133,1,False
2021-09-06 08:00:00,2021-09-06,8,1,157,170,180,176,171,158,23.3,84,3.0,0.8,1.5,167.2,False,133,1,False
2021-09-06 09:00:00,2021-09-06,9,1,165,148,151,165,157,976,23.6,80,3.2,0.8,1.0,167.2,False,133,1,False
2021-09-06 10:00:00,2021-09-06,10,1,144,190,175,174,171,615,24.6,76,3.1,0.8,1.0,167.2,False,133,1,False
2021-09-06 11:00:00,2021-09-06,11,1,176,180,175,172,176,2362,23.9,75,3.2,0.8,1.0,167.2,False,133,1,False
2021-09-06 12:00:00,2021-09-06,12,1,119,98,93,124,109,800,24.7,73,3.8,0.8,1.0,167.2,False,133,1,False
2021-09-06 13:00:00,2021-09-06,13,1,150,163,164,161,160,1112,24.4,74,3.5,0.8,1.0,167.2,False,133,1,False
2021-09-06 14:00:00,2021-09-06,14,1,159,163,156,161,160,3967,23.6,76,3.0,0.8,1.0,167.2,False,133,1,False
2021-09-06 15:00:00,2021-09-06,15,1,134,158,171,168,158,1044,23.5,75,2.7,0.8,1.0,167.2,False,133,1,False
2021-09-06 16:00:00,2021-09-06,16,1,152,143,145,144,146,2139,23.2,75,2.8,0.8,1.0,167.2,False,133,1,False
2021-09-06 17:00:00,2021-09-06,17,1,115,102,148,147,128,499,22.7,78,1.9,0.8,1.0,167.2,False,133,1,False
2021-09-06 18:00:00,2021-09-06,18,1,153,154,150,152,152,963,22.5,79,1.4,0.8,1.5,167.2,False,133,1,False
2021-09-06 19:00:00,2021-09-06,19,1,145,136,137,121,135,1591,22.3,79,1.6,0.8,1.5,167.2,False,133,1,False
2021-09-06 20:00:00,2021-09-06,20,1,121,128,117,116,121,120,22.4,80,1.2,0.8,1.5,167.2,False,133,1,False
2021-09-06 21:00:00,2021-09-06,21,1,133,123,114,121,123,26,22.4,82,1.2,0.8,1.5,167.2,False,133,1,False
2021-09-06 22:00:00,2021-09-06,22,1,105,114,108,112,110,39,22.5,79,0.6,0.8,1.5,167.2,False,133,1,False
2021-09-06 23:00:00,2021-09-06,23,1,108,118,109,79,104,217,22.2,81,1.5,0.8,1.5,167.2,False,133,1,False
2021-09-07 00:00:00,2021-09-07,0,2,74,71,70,71,72,0,22.2,84,1.2,0.0,1.5,167.2,False,134,1,False
2021-09-07 01:00:00,2021-09-07,1,2,93,106,116,121,109,54,21.8,89,1.6,0.0,1.5,167.2,False,134,1,False
2021-09-07 02:00:00,2021-09-07,2,2,118,107,108,112,111,258,21.4,93,1.2,0.0,1.5,167.2,False,134,1,False
2021-09-07 03:00:00,2021-09-07,3,2,100,123,112,102,109,304,21.0,98,2.3,0.1,1.5,167.2,False,134,1,False
2021-09-07 04:00:00,2021-09-07,4,2,97,98,119,120,109,0,20.7,98,1.8,0.5,1.5,167.2,False,134,1,False
2021-09-07 05:00:00,2021-09-07,5,2,83,80,103,116,96,150,20.6,98,1.6,1.8,1.5,167.2,False,134,1,False
2021-09-07 06:00:00,2021-09-07,6,2,107,108,119,124,115,205,20.7,98,2.5,1.8,1.5,167.2,False,134,1,False
2021-09-07 07:00:00,2021-09-07,7,2,121,137,160,143,140,548,21.1,98,2.2,1.8,1.5,167.2,False,134,1,False
2021-09-07 08:00:00,2021-09-07,8,2,153,171,177,192,173,1236,21.7,98,0.8,1.8,1.5,167.2,False,134,1,False
2021-09-07 09:00:00,2021-09-07,9,2,168,174,169,168,170,1727,22.1,98,0.6,1.8,1.0,167.2,False,134,1,False
2021-09-07 10:00:00,2021-09-07,10,2,142,164,173,178,164,1118,23.3,98,0.6,1.8,1.0,167.2,False,134,1,False
2021-09-07 11:00:00,2021-09-07,11,2,168,171,174,183,174,1540,24.5,87,1.3,1.8,1.0,167.2,False,134,1,False
2021-09-07 12:00:00,2021-09-07,12,2,120,102,101,140,116,1184,26.9,77,2.2,1.8,1.0,167.2,False,134,1,False
2021-09-07 13:00:00,2021-09-07,13,2,188,189,184,162,181,1548,27.3,73,3.4,1.8,1.0,167.2,False,134,1,False
2021-09-07 14:00:00,2021-09-07,14,2,178,171,191,188,182,1395,26.5,78,2.9,1.8,1.0,167.2,False,134,1,False
2021-09-07 15:00:00,2021-09-07,15,2,148,172,174,170,166,751,26.1,84,3.1,1.8,1.0,167.2,False,134,1,False
2021-09-07 16:00:00,2021-09-07,16,2,161,167,160,152,160,1375,26.3,88,1.7,1.8,1.0,167.2,False,134,1,False
2021-09-07 17:00:00,2021-09-07,17,2,124,109,145,161,135,606,26.3,88,2.7,1.8,1.0,167.2,False,134,1,False
2021-09-07 18:00:00,2021-09-07,18,2,165,160,147,150,156,685,25.8,91,1.4,1.8,1.5,167.2,False,134,1,False
2021-09-07 19:00:00,2021-09-07,19,2,158,148,157,146,152,1376,25.4,93,0.8,1.8,1.5,167.2,False,134,1,False
2021-09-07 20:00:00,2021-09-07,20,2,124,134,136,141,134,201,25.6,90,2.5,1.8,1.5,167.2,False,134,1,False
2021-09-07 21:00:00,2021-09-07,21,2,133,134,127,130,131,78,25.5,85,2.2,1.8,1.5,167.2,False,134,1,False
2021-09-07 22:00:00,2021-09-07,22,2,104,122,122,113,115,12,24.9,85,1.6,1.8,1.5,167.2,False,134,1,False
2021-09-07 23:00:00,2021-09-07,23,2,117,126,110,90,111,73,25.2,79,1.5,1.8,1.5,167.2,False,134,1,False
2021-09-08 00:00:00,2021-09-08,0,3,78,72,69,70,72,0,24.4,83,1.8,0.0,1.5,167.2,False,135,1,False
2021-09-08 01:00:00,2021-09-08,1,3,100,112,115,114,110,687,23.2,93,0.9,0.0,1.5,167.2,False,135,1,False
2021-09-08 02:00:00,2021-09-08,2,3,115,115,126,117,118,109,22.8,93,0.8,0.0,1.5,167.2,False,135,1,False
2021-09-08 03:00:00,2021-09-08,3,3,96,110,120,122,112,177,22.7,96,1.0,0.0,1.5,167.2,False,135,1,False
2021-09-08 04:00:00,2021-09-08,4,3,113,113,116,111,113,110,22.3,94,1.0,0.0,1.5,167.2,False,135,1,False
2021-09-08 05:00:00,2021-09-08,5,3,89,82,106,109,97,120,22.2,90,1.6,0.0,1.5,167.2,False,135,1,False
2021-09-08 06:00:00,2021-09-08,6,3,110,118,123,119,118,233,22.3,86,1.5,0.0,1.5,167.2,False,135,1,False
2021-09-08 07:00:00,2021-09-08,7,3,115,139,154,133,135,2206,22.3,90,1.9,0.0,1.5,167.2,False,135,1,False
2021-09-08 08:00:00,2021-09-08,8,3,150,181,178,173,171,476,23.3,83,1.6,0.0,1.5,167.2,False,135,1,False
2021-09-08 09:00:00,2021-09-08,9,3,160,163,160,158,160,1154,23.4,82,1.5,0.0,1.0,167.2,False,135,1,False
2021-09-08 10:00:00,2021-09-08,10,3,134,160,156,159,152,1369,25.5,69,2.2,0.0,1.0,167.2,False,135,1,False
2021-09-08 11:00:00,2021-09-08,11,3,158,167,168,132,156,857,26.5,65,2.6,0.0,1.0,167.2,False,135,1,False
2021-09-08 12:00:00,2021-09-08,12,3,0,0,36,63,25,3,25.1,78,2.2,0.0,1.0,167.2,False,135,1,False
2021-09-08 13:00:00,2021-09-08,13,3,140,144,160,165,152,1160,25.6,74,2.2,0.0,1.0,167.2,False,135,1,False
2021-09-08 14:00:00,2021-09-08,14,3,178,166,161,155,165,6214,25.7,74,2.6,0.0,1.0,167.2,False,135,1,False
2021-09-08 15:00:00,2021-09-08,15,3,131,171,174,183,165,1042,24.7,77,2.8,0.0,1.0,167.2,False,135,1,False
2021-09-08 16:00:00,2021-09-08,16,3,170,163,164,165,166,513,23.9,84,2.1,0.0,1.0,167.2,False,135,1,False
2021-09-08 17:00:00,2021-09-08,17,3,124,109,162,182,144,616,23.4,86,1.7,0.0,1.0,167.2,False,135,1,False
2021-09-08 18:00:00,2021-09-08,18,3,168,170,153,163,164,737,22.9,89,1.7,0.0,1.5,167.2,False,135,1,False
2021-09-08 19:00:00,2021-09-08,19,3,162,163,156,120,150,2621,22.7,90,1.0,0.0,1.5,167.2,False,135,1,False
2021-09-08 20:00:00,2021-09-08,20,3,97,98,111,107,103,175,22.0,92,0.3,0.0,1.5,167.2,False,135,1,False
2021-09-08 21:00:00,2021-09-08,21,3,114,123,127,123,122,17,21.3,96,0.7,0.0,1.5,167.2,False,135,1,False
2021-09-08 22:00:00,2021-09-08,22,3,92,110,116,104,106,144,21.9,94,0.8,0.0,1.5,167.2,False,135,1,False
2021-09-08 23:00:00,2021-09-08,23,3,99,110,111,83,101,91,21.3,96,1.7,0.0,1.5,167.2,False,135,1,False
2021-09-09 00:00:00,2021-09-09,0,4,79,71,68,68,72,0,20.7,98,1.7,0.0,1.5,167.2,False,136,1,False
2021-09-09 01:00:00,2021-09-09,1,4,95,99,94,98,97,222,19.6,98,0.1,0.0,1.5,167.2,False,136,1,False
2021-09-09 02:00:00,2021-09-09,2,4,104,114,111,112,110,72,19.7,98,0.7,0.0,1.5,167.2,False,136,1,False
2021-09-09 03:00:00,2021-09-09,3,4,103,106,112,116,109,2,19.3,98,0.5,0.0,1.5,167.2,False,136,1,False
2021-09-09 04:00:00,2021-09-09,4,4,113,114,105,97,107,69,19.3,98,1.9,0.0,1.5,167.2,False,136,1,False
2021-09-09 05:00:00,2021-09-09,5,4,81,78,99,109,92,26,19.2,98,1.1,0.0,1.5,167.2,False,136,1,False
2021-09-09 06:00:00,2021-09-09,6,4,117,119,121,119,119,346,20.1,98,2.1,0.0,1.5,167.2,False,136,1,False
2021-09-09 07:00:00,2021-09-09,7,4,117,139,152,147,139,2056,20.9,98,1.6,0.0,1.5,167.2,False,136,1,False
2021-09-09 08:00:00,2021-09-09,8,4,155,168,178,187,172,434,22.4,90,1.0,0.0,1.5,167.2,False,136,1,False
2021-09-09 09:00:00,2021-09-09,9,4,173,176,165,165,170,1125,23.5,81,1.4,0.0,1.0,167.2,False,136,1,False
2021-09-09 10:00:00,2021-09-09,10,4,134,159,159,169,155,1248,24.8,72,1.2,0.0,1.0,167.2,False,136,1,False
2021-09-09 11:00:00,2021-09-09,11,4,159,172,190,176,174,688,26.3,66,0.8,0.0,1.0,167.2,False,136,1,False
2021-09-09 12:00:00,2021-09-09,12,4,124,97,93,129,111,194,26.7,64,1.7,0.0,1.0,167.2,False,136,1,False
2021-09-09 13:00:00,2021-09-09,13,4,168,176,172,167,171,1542,26.4,66,1.4,0.0,1.0,167.2,False,136,1,False
2021-09-09 14:00:00,2021-09-09,14,4,166,163,168,164,165,2666,26.8,58,1.5,0.0,1.0,167.2,False,136,1,False
2021-09-09 15:00:00,2021-09-09,15,4,143,179,183,185,173,888,26.7,65,2.2,0.0,1.0,167.2,False,136,1,False
2021-09-09 16:00:00,2021-09-09,16,4,168,155,150,168,160,950,25.2,72,2.1,0.0,1.0,167.2,False,136,1,False
2021-09-09 17:00:00,2021-09-09,17,4,126,114,153,168,140,494,24.4,79,1.6,0.0,1.0,167.2,False,136,1,False
2021-09-09 18:00:00,2021-09-09,18,4,172,155,153,169,162,1136,23.4,87,1.2,0.0,1.5,167.2,False,136,1,False
2021-09-09 19:00:00,2021-09-09,19,4,158,140,145,126,142,2702,23.1,88,1.5,0.0,1.5,167.2,False,136,1,False
2021-09-09 20:00:00,2021-09-09,20,4,118,134,129,132,128,2,22.9,91,0.7,0.0,1.5,167.2,False,136,1,False
2021-09-09 21:00:00,2021-09-09,21,4,127,120,129,134,128,84,22.5,92,1.0,0.0,1.5,167.2,False,136,1,False
2021-09-09 22:00:00,2021-09-09,22,4,112,118,106,101,109,30,22.8,92,1.7,0.0,1.5,167.2,False,136,1,False
2021-09-09 23:00:00,2021-09-09,23,4,115,114,116,91,109,186,22.0,96,0.3,0.0,1.5,167.2,False,136,1,False
2021-09-10 00:00:00,2021-09-10,0,5,83,78,74,73,77,0,21.6,97,1.3,0.0,1.5,167.2,False,137,1,False
2021-09-10 01:00:00,2021-09-10,1,5,94,102,103,109,102,270,20.9,98,0.3,0.0,1.5,167.2,False,137,1,False
2021-09-10 02:00:00,2021-09-10,2,5,116,118,116,97,112,143,21.1,98,1.8,0.0,1.5,167.2,False,137,1,False
2021-09-10 03:00:00,2021-09-10,3,5,87,109,116,113,106,144,20.5,98,1.4,0.0,1.5,167.2,False,137,1,False
2021-09-10 04:00:00,2021-09-10,4,5,117,112,106,96,108,125,20.4,98,0.0,0.0,1.5,167.2,False,137,1,False
2021-09-10 05:00:00,2021-09-10,5,5,85,80,95,107,92,13,20.3,98,0.8,0.0,1.5,167.2,False,137,1,False
2021-09-10 06:00:00,2021-09-10,6,5,118,110,107,109,111,54,20.7,98,0.3,0.0,1.5,167.2,False,137,1,False
2021-09-10 07:00:00,2021-09-10,7,5,111,117,150,149,132,1777,21.0,98,1.1,0.1,1.5,167.2,False,137,1,False
2021-09-10 08:00:00,2021-09-10,8,5,172,187,169,192,180,196,21.9,91,0.9,0.1,1.5,167.2,False,137,1,False
2021-09-10 09:00:00,2021-09-10,9,5,182,171,179,204,184,1038,21.8,95,1.5,0.2,1.0,167.2,False,137,1,False
2021-09-10 10:00:00,2021-09-10,10,5,155,181,166,168,168,1409,21.9,92,0.6,0.2,1.0,167.2,False,137,1,False
2021-09-10 11:00:00,2021-09-10,11,5,177,179,180,188,181,1647,23.2,86,1.3,0.2,1.0,167.2,False,137,1,False
2021-09-10 12:00:00,2021-09-10,12,5,128,107,104,126,116,480,24.2,77,1.6,0.2,1.0,167.2,False,137,1,False
2021-09-10 13:00:00,2021-09-10,13,5,164,179,187,191,180,838,24.9,69,3.0,0.2,1.0,167.2,False,137,1,False
2021-09-10 14:00:00,2021-09-10,14,5,190,174,180,168,178,968,25.5,68,2.2,0.2,1.0,167.2,False,137,1,False
2021-09-10 15:00:00,2021-09-10,15,5,143,172,191,176,171,1214,25.3,67,2.6,0.2,1.0,167.2,False,137,1,False
2021-09-10 16:00:00,2021-09-10,16,5,171,166,153,166,164,5858,24.7,71,0.7,0.2,1.0,167.2,False,137,1,False
2021-09-10 17:00:00,2021-09-10,17,5,129,118,148,157,138,261,24.0,77,3.1,0.2,1.0,167.2,False,137,1,False
2021-09-10 18:00:00,2021-09-10,18,5,151,151,154,162,155,774,23.4,77,2.9,0.2,1.5,167.2,False,137,1,False
2021-09-10 19:00:00,2021-09-10,19,5,145,143,148,131,142,1387,22.2,86,1.0,0.2,1.5,167.2,False,137,1,False
2021-09-10 20:00:00,2021-09-10,20,5,114,121,110,119,116,3,22.1,86,1.1,0.2,1.5,167.2,False,137,1,False
2021-09-10 21:00:00,2021-09-10,21,5,122,126,111,107,117,9,22.0,84,0.8,0.2,1.5,167.2,False,137,1,False
2021-09-10 22:00:00,2021-09-10,22,5,92,102,109,106,102,157,21.6,85,0.7,0.2,1.5,167.2,False,137,1,False
2021-09-10 23:00:00,2021-09-10,23,5,105,91,83,72,88,24,21.5,85,0.5,0.2,1.5,167.2,False,137,1,False
2021-09-11 00:00:00,2021-09-11,0,6,69,62,58,55,61,0,21.2,86,2.0,0.0,1.5,167.2,False,138,1,False
2021-09-11 01:00:00,2021-09-11,1,6,76,100,105,105,97,4,20.3,89,1.1,0.0,1.5,167.2,False,138,1,False
2021-09-11 02:00:00,2021-09-11,2,6,99,96,92,93,95,155,20.5,91,1.5,0.0,1.5,167.2,False,138,1,False
2021-09-11 03:00:00,2021-09-11,3,6,74,96,107,100,94,0,19.3,97,0.3,0.0,1.5,167.2,False,138,1,False
2021-09-11 04:00:00,2021-09-11,4,6,93,92,87,85,89,144,20.1,93,1.5,0.0,1.5,167.2,False,138,1,False
2021-09-11 05:00:00,2021-09-11,5,6,74,67,90,98,82,48,20.1,93,1.4,0.0,1.5,167.2,False,138,1,False
2021-09-11 06:00:00,2021-09-11,6,6,97,82,85,79,86,104,21.3,89,1.7,0.0,1.5,167.2,False,138,1,False
2021-09-11 07:00:00,2021-09-11,7,6,73,61,43,27,51,1718,23.7,83,1.2,0.0,1.5,167.2,False,138,1,False
2021-09-11 08:00:00,2021-09-11,8,6,23,23,23,22,23,0,24.3,76,1.9,0.0,1.5,167.2,False,138,1,False
2021-09-11 09:00:00,2021-09-11,9,6,23,22,23,23,23,0,25.6,72,3.1,0.0,1.0,167.2,False,138,1,False
2021-09-11 10:00:00,2021-09-11,10,6,22,22,23,22,22,0,26.7,67,2.2,0.0,1.0,167.2,False,138,1,False
2021-09-11 11:00:00,2021-09-11,11,6,22,23,23,23,23,0,28.3,60,1.5,0.0,1.0,167.2,False,138,1,False
2021-09-11 12:00:00,2021-09-11,12,6,23,24,28,24,25,0,27.9,63,1.7,0.0,1.0,167.2,False,138,1,False
2021-09-11 13:00:00,2021-09-11,13,6,22,25,23,23,23,0,28.7,62,2.0,0.0,1.0,167.2,False,138,1,False
2021-09-11 14:00:00,2021-09-11,14,6,22,23,24,23,23,0,27.9,65,2.3,0.0,1.0,167.2,False,138,1,False
2021-09-11 15:00:00,2021-09-11,15,6,23,24,24,24,24,0,27.5,64,2.0,0.0,1.0,167.2,False,138,1,False
2021-09-11 16:00:00,2021-09-11,16,6,23,24,24,23,24,0,26.5,68,1.3,0.0,1.0,167.2,False,138,1,False
2021-09-11 17:00:00,2021-09-11,17,6,24,23,23,23,23,0,25.7,69,1.2,0.0,1.0,167.2,False,138,1,False
2021-09-11 18:00:00,2021-09-11,18,6,24,23,24,22,23,0,23.9,80,1.0,0.0,1.5,167.2,False,138,1,False
2021-09-11 19:00:00,2021-09-11,19,6,24,28,25,24,25,0,23.5,85,0.8,0.0,1.5,167.2,False,138,1,False
2021-09-11 20:00:00,2021-09-11,20,6,23,24,22,24,23,0,22.4,92,0.9,0.0,1.5,167.2,False,138,1,False
2021-09-11 21:00:00,2021-09-11,21,6,24,23,23,23,23,0,22.1,94,1.3,0.0,1.5,167.2,False,138,1,False
2021-09-11 22:00:00,2021-09-11,22,6,23,23,24,23,23,0,21.0,96,0.0,0.0,1.5,167.2,False,138,1,False
2021-09-11 23:00:00,2021-09-11,23,6,23,23,22,23,23,0,21.0,98,2.0,0.0,1.5,167.2,False,138,1,False
2021-09-12 00:00:00,2021-09-12,0,7,23,23,23,22,23,0,20.9,98,1.5,0.0,1.5,167.2,False,139,1,False
2021-09-12 01:00:00,2021-09-12,1,7,22,22,23,24,23,0,20.2,98,0.6,0.0,1.5,167.2,False,139,1,False
2021-09-12 02:00:00,2021-09-12,2,7,27,23,22,23,24,0,19.8,98,0.2,0.0,1.5,167.2,False,139,1,False
2021-09-12 03:00:00,2021-09-12,3,7,22,23,23,22,23,0,19.5,98,1.1,0.0,1.5,167.2,False,139,1,False
2021-09-12 04:00:00,2021-09-12,4,7,23,23,23,23,23,0,19.5,98,1.0,0.0,1.5,167.2,False,139,1,False
2021-09-12 05:00:00,2021-09-12,5,7,23,23,23,23,23,0,20.2,98,1.9,0.0,1.5,167.2,False,139,1,False
2021-09-12 06:00:00,2021-09-12,6,7,22,23,23,23,23,0,20.7,96,2.0,0.0,1.5,167.2,False,139,1,False
2021-09-12 07:00:00,2021-09-12,7,7,23,22,23,23,23,0,22.9,88,1.3,0.0,1.5,167.2,False,139,1,False
2021-09-12 08:00:00,2021-09-12,8,7,28,25,23,23,25,0,24.3,79,2.0,0.0,1.5,167.2,False,139,1,False
2021-09-12 09:00:00,2021-09-12,9,7,24,23,23,22,23,0,25.9,66,1.9,0.0,1.0,167.2,False,139,1,False
2021-09-12 10:00:00,2021-09-12,10,7,23,22,24,23,23,0,27.3,60,3.3,0.0,1.0,167.2,False,139,1,False
2021-09-12 11:00:00,2021-09-12,11,7,23,23,22,22,23,0,28.1,57,2.2,0.0,1.0,167.2,False,139,1,False
2021-09-12 12:00:00,2021-09-12,12,7,23,23,23,22,23,0,27.5,46,3.5,0.0,1.0,167.2,False,139,1,False
2021-09-12 13:00:00,2021-09-12,13,7,23,23,23,23,23,0,27.3,51,2.9,0.0,1.0,167.2,False,139,1,False
2021-09-12 14:00:00,2021-09-12,14,7,22,23,27,28,25,0,26.8,57,2.6,0.0,1.0,167.2,False,139,1,False
2021-09-12 15:00:00,2021-09-12,15,7,23,24,23,23,23,0,25.9,74,2.0,0.0,1.0,167.2,False,139,1,False
2021-09-12 16:00:00,2021-09-12,16,7,23,24,24,23,24,0,25.1,76,1.7,0.0,1.0,167.2,False,139,1,False
2021-09-12 17:00:00,2021-09-12,17,7,23,23,23,23,23,0,24.1,81,2.3,0.0,1.0,167.2,False,139,1,False
2021-09-12 18:00:00,2021-09-12,18,7,23,22,24,23,23,0,23.7,81,2.3,0.0,1.5,167.2,False,139,1,False
2021-09-12 19:00:00,2021-09-12,19,7,22,23,23,24,23,0,23.2,78,1.3,0.0,1.5,167.2,False,139,1,False
2021-09-12 20:00:00,2021-09-12,20,7,23,23,24,23,23,0,22.6,81,1.1,0.0,1.5,167.2,False,139,1,False
2021-09-12 21:00:00,2021-09-12,21,7,23,24,25,28,25,0,22.5,84,1.3,0.0,1.5,167.2,False,139,1,False
2021-09-12 22:00:00,2021-09-12,22,7,22,24,23,23,23,0,22.3,85,1.8,0.0,1.5,167.2,False,139,1,False
2021-09-12 23:00:00,2021-09-12,23,7,24,22,22,23,23,0,22.3,85,1.4,0.0,1.5,167.2,False,139,1,False
2021-09-13 00:00:00,2021-09-13,0,1,23,23,22,23,23,0,22.2,86,1.2,0.0,1.5,167.2,False,140,1,False
2021-09-13 01:00:00,2021-09-13,1,1,22,22,23,23,23,0,22.3,89,1.3,0.0,1.5,167.2,False,140,1,False
2021-09-13 02:00:00,2021-09-13,2,1,23,23,22,23,23,0,22.2,90,1.4,0.0,1.5,167.2,False,140,1,False
2021-09-13 03:00:00,2021-09-13,3,1,23,23,23,25,24,0,22.4,89,1.7,0.0,1.5,167.2,False,140,1,False
2021-09-13 04:00:00,2021-09-13,4,1,28,23,23,23,24,0,22.6,86,2.5,0.0,1.5,167.2,False,140,1,False
2021-09-13 05:00:00,2021-09-13,5,1,23,23,23,22,23,0,22.5,86,1.6,0.0,1.5,167.2,False,140,1,False
2021-09-13 06:00:00,2021-09-13,6,1,23,23,22,24,23,0,22.6,84,1.8,0.0,1.5,167.2,False,140,1,False
2021-09-13 07:00:00,2021-09-13,7,1,24,40,78,111,63,196,23.3,80,2.2,0.0,1.5,167.2,False,140,1,False
2021-09-13 08:00:00,2021-09-13,8,1,166,186,191,196,185,630,23.6,78,2.7,0.0,1.5,167.2,False,140,1,False
2021-09-13 09:00:00,2021-09-13,9,1,187,188,182,173,183,1043,24.4,75,2.9,0.0,1.0,167.2,False,140,1,False
2021-09-13 10:00:00,2021-09-13,10,1,156,186,189,177,177,1924,23.9,75,3.2,0.0,1.0,167.2,False,140,1,False
2021-09-13 11:00:00,2021-09-13,11,1,178,177,181,191,182,946,24.3,72,3.7,0.0,1.0,167.2,False,140,1,False
2021-09-13 12:00:00,2021-09-13,12,1,130,106,103,129,117,20,24.3,72,2.8,0.0,1.0,167.2,False,140,1,False
2021-09-13 13:00:00,2021-09-13,13,1,173,183,191,188,184,1996,24.6,72,2.2,0.0,1.0,167.2,False,140,1,False
2021-09-13 14:00:00,2021-09-13,14,1,177,182,178,182,180,1018,24.2,71,2.6,0.0,1.0,167.2,False,140,1,False
2021-09-13 15:00:00,2021-09-13,15,1,158,177,169,166,168,1138,23.7,74,3.1,0.0,1.0,167.2,False,140,1,False
2021-09-13 16:00:00,2021-09-13,16,1,167,167,182,182,175,982,23.4,74,1.7,0.0,1.0,167.2,False,140,1,False
2021-09-13 17:00:00,2021-09-13,17,1,122,98,149,160,132,435,22.7,76,2.2,0.0,1.0,167.2,False,140,1,False
2021-09-13 18:00:00,2021-09-13,18,1,162,146,135,136,145,584,22.4,78,1.6,0.0,1.5,167.2,False,140,1,False
2021-09-13 19:00:00,2021-09-13,19,1,162,160,148,122,148,2820,22.3,78,2.1,0.0,1.5,167.2,False,140,1,False
2021-09-13 20:00:00,2021-09-13,20,1,113,122,122,126,121,14,22.2,78,1.3,0.0,1.5,167.2,False,140,1,False
2021-09-13 21:00:00,2021-09-13,21,1,122,131,122,115,123,72,21.9,77,1.9,0.0,1.5,167.2,False,140,1,False
2021-09-13 22:00:00,2021-09-13,22,1,97,108,122,113,110,11,21.7,77,1.4,0.0,1.5,167.2,False,140,1,False
2021-09-13 23:00:00,2021-09-13,23,1,111,123,110,87,108,345,21.4,80,1.4,0.0,1.5,167.2,False,140,1,False
2021-09-14 00:00:00,2021-09-14,0,2,72,70,70,67,70,128,21.9,80,1.6,0.0,1.5,167.2,False,141,1,False
2021-09-14 01:00:00,2021-09-14,1,2,98,116,113,113,110,45,21.8,81,1.5,0.0,1.5,167.2,False,141,1,False
2021-09-14 02:00:00,2021-09-14,2,2,115,111,110,110,112,479,22.2,80,2.0,0.0,1.5,167.2,False,141,1,False
2021-09-14 03:00:00,2021-09-14,3,2,97,105,103,114,105,93,22.5,81,2.6,0.0,1.5,167.2,False,141,1,False
2021-09-14 04:00:00,2021-09-14,4,2,114,115,110,105,111,255,21.1,94,1.9,0.0,1.5,167.2,False,141,1,False
2021-09-14 05:00:00,2021-09-14,5,2,84,74,100,115,93,76,21.5,85,3.1,0.0,1.5,167.2,False,141,1,False
2021-09-14 06:00:00,2021-09-14,6,2,111,109,100,112,108,1228,21.3,85,2.8,0.0,1.5,167.2,False,141,1,False
2021-09-14 07:00:00,2021-09-14,7,2,115,134,155,156,140,1110,21.7,83,3.3,0.0,1.5,167.2,False,141,1,False
2021-09-14 08:00:00,2021-09-14,8,2,162,176,184,172,174,432,21.8,81,2.9,0.0,1.5,167.2,False,141,1,False
2021-09-14 09:00:00,2021-09-14,9,2,162,160,163,178,166,1672,21.3,95,2.9,0.0,1.0,167.2,False,141,1,False
2021-09-14 10:00:00,2021-09-14,10,2,143,155,161,150,152,840,21.2,98,2.9,2.1,1.0,167.2,False,141,1,False
2021-09-14 11:00:00,2021-09-14,11,2,155,164,180,180,170,2099,21.5,98,3.3,4.0,1.0,167.2,False,141,1,False
2021-09-14 12:00:00,2021-09-14,12,2,135,111,103,123,118,2791,21.0,98,2.8,6.2,1.0,167.2,False,141,1,False
2021-09-14 13:00:00,2021-09-14,13,2,149,165,165,173,163,1109,21.3,97,2.5,7.1,1.0,167.2,False,141,1,False
2021-09-14 14:00:00,2021-09-14,14,2,161,162,154,156,158,1023,21.5,92,2.9,7.2,1.0,167.2,False,141,1,False
2021-09-14 15:00:00,2021-09-14,15,2,132,169,175,168,161,1178,20.6,98,1.5,8.6,1.0,167.2,False,141,1,False
2021-09-14 16:00:00,2021-09-14,16,2,164,165,156,153,160,1395,21.7,95,2.5,9.1,1.0,167.2,False,141,1,False
2021-09-14 17:00:00,2021-09-14,17,2,117,94,133,146,123,230,21.8,91,2.8,9.1,1.0,167.2,False,141,1,False
2021-09-14 18:00:00,2021-09-14,18,2,158,164,147,163,158,973,20.9,94,3.5,9.1,1.5,167.2,False,141,1,False
2021-09-14 19:00:00,2021-09-14,19,2,152,151,171,139,153,1497,21.7,85,3.6,9.4,1.5,167.2,False,141,1,False
2021-09-14 20:00:00,2021-09-14,20,2,124,130,128,130,128,45,22.2,78,4.2,9.4,1.5,167.2,False,141,1,False
2021-09-14 21:00:00,2021-09-14,21,2,134,130,125,124,128,149,22.2,76,4.3,9.4,1.5,167.2,False,141,1,False
2021-09-14 22:00:00,2021-09-14,22,2,100,109,120,114,111,66,22.0,79,2.5,9.4,1.5,167.2,False,141,1,False
2021-09-14 23:00:00,2021-09-14,23,2,117,119,112,91,110,405,22.0,79,2.5,9.4,1.5,167.2,False,141,1,False
